"","country","year","low","high","total","country_code","gdp","cd_low","cd_high","cd_total","deposit_interest_rate","treasury_bill_rate","tax_gdp","eci","eci_2","uncertainty","monetary_freedom","business_freedom","property_rights","investment_freedom","financial_freedom","trade_freedom","government_integrity","judicial_effectiveness","overall_score","tax_burden","government_spending","fiscal_health","labor_freedom","crime","urban_pop_growth"
"1","Argentina",2012,2.344e+11,NA,2.3441e+11,"ARG",2.64e+12,0.0887878787878788,NA,0.0887916666666667,12.02349546,NA,12.95284151,-0.148047,0.137046,0.323742725,60.7,61,20,40,30,67.6,29,NA,48,65.5,56.9,NA,48.9,NA,1.280773703
"2","Argentina",2013,2.8628e+11,NA,2.8628e+11,"ARG",3.35e+12,0.0854567164179104,NA,0.0854567164179104,14.85445459,NA,12.45290276,-0.496513,-0.099565,0.3264396,60.4,60.1,15,40,30,67.6,30,NA,46.7,64.3,52.1,NA,47.4,NA,1.25948243
"3","Argentina",2014,3.5567e+11,NA,3.5567e+11,"ARG",4.58e+12,0.0776572052401747,NA,0.0776572052401747,20.41768368,NA,12.61096661,-0.502072,-0.130401,0.296355175,60,53.9,15,30,30,68.9,29.5,NA,44.6,63.5,49.9,NA,44.9,7.5,1.239638679
"4","Argentina",2015,4.7547e+11,NA,4.7547e+11,"ARG",5.95e+12,0.0799109243697479,NA,0.0799109243697479,21.16914854,NA,12.33650694,0.462111,-0.188967,0.36072255,59.6,52.8,15,30,30,68.8,34,NA,44.1,66.8,41.2,NA,43.3,6.5,1.215797063
"5","Argentina",2016,4.6025e+11,1.3084e+11,5.9108e+11,"ARG",8.23e+12,0.0559234507897934,0.0158979343863913,0.071820170109356,24.27996214,NA,12.09728364,0.360496,NA,0.15035685,44,56,15,30,30,67.4,34,NA,43.8,66.1,51.3,NA,43.9,6,1.192602919
"6","Argentina",2017,4.8356e+11,2.9937e+11,7.8291e+11,"ARG",1.06e+13,0.0456188679245283,0.0282424528301887,0.0738594339622641,18.99974256,NA,10.95550149,0.232335,NA,0.189007825,50.9,57.3,32.4,50,50,66.7,38.2,39.6,50.4,62.6,54.6,56.4,46.1,5.1,1.170195959
"7","Argentina",2018,3.6383e+11,4.9136e+11,8.5519e+11,"ARG",1.46e+13,0.0249198630136986,0.0336547945205479,0.0585746575342466,25.10991706,NA,NA,NA,NA,0.3995834,51.3,56.2,40.8,55,60,70.3,32.6,44.5,52.3,65.7,55.6,52.6,43.3,NA,1.147602159
"8","Australia",2012,5.39e+09,5.358e+10,5.897e+10,"AUS",1.5e+12,0.00359333333333333,0.03572,0.0393133333333333,3.916666667,3.4935,21.19859309,-0.528256,0.105864,0.132407025,84.5,91.9,90,80,90,86.2,87,NA,83.1,63.4,67.1,NA,90.6,1.1,1.865330137
"9","Australia",2013,5.51e+09,5.752e+10,6.303e+10,"AUS",1.54e+12,0.00357792207792208,0.0373506493506493,0.0409285714285714,3.25,2.8281,22.02482967,-0.816851,-0.077673,0.034845475,83.8,95.5,90,80,90,86.2,88,NA,82.6,66.4,62.8,NA,83.5,1.1,1.838175799
"10","Australia",2014,5.48e+09,6.136e+10,6.684e+10,"AUS",1.6e+12,0.003425,0.03835,0.041775,2.904166667,NA,21.98970304,-0.846322,-0.09589,0.1185409,80.5,94.6,90,85,90,86.4,87.7,NA,82,64.2,62.6,NA,79.2,1,1.608455102
"11","Australia",2015,5.56e+09,6.637e+10,7.193e+10,"AUS",1.62e+12,0.0034320987654321,0.0409691358024691,0.0444012345679012,2.304166667,NA,22.002263,0.0971997,-0.11783,0.1742644,85.3,94.1,90,80,90,86.4,81,NA,81.4,63.7,61.8,NA,81.6,1,1.554800599
"12","Australia",2016,5.86e+09,6.999e+10,7.585e+10,"AUS",1.66e+12,0.00353012048192771,0.0421626506024096,0.0456927710843374,2.141666667,NA,22.25264793,0.146237,NA,0.2490718,85.2,89.4,90,80,90,86.4,80,NA,80.3,63.2,62,NA,77.2,0.9,1.677390128
"13","Australia",2017,6.09e+09,7.21e+10,7.819e+10,"AUS",1.76e+12,0.00346022727272727,0.0409659090909091,0.0444261363636364,2.008333333,NA,22.08996028,0.0863035,NA,0.307399925,86.4,89.3,81.7,80,90,86.2,74.8,92.9,81,63.2,59,84.6,84.1,0.8,1.805663698
"14","Australia",2018,6.06e+09,7.508e+10,8.114e+10,"AUS",1.85e+12,0.00327567567567568,0.0405837837837838,0.0438594594594595,1.979166667,NA,NA,NA,NA,0.172188025,87.4,89.1,78.7,80,90,86.2,77.4,93.4,80.9,63,61.2,84.3,79.7,NA,1.700488764
"15","Brazil",2012,1.2106e+11,6.154e+10,1.8261e+11,"BRA",4.81e+12,0.0251683991683992,0.0127941787941788,0.037964656964657,7.907466502,8.0674,13.65145753,0.161553,0.532894,0.2037661,75.8,53.7,50,50,60,69.7,37,NA,57.9,69.1,54.8,NA,59.1,26.5,1.237964376
"16","Brazil",2013,1.299e+11,6.879e+10,1.9869e+11,"BRA",5.33e+12,0.0243714821763602,0.012906191369606,0.0372776735459662,7.807103787,8.9895,13.44169278,0.032264,0.374105,0.42892435,74.4,53,50,50,60,69.7,38,NA,57.7,70.3,54.8,NA,57.2,26.8,1.209813506
"17","Brazil",2014,1.3554e+11,7.963e+10,2.1516e+11,"BRA",5.78e+12,0.0234498269896194,0.0137768166089965,0.0372249134948097,10.0236351,11.5403,12.76168468,-0.151225,0.351105,0.253388075,69.9,53.8,50,55,60,69.3,37.9,NA,56.9,68.8,54.1,NA,49.8,28.6,1.187365819
"18","Brazil",2015,1.3493e+11,8.461e+10,2.1953e+11,"BRA",6e+12,0.0224883333333333,0.0141016666666667,0.0365883333333333,12.62245884,14.16,12.82486326,0.696066,0.361846,0.42977295,69.4,53.6,50,50,60,69.6,42,NA,56.6,68.4,50.9,NA,52.1,28.4,1.163497385
"19","Brazil",2016,1.3638e+11,8.956e+10,2.2594e+11,"BRA",6.27e+12,0.0217511961722488,0.0142838915470494,0.0360350877192982,12.44576438,13.4621,12.77294815,0.648284,NA,0.494839125,64.2,61.4,45,55,50,69.4,43,NA,56.5,69.7,55.2,NA,52.5,29.7,1.140373594
"20","Brazil",2017,1.3898e+11,1.0488e+11,2.4386e+11,"BRA",6.55e+12,0.021218320610687,0.016012213740458,0.037230534351145,8.513533199,9.0574,12.70473972,0.608252,NA,0.7045865,67,61.3,55,50,50,69.4,33.4,49.7,52.9,70.1,53.1,22.8,52.3,30.5,1.116980346
"21","Brazil",2018,1.3584e+11,1.2234e+11,2.5818e+11,"BRA",6.83e+12,0.0198887262079063,0.0179121522693997,0.037800878477306,6.872158913,7.3093,NA,NA,NA,1.090200375,71.4,58.6,55.8,50,50,68.5,31.4,55.5,51.4,70.6,50.7,7.7,46.8,NA,1.084638132
"22","Canada",2012,1.989e+10,4.378e+10,6.367e+10,"CAN",1.82e+12,0.0109285714285714,0.0240549450549451,0.0349835164835165,0.483333333,0.9725,11.69256444,0.534847,0.834961,0.2497415,77.3,96.6,90,75,80,87.9,89,NA,79.9,79.2,41.7,NA,81.8,1.6,1.136362333
"23","Canada",2013,1.995e+10,4.664e+10,6.659e+10,"CAN",1.9e+12,0.0105,0.0245473684210526,0.0350473684210526,0.55,0.9692,11.65239901,0.421886,0.740106,0.087607525,75.2,91.7,90,75,80,88.2,87,NA,79.4,79.8,44.8,NA,82.3,1.4,1.107109995
"24","Canada",2014,2.063e+10,4.937e+10,7e+10,"CAN",1.99e+12,0.0103668341708543,0.0248090452261307,0.0351758793969849,0.55,0.9108,11.83636656,0.411362,0.695561,0.0301988,76.3,89.3,90,80,80,88.3,87.7,NA,80.2,79.7,47.3,NA,83.1,1.5,1.05460142
"25","Canada",2015,2.164e+10,5.384e+10,7.548e+10,"CAN",1.99e+12,0.0108743718592965,0.0270552763819095,0.037929648241206,0.075,0.5033,12.41860444,1.12953,0.682508,0.19253435,77.9,89,90,80,80,88.4,81,NA,79.1,79.9,48.3,NA,76.1,1.7,0.796807975
"26","Canada",2016,2.245e+10,5.803e+10,8.048e+10,"CAN",2.02e+12,0.0111138613861386,0.0287277227722772,0.0398415841584158,0.1,0.5,12.45503562,1.08422,NA,0.131292525,76.9,81.8,90,80,80,87,81,NA,78,80,50.4,NA,72.6,1.7,1.182792155
"27","Canada",2017,2.316e+10,6.269e+10,8.585e+10,"CAN",2.14e+12,0.0108224299065421,0.0292943925233645,0.0401168224299065,0.1,0.5167,12.52123949,1.05671,NA,0.236811675,77.8,81.9,88.3,80,80,88.4,81.6,80.8,78.5,77.4,52.3,80.3,73.1,1.8,1.247407091
"28","Canada",2018,2.299e+10,6.719e+10,9.018e+10,"CAN",2.22e+12,0.0103558558558559,0.0302657657657658,0.0406216216216216,NA,NA,12.85025513,NA,NA,0.19752335,77.5,81.8,87.5,80,80,88.1,78.3,77.1,77.7,76.7,52.3,81.2,71.3,NA,1.484202357
"29","Euro Area",2012,8.955e+10,8.2305e+11,9.1259e+11,"EMU",9.83e+12,0.00910986775178027,0.0837283825025432,0.0928372329603255,NA,NA,18.49257414,1.11617033333333,NA,0.371609704166667,81.0210526315789,80.7947368421053,72.6315789473684,78.4210526315789,68.4210526315789,86.3157894736842,64.2631578947368,NA,NA,NA,NA,NA,NA,1.1,0.505410197
"30","Euro Area",2013,9.17e+10,8.6449e+11,9.5618e+11,"EMU",9.93e+12,0.00923464249748238,0.0870584088620342,0.0962920443101712,NA,NA,18.95858735,1.03991966666667,NA,0.250195645833333,79.7578947368421,79.9684210526316,72.6315789473684,80.5263157894737,67.3684210526316,86.0105263157895,63.8947368421053,NA,NA,NA,NA,NA,NA,NA,0.61220184
"31","Euro Area",2014,9.569e+10,9.2085e+11,1.01654e+12,"EMU",1.02e+13,0.00938137254901961,0.0902794117647059,0.0996607843137255,NA,NA,18.99756216,1.01845166666667,NA,0.203905258333333,79.0105263157895,80.478947368421,72.8947368421053,81.3157894736842,66.8421052631579,87.0105263157895,63.9842105263158,NA,NA,NA,NA,NA,NA,1,0.608147189
"32","Euro Area",2015,1.0088e+11,9.8255e+11,1.08343e+12,"EMU",1.05e+13,0.00960761904761905,0.0935761904761905,0.10318380952381,NA,NA,18.91659131,1.15864907142857,NA,0.2298329375,80.6473684210526,79.8631578947368,72.8947368421053,81.8421052631579,66.8421052631579,87.4736842105263,64.3157894736842,NA,NA,NA,NA,NA,NA,1,0.594090317
"33","Euro Area",2016,1.0475e+11,1.02148e+12,1.12622e+12,"EMU",1.08e+13,0.00969907407407407,0.0945814814814815,0.10427962962963,NA,NA,18.79257805,1.14949407142857,NA,0.3215066375,83.1,78.2473684210526,72.8947368421053,81.8421052631579,66.8421052631579,87.4736842105263,65.3157894736842,NA,NA,NA,NA,NA,NA,NA,0.601111868
"34","Euro Area",2017,1.1095e+11,1.05978e+12,1.17073e+12,"EMU",1.12e+13,0.00990625,0.0946232142857143,0.104529464285714,NA,NA,18.99061311,1.15211821428571,NA,0.352285308333333,84.8631578947368,76.8368421052632,77.5631578947368,80.2631578947368,65.7894736842105,86.4736842105263,65.0473684210526,66.6894736842105,NA,NA,NA,NA,NA,NA,0.442821235
"35","Euro Area",2018,1.1639e+11,1.11475e+12,1.23113e+12,"EMU",1.15e+13,0.0101208695652174,0.0969347826086956,0.107054782608696,NA,NA,NA,NA,NA,0.235942725,85.0631578947368,76.3947368421053,76.2842105263158,81.3157894736842,66.3157894736842,86.3736842105263,60.9684210526316,68.0157894736842,NA,NA,NA,NA,NA,NA,0.470838245
"36","Hong Kong",2012,5.1719e+10,2.43458e+11,2.95177e+11,"HKG",2.04e+12,0.0253524509803922,0.119342156862745,0.144694607843137,0.01,0.1208,NA,1.09895,1.33828,0.167178975,85.8,98.9,90,90,90,90,84,NA,89.9,93.1,91,NA,86.5,0.4,1.103957997
"37","Hong Kong",2013,5.6561e+10,2.76571e+11,3.33132e+11,"HKG",2.14e+12,0.0264303738317757,0.129238785046729,0.155669158878505,0.01,0.1175,NA,1.26313,1.41668,0.109808875,82.1,98.9,90,90,90,90,84,NA,89.3,92.9,88.9,NA,86.2,0.9,0.401982536
"38","Hong Kong",2014,6.0563e+10,2.85548e+11,3.46111e+11,"HKG",2.26e+12,0.0267977876106195,0.126348672566372,0.153146460176991,0.01,0.0817,NA,1.35236,1.44879,0.04052145,82,98.9,90,90,90,90,82.3,NA,90.1,93,89.7,NA,95.5,0.4,0.702370951
"39","Hong Kong",2015,6.2949e+10,3.01254e+11,3.64203e+11,"HKG",2.4e+12,0.02622875,0.1255225,0.15175125,0.01,0.0083,NA,0.426902,1.46031,0.0705611,81.8,100,90,90,90,90,75,NA,89.6,93.2,89.7,NA,95.9,0.3,0.851197911
"40","Hong Kong",2016,6.8497e+10,3.43665e+11,4.12162e+11,"HKG",2.49e+12,0.0275088353413655,0.138018072289157,0.165526907630522,0.01,0.2458,NA,0.520167,NA,0.0637433,81.8,97.4,90,90,90,90,74,NA,88.6,92.6,90.7,NA,89,0.4,0.619366345
"41","Hong Kong",2017,7.1201e+10,3.88791e+11,4.59992e+11,"HKG",2.66e+12,0.0267672932330827,0.146162030075188,0.172929323308271,0.01,0.4933,NA,0.594188,NA,0,83.2,94.6,93.7,90,90,90,80.3,84,89.8,93,90,100,89.1,0.3,0.748222905
"42","Hong Kong",2018,7.6126e+10,4.1219e+11,4.88316e+11,"HKG",2.85e+12,0.0267108771929825,0.144628070175439,0.171338947368421,0.044166667,1.3167,NA,NA,NA,0.021175675,84.3,96.3,92.5,90,90,90,82.8,84.3,90.2,93.1,90.2,100,89.4,NA,0.799050247
"43","India",2012,1.9917e+12,9.6585e+12,1.16502e+13,"IND",9.94e+13,0.0200372233400402,0.0971680080482897,0.11720523138833,NA,NA,10.83677172,0.144541,0.731385,0.109609975,62.9,35.5,50,35,40,64.1,33,NA,54.6,76.1,74.8,NA,74.2,3.8,2.369769079
"44","India",2013,2.04969e+12,1.078385e+13,1.283354e+13,"IND",1.12e+14,0.0183008035714286,0.096284375,0.114585178571429,NA,NA,11.00162569,-0.134587,0.718199,0.1232374,65.3,37.3,50,35,40,63.6,31,NA,55.2,78.3,77.9,NA,73.6,3.6,2.342731786
"45","India",2014,2.11559e+12,1.217636e+13,1.429195e+13,"IND",1.25e+14,0.01692472,0.09741088,0.1143356,NA,NA,9.984654191,-0.014696,0.851584,0.177005125,65.5,37.7,50,35,40,65.6,31.5,NA,55.7,79.4,77.8,NA,74,3.7,2.329106445
"46","India",2015,2.23937e+12,1.417943e+13,1.64188e+13,"IND",1.38e+14,0.0162273188405797,0.102749492753623,0.118976811594203,NA,NA,10.56970905,0.254162,0.847024,0.211966625,65.3,43.3,55,35,40,64.6,36,NA,54.6,79.4,78.3,NA,48.7,3.4,2.322890672
"47","India",2016,3.50428e+12,9.60086e+12,1.310514e+13,"IND",1.54e+14,0.0227550649350649,0.0623432467532468,0.0850983116883117,NA,NA,11.08709284,0.31413,NA,0.2294124,72.8,47.6,55,35,40,71,38,NA,56.2,77.1,78.1,NA,47.8,3.2,2.317931183
"48","India",2017,3.14317e+12,1.489734e+13,1.804051e+13,"IND",1.71e+14,0.0183811111111111,0.0871189473684211,0.105500058479532,NA,NA,11.18207933,0.359807,NA,0.11002905,75,52.8,55.4,40,40,72.6,44.3,44.4,52.6,77.2,77.4,11,41.6,NA,2.314448126
"49","India",2018,2.97161e+12,1.81409e+13,2.111251e+13,"IND",1.91e+14,0.015558167539267,0.0949785340314136,0.110536701570681,NA,NA,NA,NA,NA,0.0749889,75.9,56.4,55.4,40,40,72.4,47.2,54.3,54.5,79.4,77.7,13.2,41.8,NA,2.308965478
"50","Indonesia",2012,3.623e+13,3.9907e+14,4.353e+14,"IDN",8.62e+15,0.0042030162412993,0.0462958236658933,0.0504988399071926,5.946666667,NA,11.38058994,-0.087123,0.522153,0.32225955,75.2,54.6,30,35,40,73.9,28,NA,56.4,83.5,91.6,NA,52.1,0.6,2.688897234
"51","Indonesia",2013,3.812e+13,4.5672e+14,4.9484e+14,"IDN",9.55e+15,0.00399162303664921,0.0478240837696335,0.0518157068062827,6.264166667,NA,11.28530146,-0.160233,0.437969,0.09163945,75.5,50.2,30,35,50,75,30,NA,56.9,83.4,89.2,NA,50.8,0.5,2.656436992
"52","Indonesia",2014,4.179e+13,4.8086e+14,5.2264e+14,"IDN",1.06e+16,0.00394245283018868,0.0453641509433962,0.0493056603773585,8.7525,NA,10.83552375,-0.102013,0.51172,0.164782925,76.4,54.8,30,40,60,74.8,28,NA,58.5,83.4,89.8,NA,47.8,0.5,2.611210676
"53","Indonesia",2015,4.49e+13,5.3518e+14,5.8008e+14,"IDN",1.15e+16,0.00390434782608696,0.0465373913043478,0.0504417391304348,8.336666667,NA,10.75348778,-0.382548,0.52896,0.1107355,74.9,49.3,30,40,60,74.8,32,NA,58.1,83.3,88.3,NA,48.7,0.6,2.547356187
"54","Indonesia",2016,4.838e+13,5.5653e+14,6.0491e+14,"IDN",1.24e+16,0.00390161290322581,0.0448814516129032,0.048783064516129,7.165893568,NA,10.3363487,-0.359668,NA,0.129507475,74.3,54,30,40,60,80.4,34,NA,59.4,83.4,89,NA,49.3,0.5,2.479777584
"55","Indonesia",2017,5.178e+13,6.3459e+14,6.8637e+14,"IDN",1.36e+16,0.00380735294117647,0.0466610294117647,0.0504683823529412,6.518333333,NA,9.879192687,-0.305644,NA,0.036368925,74,49.1,48.3,35,60,80.5,44.7,39.3,61.9,83.6,89.9,90.1,48.9,0.4,2.408459094
"56","Indonesia",2018,5.49e+13,6.8495e+14,7.3984e+14,"IDN",1.48e+16,0.00370945945945946,0.0462804054054054,0.0499891891891892,6.129166667,NA,NA,NA,NA,0.01740825,81.6,57.3,49.3,40,60,80.5,42.8,45.2,64.2,83.7,90.7,89.4,50.3,NA,2.344869515
"57","Japan",2012,4.2e+12,8.229e+13,8.665e+13,"JPN",4.95e+14,0.00848484848484849,0.166242424242424,0.175050505050505,0.478,0.0994,9.682412944,2.32408,1.64405,0.33063635,88.9,81.8,80,60,50,81.8,78,NA,71.6,67.1,47,NA,81.4,0.3,-0.073000997
"58","Japan",2013,4.28e+12,8.571e+13,9.014e+13,"JPN",5.03e+14,0.00850894632206759,0.170397614314115,0.179204771371769,0.542166667,0.0736,10.36061765,2.37352,1.74701,0.15409045,90.6,81.3,80,60,50,81.8,80,NA,71.8,69.2,45,NA,80.3,0.3,-0.05873318
"59","Japan",2014,4.31e+12,8.862e+13,9.308e+13,"JPN",5.14e+14,0.0083852140077821,0.172412451361868,0.181089494163424,0.41525,0.0255,11.46920658,2.31842,1.65392,0.122302925,87.5,80,80,70,50,82.4,77.8,NA,72.4,69.2,47.1,NA,79.8,0.3,-0.047229106
"60","Japan",2015,4.35e+12,9.393e+13,9.843e+13,"JPN",5.31e+14,0.00819209039548023,0.176892655367232,0.185367231638418,0.40625,-0.0122,11.42357202,2.29751,1.62512,0.1378596,86.7,84.1,80,70,50,82.6,74,NA,73.3,68.7,47.1,NA,90.2,0.3,-0.021827026
"61","Japan",2016,4.42e+12,9.789e+13,1.0246e+14,"JPN",5.36e+14,0.00824626865671642,0.182630597014925,0.19115671641791,0.300416667,-0.2279,11.15496587,2.27406,NA,0.16174185,81.2,82.5,80,70,60,82.6,76,NA,73.1,68.5,46.2,NA,83.9,0.3,-0.032150224
"62","Japan",2017,4.5e+12,1.0207e+14,1.0672e+14,"JPN",5.45e+14,0.00825688073394495,0.187284403669725,0.195816513761468,0.320666667,-0.2077,11.64194651,2.30938,NA,0.05324235,83,82.3,89.4,70,60,82.6,86.1,73.8,69.6,68.5,52.3,9.5,77.5,0.2,-0.079234712
"63","Japan",2018,4.6e+12,1.0563e+14,1.1036e+14,"JPN",5.49e+14,0.00837887067395264,0.192404371584699,0.201020036429872,NA,NA,NA,NA,NA,0.08460965,85.4,81.7,86,70,60,82.3,79.2,73.2,72.3,67.4,54.1,49.3,79.2,NA,-0.11421871
"64","Korea, Rep.",2012,1.94e+13,3.277e+13,5.218e+13,"KOR",1.38e+15,0.0140579710144928,0.0237463768115942,0.0378115942028985,3.700833333,NA,14.7179218,1.64658,1.40234,0.485748825,78.9,93.6,70,70,70,72.6,54,NA,69.9,72.8,67.2,NA,49.7,0.9,0.437788266
"65","Korea, Rep.",2013,2.044e+13,4.068e+13,6.114e+13,"KOR",1.43e+15,0.0142937062937063,0.0284475524475524,0.0427552447552448,2.890833333,NA,14.31121469,1.82762,1.45373,0.0781367,77.9,93.6,70,70,70,72.6,54,NA,70.3,73,72.8,NA,48.7,0.7,0.367213427
"66","Korea, Rep.",2014,2.063e+13,5.2e+13,7.264e+13,"KOR",1.49e+15,0.0138456375838926,0.0348993288590604,0.048751677852349,2.535833333,NA,13.92590169,1.90646,1.41554,0.30506395,79.6,92.8,70,70,80,72.6,54,NA,71.2,72.6,72.6,NA,47.8,0.7,0.540070703
"67","Korea, Rep.",2015,2.003e+13,6.432e+13,8.436e+13,"KOR",1.56e+15,0.0128397435897436,0.0412307692307692,0.0540769230769231,1.809166667,NA,13.94804577,1.65462,1.41318,0.131674675,81.6,89.7,75,70,80,72.6,55,NA,71.5,72.5,67.9,NA,51.1,0.7,0.437904533
"68","Korea, Rep.",2016,1.912e+13,7.578e+13,9.491e+13,"KOR",1.64e+15,0.0116585365853659,0.0462073170731707,0.0578719512195122,1.5575,NA,14.82501283,1.69142,NA,0.0699741,82.6,91.1,70,70,80,74.6,55,NA,71.7,73.8,69.7,NA,50.6,0.7,0.363081275
"69","Korea, Rep.",2017,1.882e+13,8.658e+13,1.0542e+14,"KOR",1.73e+15,0.010878612716763,0.0500462427745665,0.0609364161849711,1.67,NA,15.37580886,1.77613,NA,0.06248165,84,90.6,77.8,65,70,79.5,67.3,59.9,74.3,73.7,68.9,97.4,57,0.6,0.356980827
"70","Korea, Rep.",2018,1.814e+13,9.473e+13,1.1288e+14,"KOR",1.78e+15,0.0101910112359551,0.0532191011235955,0.0634157303370786,2.025833333,NA,NA,NA,NA,0.09379905,83.9,90.7,79.4,70,70,80.4,49.9,63.7,73.8,73.3,68.8,97,58.7,NA,0.273938169
"71","Mexico",2012,2.3898e+11,5.7526e+11,8.1437e+11,"MEX",1.58e+13,0.0151253164556962,0.0364088607594937,0.0515424050632911,1.081666667,4.2375,9.773015605,0.954246,1.07083,0.2817539,76.5,82,50,60,60,72.9,31,NA,65.3,80.7,78.3,NA,61.3,21.5,1.730969794
"72","Mexico",2013,2.5162e+11,6.3364e+11,8.8539e+11,"MEX",1.63e+13,0.0154368098159509,0.0388736196319018,0.0543184049079755,1.331666667,3.7533,10.29457862,0.846744,1.02535,0.2250533,77.7,81.4,50,70,60,80.6,30,NA,67,81.1,79.4,NA,59.7,18.8,1.689835569
"73","Mexico",2014,2.5874e+11,7.6837e+11,1.02723e+12,"MEX",1.75e+13,0.0147851428571429,0.0439068571428571,0.0586988571428571,0.84,2.9992,10.63196811,0.953003,1.0197,0.1322813,77.4,76.8,50,70,60,85.6,29.7,NA,66.8,80.9,78.9,NA,58.3,16.1,1.650555763
"74","Mexico",2015,2.7833e+11,9.217e+11,1.20016e+12,"MEX",1.86e+13,0.0149639784946237,0.0495537634408602,0.0645247311827957,0.589166667,2.9783,12.79662196,1.15387,1.03857,0.182527625,77.6,71.5,50,70,60,85.6,34,NA,66.4,77.8,78,NA,59.9,16.5,1.610149619
"75","Mexico",2016,3.0366e+11,1.07282e+12,1.37662e+12,"MEX",2.01e+13,0.0151074626865672,0.0533741293532338,0.0684885572139304,1.2875,4.1483,13.54268202,1.16038,NA,0.215969625,77.4,70.7,50,70,60,79.2,35,NA,65.2,74.9,76.4,NA,58.2,19.3,1.57086664
"76","Mexico",2017,3.1911e+11,1.17459e+12,1.49384e+12,"MEX",2.19e+13,0.0145712328767123,0.0536342465753425,0.0682118721461187,2.695833333,6.6858,13.04335906,1.09955,NA,0.50434105,78.8,70.7,58.1,70,60,80,30,38.7,63.6,74.9,76.7,66.8,57.9,24.8,1.527731513
"77","Mexico",2018,3.2555e+11,1.29507e+12,1.62076e+12,"MEX",2.35e+13,0.0138531914893617,0.0551093617021277,0.0689685106382979,3.270833333,7.6183,NA,NA,NA,0.6606808,79.2,67.5,58.6,75,60,88,26.9,39,64.8,75.7,78.1,69.8,59.8,NA,1.487619951
"78","Russia",2012,5.9508e+11,7.02115e+12,7.61623e+12,"RUS",6.82e+13,0.00872551319648094,0.102949413489736,0.111674926686217,5.533333333,NA,13.74246826,0.077047,0.574566,0.162395125,66.3,65.1,25,25,40,68.2,21,NA,50.5,82.5,48.6,NA,63.5,11.3,NA
"79","Russia",2013,5.5927e+11,7.6873e+12,8.24657e+12,"RUS",7.31e+13,0.00765075239398085,0.105161422708618,0.112812175102599,5.591666667,NA,12.90728463,0.048022,0.526191,0.1896336,66.7,69.2,25,25,30,77.4,24,NA,51.1,86.9,54.4,NA,52.6,11.2,NA
"80","Russia",2014,5.6706e+11,8.20346e+12,8.77052e+12,"RUS",7.91e+13,0.00716890012642225,0.103709987357775,0.110878887484197,6.041666667,NA,13.25058552,0.008439,0.512588,0.246648975,69.4,70,25,25,30,74.6,22.1,NA,51.9,85.6,61.5,NA,55.8,11.5,NA
"81","Russia",2015,5.0466e+11,7.94371e+12,8.44837e+12,"RUS",8.31e+13,0.00607292418772563,0.0955921780986763,0.101665102286402,9.195833333,NA,10.64121052,0.855036,0.546213,0.2904617,63.9,76.3,20,25,30,75,28,NA,52.1,86.1,57.8,NA,58.9,11.6,NA
"82","Russia",2016,4.6864e+11,8.24445e+12,8.71309e+12,"RUS",8.6e+13,0.0054493023255814,0.0958656976744186,0.101315,6.969166667,NA,9.140619348,0.8547,NA,0.376323825,62.9,72.2,20,25,30,72.4,27,NA,50.6,82.2,56.2,NA,57.6,11,NA
"83","Russia",2017,4.5893e+11,8.993e+12,9.45193e+12,"RUS",9.21e+13,0.00498295331161781,0.0976438653637351,0.102626818675353,5.860833333,NA,10.25956864,0.852045,NA,0.27046025,57.3,74.8,47.6,30,30,75.2,38.2,44.5,57.1,81.8,61.5,93.4,50.8,9.2,NA
"84","Russia",2018,4.5325e+11,9.76714e+12,1.022039e+13,"RUS",1.04e+14,0.00435817307692308,0.0939148076923077,0.0982729807692308,5.364166667,NA,NA,NA,NA,0.300319825,60.8,77,48.7,30,30,79.4,38.1,46.9,58.2,85.8,62.5,87.7,52,NA,NA
"85","Saudi Arabia",2012,8.962e+09,1.43577e+11,1.52539e+11,"SAU",2.76e+12,0.00324710144927536,0.052020652173913,0.0552677536231884,NA,0.3857,2.538420097,-0.07214,0.408675,0.082426575,64.9,87.5,45,40,50,82.3,47,NA,62.5,99.6,37.3,NA,71.1,NA,3.355883039
"86","Saudi Arabia",2013,9.632e+09,1.5646e+11,1.66092e+11,"SAU",2.8e+12,0.00344,0.0558785714285714,0.0593185714285714,NA,0.4899,2.733928686,-0.462099,0.314889,0.050127,65.7,68.2,40,40,50,77.3,44,NA,60.6,99.6,52.2,NA,69.2,NA,3.29760825
"87","Saudi Arabia",2014,1.0639e+10,1.6994e+11,1.80579e+11,"SAU",2.84e+12,0.00374612676056338,0.0598380281690141,0.0635841549295775,NA,0.5158,2.77137882,-0.369927,0.37658,0.058201425,68.7,67.3,40,40,50,74,43.7,NA,62.2,99.7,63.1,NA,75.8,NA,3.101495925
"88","Saudi Arabia",2015,1.1316e+10,1.86262e+11,1.97578e+11,"SAU",2.45e+12,0.00461877551020408,0.076025306122449,0.0806440816326531,NA,0.4663,3.334403723,0.870754,0.367974,0.112986,68.4,65.8,40,40,50,76.4,46,NA,62.1,99.7,61.9,NA,72.7,1.5,2.821620739
"89","Saudi Arabia",2016,1.104e+10,1.88601e+11,1.99641e+11,"SAU",2.42e+12,0.00456198347107438,0.0779342975206612,0.0824962809917355,NA,1.1213,3.389982246,0.819673,NA,0.1051241,69.2,69.9,40,40,50,77.8,49,NA,62.1,99.7,56.8,NA,68.5,NA,2.525103013
"90","Saudi Arabia",2017,1.1629e+10,1.9134e+11,2.02969e+11,"SAU",2.58e+12,0.00450736434108527,0.0741627906976744,0.0786701550387597,NA,1.1469,3.384836237,0.747155,NA,0.25604515,70.1,73.8,62,40,50,78.2,45.9,65,64.4,99.7,54.5,65.7,68.5,1.3,2.268237258
"91","Saudi Arabia",2018,1.1858e+10,1.98459e+11,2.10317e+11,"SAU",2.93e+12,0.00404709897610921,0.0677334470989761,0.0717805460750853,NA,1.548,NA,NA,NA,0.1697326,73.8,74,53.1,40,50,78.2,49.9,60.2,59.6,99.7,52,19.7,64.8,NA,2.064004379
"92","Singapore",2012,3.321e+09,2.4721e+10,2.8042e+10,"SGP",3.69e+11,0.009,0.0669945799457995,0.0759945799457995,0.135833333,0.2742,13.58066874,1.70347,1.31428,0.063908625,84.8,97.2,90,75,70,90,93,NA,87.5,91.3,91.3,NA,92.1,0.2,2.45339033
"93","Singapore",2013,3.503e+09,2.7036e+10,3.0539e+10,"SGP",3.85e+11,0.0090987012987013,0.0702233766233766,0.0793220779220779,0.14,0.2512,13.27125008,1.71717,1.31983,0.043799175,82,97.1,90,75,80,90,92,NA,88,91.1,91.3,NA,91.4,0.3,1.619308099
"94","Singapore",2014,3.687e+09,2.9565e+10,3.3252e+10,"SGP",3.99e+11,0.0092406015037594,0.0740977443609023,0.0833383458646617,0.144166667,NA,13.55655713,1.71171,1.26867,0,81.5,96.8,90,85,80,90,91.9,NA,89.4,91.2,91.2,NA,96.5,0.3,1.298440178
"95","Singapore",2015,4.259e+09,3.2952e+10,3.7211e+10,"SGP",4.23e+11,0.0100685579196217,0.0779007092198582,0.0879692671394799,0.166666667,NA,13.13977453,1.746,1.24691,0.10712785,83.7,96.9,90,85,80,90,86,NA,89.4,91.2,93.8,NA,96.9,0.3,1.186376937
"96","Singapore",2016,4.343e+09,3.689e+10,4.1233e+10,"SGP",4.39e+11,0.00989293849658314,0.0840318906605923,0.0939248291571754,0.19,NA,13.35034682,1.79973,NA,0.0854877,81.8,95,90,85,80,90,84,NA,87.8,91.2,90.1,NA,90.7,0.3,1.297436099
"97","Singapore",2017,4.386e+09,4.0086e+10,4.4472e+10,"SGP",4.67e+11,0.00939186295503212,0.0858372591006424,0.0952291220556745,0.141666667,NA,14.19087441,1.86534,NA,0.105903725,84.3,95.1,97.1,85,80,90,87.9,91.5,88.6,90.5,90.1,80.7,90.8,0.2,0.08859547
"98","Singapore",2018,4.562e+09,4.3075e+10,4.7637e+10,"SGP",4.91e+11,0.00929124236252546,0.0877291242362526,0.097020366598778,0.156666667,NA,NA,NA,NA,0.06388745,85.2,90.9,98.4,85,80,90,91.2,90.9,88.8,90.4,90.6,80,92.6,NA,0.469704299
"99","South Africa",2012,1.3236e+10,9.4357e+10,1.07593e+11,"ZAF",3.25e+12,0.00407261538461538,0.0290329230769231,0.0331055384615385,5.436666667,5.2858,25.58813186,-0.023795,0.348635,0.72272995,75,75.8,50,45,60,76.3,45,NA,62.7,70.7,71.9,NA,57.3,30.6,2.417913703
"100","South Africa",2013,1.3747e+10,1.00495e+11,1.14242e+11,"ZAF",3.54e+12,0.00388333333333333,0.028388418079096,0.0322717514124294,5.1525,5.0783,26.04390961,-0.192079,0.249101,0.5499399,75.8,74.7,50,45,60,76.3,41,NA,61.8,70.5,69.2,NA,55.6,31.7,2.425807019
"101","South Africa",2014,1.4482e+10,1.11767e+11,1.26249e+11,"ZAF",3.81e+12,0.0038010498687664,0.0293351706036745,0.0331362204724409,5.800833333,5.8,26.54119201,-0.204966,0.248038,0.494686575,75.3,74.5,50,55,60,76.1,41.6,NA,62.5,68.7,69.1,NA,54.4,32.6,2.393447247
"102","South Africa",2015,1.4841e+10,1.17731e+11,1.32572e+11,"ZAF",4.05e+12,0.00366444444444444,0.0290693827160494,0.0327338271604938,6.153333333,6.0525,27.3427766,0.303549,0.261409,0.731975,74.9,73,50,50,60,76.6,42,NA,62.6,69.5,68.2,NA,61.6,33.8,2.328062523
"103","South Africa",2016,1.4845e+10,1.2873e+11,1.43576e+11,"ZAF",4.36e+12,0.00340481651376147,0.0295252293577982,0.0329302752293578,7.171666667,7.2292,27.10558769,0.28477,NA,1.2623438,74.6,69.7,50,45,60,77,44,NA,61.9,70.1,69.9,NA,58.7,34,2.253040591
"104","South Africa",2017,1.529e+10,1.35028e+11,1.50319e+11,"ZAF",4.65e+12,0.00328817204301075,0.0290382795698925,0.0323266666666667,7.245833333,7.33,26.96606681,0.268797,NA,1.3428805,75.8,62,67.6,40,50,77.3,47.6,59.7,62.3,70.2,68.4,70,58.9,35.9,2.183711354
"105","South Africa",2018,1.8158e+10,1.42235e+11,1.60393e+11,"ZAF",4.87e+12,0.00372854209445585,0.0292063655030801,0.0329349075975359,6.998333333,7.1567,NA,NA,NA,0.61892955,74.6,65.1,67.7,50,50,71.6,45.4,65.9,63,62.5,68.1,74.6,60.1,NA,2.121665549
"106","Sweden",2012,1.285e+10,7.82e+10,9.105e+10,"SWE",3.69e+12,0.00348238482384824,0.0211924119241192,0.0246747967479675,NA,1.2533,26.04981307,1.75179,1.20199,0.306910625,80.9,94.6,90,90,80,87.1,92,NA,71.7,39.1,8.8,NA,54.6,0.7,1.117727362
"107","Sweden",2013,1.299e+10,6.731e+10,8.03e+10,"SWE",3.77e+12,0.00344562334217507,0.0178541114058355,0.0212997347480106,NA,0.925,26.21171142,1.75214,1.17765,0.23604635,82.1,93.2,90,90,80,86.8,93,NA,72.9,39.6,21,NA,53.6,0.9,1.215745795
"108","Sweden",2014,1.271e+10,6.518e+10,7.789e+10,"SWE",3.94e+12,0.0032258883248731,0.0165431472081218,0.0197690355329949,NA,0.4208,26.27641988,1.6459,1.114,0.419254675,82.5,91.1,90,90,80,87.8,92.3,NA,73.1,42.9,21.4,NA,52.9,0.9,1.353460114
"109","Sweden",2015,1.26e+10,5.559e+10,6.819e+10,"SWE",4.2e+12,0.003,0.0132357142857143,0.0162357142857143,NA,-0.2892,26.97516127,1.92429,1.10674,0.36279995,85.5,87.9,90,90,80,88,89,NA,72.7,43,19.2,NA,54,1.1,1.411616216
"110","Sweden",2016,1.48e+10,4.273e+10,5.753e+10,"SWE",4.39e+12,0.00337129840546697,0.00973348519362187,0.0131047835990888,NA,-0.6558,27.75667159,1.86277,NA,0.342654775,87.1,89.7,90,85,80,88,87,NA,72,44.4,14.9,NA,53.5,1.1,1.601319652
"111","Sweden",2017,1.358e+10,4.163e+10,5.521e+10,"SWE",4.58e+12,0.00296506550218341,0.00908951965065502,0.0120545851528384,NA,-0.6608,27.85329799,1.80773,NA,0.1352895,85.3,90.8,88.6,85,80,87,87.4,82.2,74.9,44.4,21.7,93.4,53.2,1.1,1.685372102
"112","Sweden",2018,1.273e+10,4.641e+10,5.914e+10,"SWE",4.79e+12,0.00265762004175365,0.00968893528183716,0.0123465553235908,NA,NA,NA,NA,NA,0.1456746,83.8,89.3,92.6,85,80,86.9,92.9,88.2,76.3,43.9,23.2,96.1,53.7,NA,1.56636617
"113","Switzerland",2012,2.363e+09,5.9439e+10,6.1802e+10,"CHE",6.26e+11,0.00377476038338658,0.0949504792332268,0.0987252396166134,0.038333333,NA,9.520371529,2.01041,1.40338,0.13808505,84.4,77.9,90,80,80,90,87,NA,81.1,67.9,65.8,NA,87.9,0.6,1.091689113
"114","Switzerland",2013,2.395e+09,6.3371e+10,6.5766e+10,"CHE",6.38e+11,0.00375391849529781,0.0993275862068966,0.103081504702194,0.033333333,NA,9.602815894,2.05181,1.40621,0.200722325,86.2,75.8,90,80,80,90,88,NA,81,68.1,63.8,NA,87.9,0.7,1.178392145
"115","Switzerland",2014,2.461e+09,6.5135e+10,6.7596e+10,"CHE",6.5e+11,0.00378615384615385,0.100207692307692,0.103993846153846,0.029166667,NA,9.401768206,1.99456,1.36414,0.32018265,85.2,75.4,90,85,80,90,88.1,NA,81.6,68.9,65.7,NA,87.4,0.5,1.249960832
"116","Switzerland",2015,2.476e+09,7.0407e+10,7.2883e+10,"CHE",6.54e+11,0.00378593272171254,0.107655963302752,0.111441896024465,-0.1425,NA,9.8416036,2.15805,1.36086,0.570924975,86.3,78.1,90,85,80,90,85,NA,80.5,70.3,65.1,NA,75.3,0.7,1.168186391
"117","Switzerland",2016,2.501e+09,7.5585e+10,7.8086e+10,"CHE",6.6e+11,0.00378939393939394,0.114522727272727,0.118312121212121,-0.200833333,NA,9.747283671,2.22117,NA,0.6721454,87.8,82.2,90,85,80,90,86,NA,81,70.9,66.3,NA,72.1,0.5,1.120513599
"118","Switzerland",2017,2.61e+09,7.9029e+10,8.1639e+10,"CHE",6.69e+11,0.00390134529147982,0.118130044843049,0.122031390134529,-0.271760461,NA,10.4934186,2.24386,NA,0.355586725,84.4,76.8,86.9,85,90,90,80.3,77.6,81.5,70.9,67.5,95.8,72.2,0.5,0.962986439
"119","Switzerland",2018,2.661e+09,7.9578e+10,8.2239e+10,"CHE",6.9e+11,0.00385652173913043,0.115330434782609,0.119186956521739,-0.315815476,NA,NA,NA,NA,0.294608675,85.2,75.7,84.2,85,90,90,82.8,82.1,81.7,70.5,65.4,95.9,73.9,NA,0.811419636
"120","Turkey",2012,1.6698e+10,4.3775e+10,6.0473e+10,"TUR",1.57e+12,0.0106356687898089,0.0278821656050955,0.0385178343949045,16.35166667,NA,18.39275841,0.450234,0.636138,0.47478435,71.9,67.1,50,70,60,85.4,44,NA,62.5,77.7,58.5,NA,40,4.3,2.430864793
"121","Turkey",2013,1.8497e+10,5.6265e+10,7.4762e+10,"TUR",1.81e+12,0.0102193370165746,0.031085635359116,0.0413049723756906,15.76333333,NA,18.53188787,0.287393,0.583639,0.231531175,73.3,68.2,50,65,60,85.2,42,NA,62.9,77,64.9,NA,43.1,NA,2.465113937
"122","Turkey",2014,1.9092e+10,6.5974e+10,8.5066e+10,"TUR",2.04e+12,0.00935882352941176,0.0323401960784314,0.0416990196078431,16.765,NA,18.0698217,0.378481,0.659361,0.392007375,71.8,67.6,50,70,60,84.5,44,NA,64.9,77.5,63.5,NA,59.7,NA,2.45193482
"123","Turkey",2015,2.1144e+10,8.1845e+10,1.02989e+11,"TUR",2.34e+12,0.00903589743589744,0.0349764957264957,0.0440123931623932,14.91666667,NA,18.23818729,0.133999,0.652583,0.72211465,72.4,61,45,75,60,84.6,50,NA,63.2,76.1,57.6,NA,50.2,NA,2.394129797
"124","Turkey",2016,2.3352e+10,9.9599e+10,1.22951e+11,"TUR",2.61e+12,0.00894712643678161,0.0381605363984674,0.047107662835249,14.61,NA,18.32477429,0.150909,NA,0.513119575,71.5,65.4,40,75,60,84.4,45,NA,62.1,75.2,55.6,NA,48.6,NA,2.340230847
"125","Turkey",2017,2.4858e+10,1.0659e+11,1.31448e+11,"TUR",3.11e+12,0.00799292604501608,0.0342733118971061,0.0422662379421222,15.28833333,NA,17.8731079,0.175726,NA,0.373288,72.2,64.3,61.3,75,60,79.4,40.7,52.5,65.2,75.5,57.7,95.7,48.5,NA,2.276646472
"126","Turkey",2018,2.3809e+10,1.08443e+11,1.32252e+11,"TUR",3.7e+12,0.00643486486486486,0.0293089189189189,0.0357437837837838,23.34583333,NA,17.97697336,NA,NA,0.304825125,72.3,63.3,54.7,75,60,78.6,42,54.5,65.4,74.7,68.1,93.6,47.6,NA,2.156726888
"127","United Kingdom",2012,4.617e+10,1.031e+10,5.649e+10,"GBR",1.69e+12,0.0273195266272189,0.00610059171597633,0.0334260355029586,NA,0.3128,25.11866914,1.49378,1.19991,0.4049434,73.9,94.7,90,90,80,87.1,76,NA,74.1,56.4,21.5,NA,71.5,1,1.022109257
"128","United Kingdom",2013,4.685e+10,1.122e+10,5.807e+10,"GBR",1.76e+12,0.0266193181818182,0.006375,0.0329943181818182,NA,0.3015,25.11299591,1.45544,1.20145,0.3034571,72.4,94.1,90,90,80,86.8,78,NA,74.8,57,27.7,NA,71.6,0.9,0.992823921
"129","United Kingdom",2014,4.987e+10,1.173e+10,6.161e+10,"GBR",1.84e+12,0.0271032608695652,0.006375,0.0334836956521739,NA,0.3801,24.83523514,1.40296,1.15168,0.238020825,73.5,92,90,90,80,87.8,76.4,NA,74.9,56.6,29.5,NA,73.1,0.9,1.07317054
"130","United Kingdom",2015,5.214e+10,1.298e+10,6.512e+10,"GBR",1.9e+12,0.0274421052631579,0.00683157894736842,0.0342736842105263,NA,0.4431,25.09121291,1.6425,1.14639,0.477109675,74.4,91.1,90,90,80,88,76,NA,75.8,62.9,30.3,NA,75.6,1,1.111350083
"131","United Kingdom",2016,5.046e+10,1.316e+10,6.361e+10,"GBR",1.97e+12,0.0256142131979695,0.00668020304568528,0.0322893401015228,NA,0.3219,25.47717113,1.5493,NA,0.985397625,76.4,86,90,90,80,88,78,NA,76.4,64.9,39,NA,71.8,1.2,1.028206552
"132","United Kingdom",2017,5.328e+10,1.56e+10,6.888e+10,"GBR",2.05e+12,0.025990243902439,0.00760975609756098,0.0336,NA,NA,25.71953266,1.53259,NA,0.474913175,85,89.9,93.8,90,80,87,78.3,93,76.4,65.1,41.9,40.4,72.8,1.2,1.013390544
"133","United Kingdom",2018,5.239e+10,1.651e+10,6.89e+10,"GBR",2.12e+12,0.0247122641509434,0.00778773584905661,0.0325,NA,NA,NA,NA,NA,0.608418,85.2,91.1,92.2,90,80,86.9,79,93.8,78,65.2,44.4,53.5,74.4,NA,0.95525565
"134","United States",2012,4.027e+10,9.3559e+11,9.7586e+11,"USA",1.62e+13,0.0024858024691358,0.0577524691358025,0.0602382716049383,NA,0.0875,9.79687152,1.45359,1.1813,0.381228075,77.2,91.1,85,70,70,86.4,71,NA,76.3,69.8,46.7,NA,95.8,4.7,0.949582719
"135","United States",2013,4.177e+10,9.9919e+11,1.04096e+12,"USA",1.68e+13,0.00248630952380952,0.0594755952380952,0.0619619047619048,NA,0.0592,10.51960599,1.43702,1.18747,0.222607475,75,90.5,85,70,70,86.4,71,NA,76,69.3,47.8,NA,95.5,4.5,0.914905301
"136","United States",2014,4.305e+10,1.09143e+12,1.13448e+12,"USA",1.75e+13,0.00246,0.0623674285714286,0.0648274285714286,NA,0.035,10.95153383,1.30167,1.13702,0.147042175,75.4,89.2,80,70,70,86.8,72,NA,75.5,65.8,48.1,NA,97.2,4.5,0.960162155
"137","United States",2015,4.405e+10,1.16205e+12,1.2061e+12,"USA",1.82e+13,0.00242032967032967,0.0638489010989011,0.0662692307692308,NA,0.0525,11.2046032,1.8166,1.12487,0.268378,76.6,88.8,80,70,70,87,73,NA,76.2,66.2,51.8,NA,98.5,5,0.967792647
"138","United States",2016,4.52e+10,1.23826e+12,1.28346e+12,"USA",1.87e+13,0.00241711229946524,0.0662171122994652,0.0686342245989305,NA,0.3175,10.98294396,1.78168,NA,0.214639275,77,84.7,80,70,70,87,74,NA,75.4,65.6,54.7,NA,91.4,5.4,0.956993485
"139","United States",2017,4.652e+10,1.33809e+12,1.38461e+12,"USA",1.95e+13,0.00238564102564103,0.06862,0.071005641025641,NA,0.9308,11.94741055,1.75541,NA,0.18586695,80.1,84.4,81.3,80,70,87.1,78.1,75.1,75.1,65.3,55.9,53.3,91,5.3,0.879600123
"140","United States",2018,4.785e+10,1.43266e+12,1.48051e+12,"USA",2.05e+13,0.00233414634146341,0.0698858536585366,0.07222,NA,1.9392,9.675467574,NA,NA,0.192278625,78.6,82.7,79.3,85,80,86.7,71.9,76.9,75.7,65.1,56.5,54.8,91.4,NA,0.860433167
