,country,year,cic,country_code,gdp,cd,log_cd,log_cic,interest_rates_imf,country_code.y,tax_gdp,uncertainty,eci,eci_2
1,Chile,1997,1.24E+12,CHL,3.56E+13,0.034887949,-3.355613798,27.84775296,6.5,CHL,15.92535405,0.01613945,-0.22503,-0.048787
2,Chile,1998,1.25E+12,CHL,3.75E+13,0.033421093,-3.398568041,27.85679401,8.33,CHL,15.85207689,0.0658058,-0.123718,0.010442
3,Chile,1999,1.62E+12,CHL,3.82E+13,0.042304319,-3.162866085,28.11099055,5,CHL,15.17975701,0,-0.122233,-0.044724
4,Australia,2001,2.68E+10,AUS,7.05E+11,0.037991489,-3.270393109,24.01107053,4.25,AUS,24.82193156,0.087171975,-0.06647,0.354003
5,Bangladesh,2001,1.38E+11,BGD,2.91E+12,0.047494502,-3.047141328,25.65203287,6,BGD,6.611160271,0.0390488,-0.995853,-1.00205
6,Belarus,2001,55360740.75,BLR,1717320000,0.032236706,-3.434649523,17.82938125,66,BLR,15.75466424,0.0629974,0.842052,0.810419
7,Brazil,2001,3.77E+10,BRA,1.32E+12,0.028536364,-3.556576088,24.35207676,19,BRA,14.55976349,0.373970075,0.512734,0.613724
8,Canada,2001,38820619000,CAN,1.14E+12,0.034053175,-3.379832018,24.38221736,2.25,CAN,14.23159039,0.331473975,0.864428,1.14843
9,Chile,2001,1.69E+12,CHL,4.51E+13,0.037450643,-3.284731399,28.15517196,6.5,CHL,16.03355182,0.101789875,-0.097452,-0.151169
10,Cote d'Ivoire,2001,8.19443E+11,CIV,8.20E+12,0.099932012,-2.303265202,27.43189007,5,CIV,14.31030335,0.12021565,-1.08336,-1.48968
11,Denmark,2001,4.73E+10,DNK,1.37E+12,0.034524088,-3.366098008,24.57973385,3.25,DNK,30.16719583,0.18733965,1.56798,1.19998
12,Ghana,2001,328520000,GHA,3807070000,0.086292083,-2.450017425,19.61010828,27,GHA,17.19292789,0.094795675,-1.17101,-1.60169
13,Israel,2001,16853627136,ISR,5.50E+11,0.030642958,-3.485352384,23.54783173,5.65709,ISR,26.68944428,0.320232175,1.19289,1.10295
14,Moldova,2001,1967344168,MDA,19051531000,0.103264361,-2.270462971,21.39995033,13,MDA,12.17120031,0.104649425,-0.058476,0.234091
15,New Zealand,2001,3059725711,NZL,1.29E+11,0.023718804,-3.741487129,21.84159111,4.75,NZL,28.55763254,0.300484175,0.255177,0.402943
16,South Africa,2001,36138850000,ZAF,1.05E+12,0.034417952,-3.369176979,24.3106343,9.5,ZAF,24.18558057,0.2287649,0.102827,0.520214
17,Switzerland,2001,33168600000,CHE,4.70E+11,0.070571489,-2.651129049,24.22486948,2.25,CHE,9.210830796,0.2627937,2.24412,1.54162
18,Thailand,2001,4.90E+11,THA,5.35E+12,0.091633458,-2.389958813,26.91815886,2.25,THA,13.07018898,0.181096625,0.393173,0.862254
19,United Kingdom,2001,2.62E+10,GBR,1.13E+12,0.023173451,-3.764747995,23.98849075,4,GBR,25.79076589,0.14887745,1.9704,1.38257
20,United States,2001,6.12E+11,USA,1.06E+13,0.057712925,-2.852274135,27.13960098,1.8306,USA,11.858072,0.24732305,1.85189,1.38967
21,Albania,2002,1.33128E+11,ALB,6.10E+11,0.218242748,-1.522147312,25.61457748,8.5,ALB,16.48423498,0.094000625,-0.01742,-0.222815
22,Argentina,2002,1.88E+10,ARG,3.13E+11,0.060070288,-2.812239943,23.65722908,6.63,ARG,9.818958347,0.22531335,-0.048438,0.268286
23,Australia,2002,3.37E+10,AUS,7.54E+11,0.044712202,-3.107508848,24.24114936,4.75,AUS,23.52831212,0.07341065,-0.073102,0.34148
24,Bangladesh,2002,1.44E+11,BGD,3.14E+12,0.045907006,-3.081137529,25.69410639,6,BGD,6.691384191,0.2508133,-1.03815,-1.00121
25,Belarus,2002,71482701.38,BLR,2613830000,0.027347877,-3.599116376,18.08496604,38,BLR,14.20103832,0.0193274,0.722964,0.794905
26,Brazil,2002,4.99E+10,BRA,1.49E+12,0.033510738,-3.395889347,24.63390789,25,BRA,15.7200793,0.3490374,0.450486,0.606053
27,Canada,2002,41146671000,CAN,1.19E+12,0.034577034,-3.364565561,24.44040886,2.75,CAN,13.42525802,0.19201015,0.89244,1.13946
28,Chile,2002,1.79E+12,CHL,4.80E+13,0.037212208,-3.291118391,28.21110374,3,CHL,16.20169514,0.015437825,-0.089827,-0.153392
29,Cote d'Ivoire,2002,1.18925E+12,CIV,8.61E+12,0.138123856,-1.979604489,27.80434095,5,CIV,14.63369618,0.115630275,-1.14553,-1.46724
30,Denmark,2002,4.77E+10,DNK,1.41E+12,0.033797872,-3.387357427,24.58725339,2.86,DNK,30.11718967,0.124614425,1.54904,1.22889
31,Ghana,2002,494440000,GHA,4886200000,0.10119111,-2.290744375,20.01893637,24.5,GHA,17.49311121,0.098923725,-1.13735,-1.75836
32,Israel,2002,18004337942,ISR,5.73E+11,0.031421183,-3.460272991,23.61387856,9.1,ISR,25.73076705,0.19824425,1.10809,1.06623
33,Jamaica,2002,24354508000,JAM,4.71E+11,0.051708085,-2.962141128,23.9159828,12.95,JAM,21.85901019,0.2069832,-0.636068,-0.783037
34,Moldova,2002,2477639634,MDA,22555858000,0.109844619,-2.208688464,21.63057218,9.5,MDA,12.88135437,0.165088175,-0.019165,0.286507
35,New Zealand,2002,3303137311,NZL,1.35E+11,0.024467684,-3.710402061,21.91813855,5.75,NZL,28.20805365,0.2119352,0.192239,0.399265
36,Philippines,2002,2.71695E+11,PHL,4.20E+12,0.064689355,-2.738158618,26.32794702,7.12059,PHL,12.09116828,0.1430137,-0.025559,0.806714
37,South Africa,2002,39487428000,ZAF,1.22E+12,0.032366744,-3.430623795,24.39924818,13.5,ZAF,23.27841514,0.0815469,0.055371,0.539331
38,Sweden,2002,1.07E+11,SWE,2.57E+12,0.041628016,-3.178981887,25.39594513,4.5,SWE,26.8101007,0.23055585,2.0381,1.38508
39,Switzerland,2002,35231300000,CHE,4.70E+11,0.074960213,-2.590797803,24.28520073,1.25,CHE,9.19319936,0.214689725,2.19269,1.51899
40,Thailand,2002,5.59167E+11,THA,5.77E+12,0.096909307,-2.33397972,27.04971348,1.75,THA,13.47031276,0.1170352,0.435905,0.877702
41,United Kingdom,2002,2.85E+10,GBR,1.18E+12,0.024161017,-3.723014815,24.07352074,4,GBR,24.94987134,0.069229375,1.99456,1.37465
42,United States,2002,6.54E+11,USA,1.09E+13,0.060024954,-2.812994901,27.206789,1.25,USA,9.861546039,0.26978,1.87944,1.37342
43,Albania,2003,1.2779E+11,ALB,6.78E+11,0.188480197,-1.668762332,25.57365079,6.5,ALB,17.19614992,0.02276245,-0.02384,-0.163581
44,Argentina,2003,3.03E+10,ARG,3.76E+11,0.08062766,-2.517913517,24.13494146,1.67,ARG,12.5187797,0.1737543,-0.022571,0.222639
45,Australia,2003,3.40E+10,AUS,8.01E+11,0.042475655,-3.158824181,24.2503026,5.25,AUS,24.32406113,0.308238375,-0.038353,0.33688
46,Bangladesh,2003,1.55E+11,BGD,3.48E+12,0.044433333,-3.11376534,25.76428807,5,BGD,6.965213904,0.196107,-1.1201,-0.941555
47,Belarus,2003,105334920.3,BLR,3656480000,0.028807739,-3.547111224,18.47265555,28,BLR,17.68812191,0.097525425,0.723122,0.779609
48,Brazil,2003,5.14E+10,BRA,1.72E+12,0.029862791,-3.511142032,24.66220337,16.5,BRA,15.24438358,0.117342325,0.42281,0.564908
49,Canada,2003,42190611000,CAN,1.25E+12,0.033752489,-3.388701122,24.46546355,2.75,CAN,13.27575327,0.19102295,0.919277,1.13309
50,Chile,2003,1.92E+12,CHL,5.23E+13,0.036667801,-3.305856262,28.28216123,2.45,CHL,15.94896337,0.09350985,-0.069191,-0.197791
51,Colombia,2003,1.47707E+13,COL,2.72E+14,0.054304146,-2.913154698,30.32366848,7.25,COL,11.25882686,0.2975975,0.141137,0.385921
52,Cote d'Ivoire,2003,6.24283E+11,CIV,8.90E+12,0.070144101,-2.657203565,27.15986883,3.5,CIV,13.3776189,0.5499438,-1.23738,-1.46973
53,Denmark,2003,4.97E+10,DNK,1.44E+12,0.034503472,-3.366695316,24.62896891,2,DNK,30.14077788,0.1549538,1.50739,1.23713
54,Ghana,2003,667970000,GHA,6615770000,0.100966327,-2.29296821,20.31975382,21.5,GHA,18.47768613,0.39492835,-1.24972,-1.85233
55,Israel,2003,19131777823,ISR,5.78E+11,0.033099962,-3.408223156,23.67461655,5.2,ISR,24.99349852,0.399545325,1.04926,1.04518
56,Jamaica,2003,29426462000,JAM,5.45E+11,0.053993508,-2.918891457,24.10516017,15,JAM,24.07110007,0.1349911,-0.538303,-0.861014
57,Moldova,2003,2982193418,MDA,27618918000,0.107976475,-2.225841897,21.81592491,14,MDA,14.67291369,0.276776125,0.042335,0.194569
58,New Zealand,2003,3417370357,NZL,1.45E+11,0.023568071,-3.747862388,21.95213719,5,NZL,29.24813843,0.12881695,0.25454,0.396993
59,Philippines,2003,2.94782E+11,PHL,4.55E+12,0.064787165,-2.736647764,26.40950059,6.86209,PHL,12.10175226,0.21780665,-0.005396,0.807579
60,South Africa,2003,44670764000,ZAF,1.33E+12,0.033587041,-3.393614983,24.52258508,8,ZAF,23.03754961,0.129454725,0.128366,0.570227
61,Sweden,2003,1.09E+11,SWE,2.68E+12,0.040649254,-3.202774802,25.41406311,3,SWE,26.87988905,0.3285106,2.09665,1.36877
62,Switzerland,2003,35765500000,CHE,4.75E+11,0.075295789,-2.586331062,24.30024958,0.75,CHE,9.190743119,0.29583595,2.12764,1.50259
63,Thailand,2003,6.36506E+11,THA,6.32E+12,0.100712961,-2.295480781,27.17925954,1.25,THA,14.4815711,0.32973755,0.418108,0.865424
64,United Kingdom,2003,3.06E+10,GBR,1.25E+12,0.0244488,-3.711174144,24.14299052,3.75,GBR,24.53438799,0.22036785,1.94824,1.35162
65,United States,2003,6.90E+11,USA,1.15E+13,0.05997887,-2.813762953,27.2596052,1,USA,9.389746033,0.303085025,1.85046,1.34445
66,Albania,2004,1.41645E+11,ALB,7.38E+11,0.19193062,-1.650621328,25.67658833,5.25,ALB,17.96508682,0,-0.128714,-0.202839
67,Argentina,2004,3.76E+10,ARG,4.85E+11,0.077575258,-2.556506746,24.35090798,2.5,ARG,13.1007799,0.237159075,0.002533,0.212719
68,Australia,2004,3.49E+10,AUS,8.61E+11,0.040488966,-3.206725779,24.27463456,5.25,AUS,24.33803811,0.031713725,-0.218672,0.311575
69,Bangladesh,2004,1.83E+11,BGD,3.83E+12,0.047733681,-3.04211802,25.9317679,5,BGD,7.046448418,0.03839575,-1.23386,-0.893082
70,Belarus,2004,155340000,BLR,4999180000,0.031073096,-3.471412915,18.86112682,17,BLR,18.3713469,0.01654205,0.832963,0.820173
71,Brazil,2004,6.19E+10,BRA,1.96E+12,0.0316,-3.454598158,24.84936743,17.75,BRA,15.75277073,0.2683731,0.399357,0.509742
72,Canada,2004,44240545000,CAN,1.33E+12,0.033263568,-3.403292545,24.51290751,2.5,CAN,13.39031039,0.1581404,0.862716,1.07845
73,Chile,2004,2.14E+12,CHL,6.05E+13,0.035427636,-3.340263075,28.39340141,2.25,CHL,16.40223152,0.1058834,-0.150324,-0.173677
74,Cote d'Ivoire,2004,7.28493E+11,CIV,8.75E+12,0.083256322,-2.485831217,27.3142436,3,CIV,14.19479364,0.369475825,-1.27946,-1.51885
75,Denmark,2004,5.20E+10,DNK,1.51E+12,0.034462914,-3.367871492,24.67525927,2,DNK,31.29221449,0.080090425,1.50872,1.23323
76,Dominican Republic,2004,40678542000,DOM,9.36E+11,0.043459981,-3.135914747,24.42896657,7,DOM,12.52188432,0.05775005,-0.300896,-0.184007
77,Ghana,2004,767390000,GHA,7988791000,0.09605834,-2.342799566,20.4585057,18.5,GHA,21.75210552,0.07666835,-1.35863,-1.98289
78,Israel,2004,20778535367,ISR,6.07E+11,0.034231524,-3.374608291,23.75718634,3.9,ISR,24.86527295,0.175509025,1.1044,1.01641
79,Jamaica,2004,32398103000,JAM,6.23E+11,0.052003376,-2.956446647,24.20136571,14.4,JAM,24.16749731,0.129916925,-0.294213,-0.892832
80,Moldova,2004,4094326251,MDA,32031777000,0.127820765,-2.057126267,22.13286801,14.5,MDA,16.35750648,0.10654365,-0.019115,0.160901
81,New Zealand,2004,3578538224,NZL,1.55E+11,0.023087343,-3.768470717,21.99822024,6.5,NZL,29.25793128,0.0188608,0.287348,0.39197
82,Philippines,2004,3.22466E+11,PHL,5.12E+12,0.062981556,-2.764913363,26.49926219,6.8243,PHL,11.81598762,0.48432195,-0.0344,0.690883
83,South Africa,2004,48830480000,ZAF,1.48E+12,0.032993568,-3.411442659,24.61162054,7.5,ZAF,24.28209502,0.103162825,0.094685,0.589703
84,Sweden,2004,1.09E+11,SWE,2.81E+12,0.038752313,-3.25056483,25.41364077,2,SWE,27.19022163,0.143478925,2.08697,1.37553
85,Switzerland,2004,36292600000,CHE,4.90E+11,0.074066531,-2.602791527,24.3148797,1.25,CHE,9.223924063,0.163184225,2.05783,1.4627
86,Thailand,2004,7.14649E+11,THA,6.95E+12,0.102827185,-2.274705519,27.29505726,2,THA,14.8533544,0.049516975,0.446709,0.879739
87,Togo,2004,83544100000,TGO,1.19E+12,0.070205126,-2.65633395,25.14864047,3,TGO,13.14635208,0.1502134,-0.758799,-1.2441
88,United Kingdom,2004,3.26E+10,GBR,1.31E+12,0.024847328,-3.695005048,24.20604321,4.75,GBR,25.18436932,0.1590172,1.89629,1.31729
89,United States,2004,7.23E+11,USA,1.22E+13,0.059254426,-2.825914797,27.30654227,2.25,USA,9.539265084,0.08925915,1.76594,1.30481
90,Argentina,2005,4.83E+10,ARG,5.83E+11,0.082910806,-2.489989873,24.60146315,5,ARG,13.10317565,0.1467231,0.03593,0.215548
91,Australia,2005,3.70E+10,AUS,9.22E+11,0.040131236,-3.215600284,24.33421078,5.5,AUS,24.84119731,0.079109825,-0.213502,0.30518
92,Bangladesh,2005,2.20E+11,BGD,4.27E+12,0.051471663,-2.96672386,26.11591108,5,BGD,7.135670039,0.2349034,-1.17652,-0.858426
93,Belarus,2005,236831660,BLR,6506710000,0.036398066,-3.313239638,19.28286015,11,BLR,20.14965628,0,0.858138,0.824674
94,Brazil,2005,7.00E+10,BRA,2.17E+12,0.032273272,-3.433515887,24.9722324,18,BRA,16.5289705,0.253420525,0.450112,0.537681
95,Bulgaria,2005,5867210000,BGR,4.67E+10,0.125768151,-2.073315141,22.49264506,2.049,BGR,20.46719041,0.183458,0.34386,0.428984
96,Canada,2005,46077890000,CAN,1.42E+12,0.032449218,-3.428078925,24.55359906,3.25,CAN,13.34214991,0.101034525,0.848054,0.991897
97,Chile,2005,2.46632E+12,CHL,6.88E+13,0.035847663,-3.32847691,28.53374795,4.5,CHL,18.02512363,0.044311625,-0.150391,-0.193413
98,Cote d'Ivoire,2005,8.01399E+11,CIV,9.01E+12,0.088945454,-2.419731969,27.40962422,3,CIV,13.88408806,0.4786265,-1.2167,-1.53506
99,Denmark,2005,5.62E+10,DNK,1.59E+12,0.035356604,-3.342270093,24.75248504,2.25,DNK,33.07176767,0.161914675,1.4818,1.20769
100,Dominican Republic,2005,49910577051,DOM,1.08E+12,0.046213497,-3.074483375,24.63349878,10,DOM,13.69816112,0.038514025,-0.332228,-0.173068
101,Ghana,2005,852050000,GHA,9726080000,0.087604667,-2.434921006,20.56315577,15.5,GHA,21.32150832,0.211199675,-1.38268,-1.95288
102,Guatemala,2005,14261865762,GTM,2.08E+11,0.068566662,-2.679948834,23.38085508,4.25,GTM,11.20539142,0.263671425,-0.260139,-0.153951
103,India,2005,4.30E+12,IND,3.63E+13,0.118341047,-2.134184596,29.08865426,6.25,IND,10.08093058,0.0860538,0.158145,0.696785
104,Israel,2005,24410492084,ISR,6.39E+11,0.038201083,-3.264891411,23.91827888,4.5,ISR,25.37165305,0.252878875,1.0958,1.02171
105,Jamaica,2005,35644528000,JAM,7.00E+11,0.050920754,-2.977484692,24.29686148,12.95,JAM,23.21597284,0.13802885,-0.307798,-0.899932
106,Malaysia,2005,34396578830,MYS,5.44E+11,0.063229005,-2.76099214,24.26122294,3,MYS,14.82639106,0.100702975,0.795607,1.01417
107,Moldova,2005,5148886869,MDA,37651869000,0.136749835,-1.989602045,22.36204639,12.5,MDA,18.48540374,0.074328375,-0.071912,0.084351
108,New Zealand,2005,3919996564,NZL,1.63E+11,0.024049059,-3.727659424,22.08935661,7.25,NZL,30.31290683,0.0747918,0.334674,0.399155
109,Philippines,2005,3.36558E+11,PHL,5.68E+12,0.059253082,-2.825937483,26.54203487,7.596,PHL,12.42728273,0.2403072,-0.119035,0.832416
110,South Africa,2005,54236646000,ZAF,1.64E+12,0.033071126,-3.409094715,24.71662264,7,ZAF,25.74329543,0.05933935,0.16654,0.574773
111,Sweden,2005,1.11E+11,SWE,2.91E+12,0.038170103,-3.265702711,25.43347149,1.5,SWE,28.4714275,0.029392975,2.02943,1.33976
112,Switzerland,2005,37106800000,CHE,5.09E+11,0.072901375,-2.618647775,24.33706608,1.5,CHE,9.429327005,0.0966179,2.06907,1.43364
113,Thailand,2005,7.53252E+11,THA,7.61E+12,0.09898182,-2.312819079,27.34766521,4,THA,16.06186448,0.0845175,0.463214,0.890762
114,Togo,2005,71323200000,TGO,1.20E+12,0.059436,-2.822855176,24.9904875,3,TGO,12.8777438,0.419164275,-0.856163,-1.17882
115,United Kingdom,2005,3.45E+10,GBR,1.39E+12,0.024788489,-3.697375878,24.26294898,4.5,GBR,25.51533642,0.170160025,1.77065,1.27567
116,United States,2005,7.59E+11,USA,1.30E+13,0.058403538,-2.840378801,27.35559167,4.25,USA,10.68450134,0.124968,1.74324,1.25808
117,Argentina,2006,5.92E+10,ARG,7.16E+11,0.082712291,-2.492387072,24.80455893,6.25,ARG,12.8788867,0.169045375,0.053536,0.234634
118,Australia,2006,3.89E+10,AUS,9.96E+11,0.03910241,-3.241571186,24.38544191,6.25,AUS,24.60965647,0.068764825,-0.155239,0.322686
119,Bangladesh,2006,3.14E+11,BGD,4.82E+12,0.065219087,-2.730003105,26.47379194,5,BGD,7.043304058,0.270718225,-1.19826,-0.826068
120,Belarus,2006,336531530,BLR,7926700000,0.042455439,-3.159300242,19.6342024,10,BLR,22.22309662,0.0552247,0.856248,0.798572
121,Brazil,2006,8.58E+10,BRA,2.41E+12,0.035612033,-3.335071687,25.17557618,13.25,BRA,15.38131159,0.230186075,0.477157,0.536364
122,Bulgaria,2006,6888580000,BGR,53219100000,0.129438115,-2.044552386,22.6531308,3.26,BGR,21.11192974,0.0735507,0.373395,0.450985
123,Canada,2006,48762193000,CAN,1.49E+12,0.032726304,-3.41957612,24.61022112,4.25,CAN,13.38728474,0.15113275,0.811793,0.967886
124,Chile,2006,2.82307E+12,CHL,8.21E+13,0.034385787,-3.370111957,28.66884718,5.25,CHL,19.49190685,0.015822775,-0.196433,-0.170668
125,Cote d'Ivoire,2006,8.24414E+11,CIV,9.31E+12,0.088551436,-2.424171695,27.43793851,3.25,CIV,14.65785867,0.4605241,-1.31008,-1.54001
126,Denmark,2006,5.98E+10,DNK,1.68E+12,0.035575595,-3.336095403,24.81371951,3.5,DNK,31.86029116,0.0464433,1.44935,1.18262
127,Dominican Republic,2006,53498195472,DOM,1.26E+12,0.042458885,-3.159219076,24.70291376,8,DOM,13.99475989,0.0379254,-0.211474,-0.132785
128,Ghana,2006,1090750000,GHA,18705461200,0.058311847,-2.841949991,20.81013137,12.5,GHA,12.80707166,0.146254275,-1.22288,-1.9729
129,Guatemala,2006,15771981880,GTM,2.30E+11,0.068573834,-2.679844242,23.4815009,5,GTM,11.85697131,0.2101904,-0.295499,-0.104217
130,Honduras,2006,13592613590,HND,2.06E+11,0.065983561,-2.718349642,23.33279236,6,HND,15.23835608,0.02277905,-0.74113,-0.385334
131,India,2006,5.04E+12,IND,4.25E+13,0.118611529,-2.131901585,29.24862361,7.25,IND,11.12933701,0.0511348,0.167513,0.640933
132,Israel,2006,25539195671,ISR,6.86E+11,0.037229148,-3.290663271,23.96348019,5,ISR,26.08284557,0.1547203,1.04361,0.985505
133,Jamaica,2006,42317322000,JAM,7.84E+11,0.053976176,-2.919212515,24.46846234,12.6,JAM,24.01438994,0.1075111,-0.427749,-0.92279
134,Malaysia,2006,37894936816,MYS,5.97E+11,0.063475606,-2.757099603,24.35808335,3.5,MYS,14.51622131,0.091425225,0.781241,1.01619
135,Moldova,2006,5817191027,MDA,44754367000,0.129980411,-2.040371523,22.48408334,14.5,MDA,19.57105102,0.087669075,-0.133663,0.112264
136,New Zealand,2006,3957607526,NZL,1.72E+11,0.023009346,-3.771854794,22.09890552,7.25,NZL,31.96581296,0.09010705,0.348336,0.400108
137,Peru,2006,13651037789,PER,2.90E+11,0.047072544,-3.056065376,23.33708138,4.5,PER,15.6699876,0.27160225,-0.554171,-0.432231
138,Philippines,2006,3.84492E+11,PHL,6.27E+12,0.061322427,-2.791609651,26.67518782,7.6062,PHL,13.71187088,0.202428875,-0.000206,0.636047
139,South Africa,2006,63575190000,ZAF,1.84E+12,0.034551734,-3.365297551,24.87548914,9,ZAF,27.26987061,0.254678925,0.237984,0.559629
140,Sweden,2006,1.12E+11,SWE,3.10E+12,0.036251613,-3.317271405,25.44515182,2.5,SWE,28.46220584,0.0591182,1.94426,1.32153
141,Switzerland,2006,38174100000,CHE,5.40E+11,0.070692778,-2.649411864,24.36542311,2.5,CHE,9.521761742,0.096448225,2.05479,1.4279
142,Thailand,2006,7.73842E+11,THA,8.40E+12,0.092124077,-2.38461895,27.37463387,5,THA,15.63697224,0.49259095,0.433048,0.917661
143,Togo,2006,1.11153E+11,TGO,1.23E+12,0.090368211,-2.403862717,25.43417257,3.25,TGO,13.88591562,0.257062475,-0.931563,-1.22017
144,United Kingdom,2006,3.58E+10,GBR,1.47E+12,0.024382993,-3.71386939,24.30241413,5,GBR,25.70130882,0.14889365,1.72653,1.25941
145,United States,2006,7.83E+11,USA,1.38E+13,0.056719783,-2.869632229,27.38605748,5.25,USA,11.31121212,0.0597152,1.66414,1.23318
146,Argentina,2007,7.48E+10,ARG,8.97E+11,0.083393534,-2.484184503,25.0381372,10.75,ARG,12.44826845,0.33425045,0.073768,0.217877
147,Australia,2007,4.49E+10,AUS,1.09E+12,0.04122844,-3.188626961,24.52857185,6.75,AUS,24.11013139,0.01910585,-0.171363,0.315414
148,Bangladesh,2007,3.50E+11,BGD,5.50E+12,0.063631273,-2.75465022,26.58111899,5,BGD,6.917262669,0.294465275,-1.01275,-0.790256
149,Belarus,2007,400739630,BLR,9716530000,0.041243081,-3.188271923,19.80882247,10,BLR,23.72669873,0.0581454,0.682706,0.645486
150,Brazil,2007,1.03E+11,BRA,2.72E+12,0.037825368,-3.2747753,25.3568777,11.25,BRA,15.77553383,0.045668975,0.548606,0.543139
151,Bulgaria,2007,8410870000,BGR,6.35E+10,0.132529781,-2.020947899,22.85279075,4.58,BGR,22.88226869,0.131477725,0.410246,0.491867
152,Canada,2007,50565246000,CAN,1.57E+12,0.032207163,-3.435566396,24.64653034,4.25,CAN,13.36941352,0.12229815,0.789332,0.950664
153,Chile,2007,3.31584E+12,CHL,9.07E+13,0.036558276,-3.308847688,28.82973079,6,CHL,20.25693262,0.01668335,-0.171878,-0.151162
154,Costa Rica,2007,5.46262E+11,CRI,1.38E+13,0.039584167,-3.229326071,27.02636364,5.52,CRI,14.93464546,0.068638575,-0.022522,0.140602
155,Cote d'Ivoire,2007,1.07005E+12,CIV,9.75E+12,0.109749106,-2.209558377,27.69873002,3.25,CIV,15.05841675,0.37340955,-1.29502,-1.48772
156,Denmark,2007,6.16E+10,DNK,1.74E+12,0.035375287,-3.3417418,24.84316443,4,DNK,35.09300117,0.254030875,1.40257,1.15466
157,Dominican Republic,2007,62290893785,DOM,1.46E+12,0.042664996,-3.154376467,24.85508108,7,DOM,14.88626837,0.094862675,-0.222327,-0.208932
158,Ghana,2007,1470590000,GHA,23154448200,0.063512202,-2.756523228,21.10892952,13.5,GHA,13.87798455,0.09712015,-1.05022,-1.87629
159,Guatemala,2007,20010777525,GTM,2.62E+11,0.076377013,-2.572073499,23.71953684,6.5,GTM,12.05936254,0.021289275,-0.227969,-0.097283
160,Honduras,2007,16362516643,HND,2.34E+11,0.069925285,-2.660327967,23.51825899,7.5,HND,16.38500055,0,-0.623958,-0.406161
161,India,2007,5.91E+12,IND,4.90E+13,0.120571633,-2.115511241,29.40733017,7.75,IND,12.10834714,0.043145625,0.168601,0.671858
162,Israel,2007,28966278314,ISR,7.34E+11,0.039463594,-3.232376692,24.08939817,4,ISR,26.05086885,0.268555925,1.08661,0.954215
163,Jamaica,2007,47220650000,JAM,8.86E+11,0.053296445,-2.931885654,24.57809713,11.65,JAM,24.78654643,0.1929696,-0.281016,-0.884219
164,Malaysia,2007,42191663812,MYS,6.65E+11,0.063446111,-2.757564379,24.4654885,3.5,MYS,14.30372284,0.1040177,0.716039,1.02306
165,Moldova,2007,7603346529,MDA,53429571000,0.142305963,-1.949775874,22.75185432,16,MDA,20.56670079,0.0185694,-0.072815,0.122004
166,New Zealand,2007,4086540331,NZL,1.87E+11,0.021853157,-3.82340989,22.13096456,8.25,NZL,30.08199266,0.070793225,0.340088,0.399095
167,Peru,2007,16999439067,PER,3.20E+11,0.053123247,-2.935140648,23.55644618,5,PER,16.40746835,0,-0.614336,-0.403217
168,Philippines,2007,4.33854E+11,PHL,6.89E+12,0.06296871,-2.765117343,26.79597486,5.55879,PHL,13.53488654,0.239239575,0.123978,0.781647
169,South Africa,2007,68195650152,ZAF,2.11E+12,0.032320213,-3.432062444,24.94564662,11,ZAF,27.59603925,0.425711675,0.165269,0.535295
170,Sweden,2007,1.14E+11,SWE,3.30E+12,0.034643636,-3.362641225,25.46230236,3.5,SWE,28.4166262,0.10763525,1.91852,1.29965
171,Switzerland,2007,38989800000,CHE,5.76E+11,0.067690625,-2.692807587,24.38656591,3.25,CHE,9.359673913,0.09301145,1.99311,1.42697
172,Thailand,2007,8.42624E+11,THA,9.08E+12,0.092799988,-2.377308769,27.45978654,3.25,THA,15.14314655,0.3955844,0.491304,0.9284
173,Togo,2007,1.35522E+11,TGO,1.27E+12,0.106710472,-2.237635977,25.63240204,3.25,TGO,15.36898502,0.18878465,-0.895164,-1.13823
174,United Kingdom,2007,3.74E+10,GBR,1.54E+12,0.024305195,-3.717065173,24.34573836,5.5,GBR,25.83340794,0.204462625,1.7096,1.24519
175,United States,2007,7.92E+11,USA,1.45E+13,0.054606966,-2.907593831,27.39757593,4.25,USA,11.30719612,0.2736985,1.62483,1.21368
176,Argentina,2008,8.41E+10,ARG,1.15E+12,0.073118261,-2.615677137,25.15510592,12.05,ARG,13.31784636,0.261808475,0.077066,0.231925
177,Australia,2008,5.17E+10,AUS,1.18E+12,0.043821186,-3.12763787,24.66889768,4.25,AUS,24.26364102,0.2299376,-0.210701,0.302425
178,Azerbaijan,2008,4425820567,AZE,40137200000,0.110267297,-2.204847885,22.21072154,8,AZE,16.42117537,0.1071552,-1.00637,-0.226929
179,Bangladesh,2008,4.04E+11,BGD,6.29E+12,0.064177266,-2.746106251,26.72387594,5,BGD,7.656029883,0.150427675,-0.936713,-0.730822
180,Belarus,2008,494178100,BLR,12979080000,0.038074971,-3.268198131,20.01840654,12,BLR,25.35338921,0.0222737,0.690402,0.613103
181,Brazil,2008,1.16E+11,BRA,3.11E+12,0.037167524,-3.292319907,25.47332394,13.75,BRA,15.49281373,0.07493785,0.396395,0.538104
182,Bulgaria,2008,9179410000,BGR,72755900000,0.126167225,-2.07014707,22.94022877,5.77,BGR,22.17890096,0.05314625,0.446085,0.539925
183,Canada,2008,53731330000,CAN,1.65E+12,0.032564442,-3.424534309,24.70726209,1.5,CAN,12.42102627,0.057670125,0.741557,0.934045
184,Chile,2008,3.68575E+12,CHL,9.39E+13,0.039251873,-3.237756119,28.93549538,8.25,CHL,18.71185961,0,-0.22253,-0.132995
185,Colombia,2008,3.05413E+13,COL,4.76E+14,0.064162316,-2.746339217,31.05009975,9.5,COL,13.05717289,0.211773675,0.220323,0.438305
186,Costa Rica,2008,5.75003E+11,CRI,1.61E+13,0.035714452,-3.332199842,27.07764055,10,CRI,15.32646268,0.0583828,0.076485,0.036194
187,Cote d'Ivoire,2008,1.15195E+12,CIV,1.08E+13,0.106662256,-2.238087919,27.77247933,3.75,CIV,15.05350275,0.131300775,-1.26803,-1.43239
188,Denmark,2008,6.13E+10,DNK,1.80E+12,0.034046111,-3.380039464,24.83876832,3.5,DNK,33.42154071,0.08658895,1.33589,1.13425
189,Dominican Republic,2008,62470424875,DOM,1.66E+12,0.037632786,-3.279879639,24.85795908,9.5,DOM,14.16105352,0.113764325,-0.167914,-0.233421
190,Georgia,2008,1290703285,GEO,19074900000,0.067665009,-2.693186083,20.97845309,8,GEO,23.80929913,0.297414925,-0.480803,0.072003
191,Ghana,2008,1872252000,GHA,30178598000,0.062039065,-2.779991013,21.35040782,17,GHA,13.89596791,0.1273003,-1.01148,-1.83966
192,Guatemala,2008,19665934157,GTM,2.96E+11,0.066438967,-2.711471546,23.70215375,7.25,GTM,11.27381464,0,-0.119904,-0.086528
193,Honduras,2008,16468427667,HND,2.62E+11,0.062856594,-2.766899431,23.52471091,7.75,HND,16.13051598,0.03426535,-0.634949,-0.372009
194,India,2008,6.91E+12,IND,5.51E+13,0.125436116,-2.075958685,29.56421215,6.5,IND,10.97717292,0,0.195512,0.655913
195,Israel,2008,34359686257,ISR,7.75E+11,0.044335079,-3.115979063,24.2601498,2.5,ISR,23.77375868,0.06824485,1.21518,0.99312
196,Jamaica,2008,49025650000,JAM,9.97E+11,0.04917317,-3.012407139,24.61560947,12.65,JAM,24.68475662,0.173765125,-0.122977,-0.928645
197,Malaysia,2008,48042559676,MYS,7.70E+11,0.062392935,-2.774303237,24.59535311,3.25,MYS,14.6629773,0.303561175,0.691407,1.02481
198,Mexico,2008,5.77542E+11,MEX,1.24E+13,0.04657599,-3.066670105,27.08204748,8.25,MEX,10.02376741,0.026158825,1.08324,1.05999
199,Moldova,2008,8732080253,MDA,62921545000,0.13877727,-1.974885004,22.89026947,14,MDA,20.4460968,0.060975625,-0.027445,0.142925
200,Mongolia,2008,4.07156E+11,MNG,6.56E+12,0.062066388,-2.779550686,26.73246103,9.75,MNG,21.65181536,0.2530531,-0.996349,-1.31398
201,New Zealand,2008,4344601192,NZL,1.90E+11,0.022866322,-3.778090103,22.19219981,5,NZL,31.49015389,0.156618025,0.314978,0.376184
202,Peru,2008,20457923192,PER,3.53E+11,0.057954457,-2.848097807,23.74163609,6.5,PER,16.51217092,0.027780875,-0.635521,-0.428705
203,Philippines,2008,5.45095E+11,PHL,7.72E+12,0.070608152,-2.65060968,27.0242258,6.0571,PHL,13.58939442,0.2194462,0.193846,0.768855
204,South Africa,2008,72696692074,ZAF,2.37E+12,0.03067371,-3.484349352,25.00956172,11.5,ZAF,26.81321687,0.633633025,0.142773,0.484708
205,Sweden,2008,1.12E+11,SWE,3.39E+12,0.033118879,-3.407651795,25.44419924,2,SWE,26.99572867,0.177200925,1.89436,1.28329
206,Switzerland,2008,41405200000,CHE,6.00E+11,0.069008667,-2.673523178,24.44667231,1,CHE,9.912922452,0.058983125,1.92034,1.41401
207,Thailand,2008,9.23967E+11,THA,9.71E+12,0.095156232,-2.352235194,27.5519422,2.75,THA,15.38488165,0.1262695,0.510058,0.943145
208,Togo,2008,1.49819E+11,TGO,1.48E+12,0.101228851,-2.29037147,25.73269173,3.75,TGO,14.2474836,0.1363112,-0.707087,-1.26438
209,Turkey,2008,31743430000,TUR,9.95E+11,0.031902945,-3.445056962,24.18095161,15.63,TUR,17.69632423,0.325971925,0.434059,0.641503
210,United Kingdom,2008,4.05E+10,GBR,1.58E+12,0.025652532,-3.663113013,24.42533295,2,GBR,26.42037326,0.177625025,1.67044,1.23579
211,United States,2008,8.50E+11,USA,1.47E+13,0.05780381,-2.850700597,27.46816801,0.125,USA,10.31615636,0.150782375,1.58866,1.20416
212,Argentina,2009,9.81E+10,ARG,1.25E+12,0.078452,-2.545268306,25.30889636,9.5,ARG,12.38304156,0.70966765,0.071968,0.203304
213,Australia,2009,5.16E+10,AUS,1.26E+12,0.040964286,-3.195054672,24.66707816,3.75,AUS,22.0609533,0.07698375,-0.331165,0.253044
214,Azerbaijan,2009,4512709975,AZE,35601500000,0.126756175,-2.065489917,22.23016369,2,AZE,14.10670899,0.085227275,-1.08488,-0.289328
215,Bangladesh,2009,4.45E+11,BGD,7.05E+12,0.063062837,-2.763623639,26.82042509,5,BGD,7.498116263,0,-0.927904,-0.699617
216,Belarus,2009,492451910,BLR,14209130000,0.034657429,-3.362243184,20.01490737,13.5,BLR,18.62947063,0.10275225,0.668625,0.585466
217,Brazil,2009,1.32E+11,BRA,3.33E+12,0.039597898,-3.228979246,25.60501417,8.75,BRA,14.41753153,0.331343525,0.265535,0.49396
218,Bulgaria,2009,8049100000,BGR,72985900000,0.110282945,-2.204705988,22.80882612,0.55,BGR,19.03347085,0.076650975,0.39622,0.519803
219,Canada,2009,55467894000,CAN,1.57E+12,0.035329869,-3.343026531,24.7390702,0.25,CAN,12.33554405,0.12244625,0.711973,0.892981
220,Chile,2009,4.18963E+12,CHL,9.67E+13,0.04332611,-3.138999817,29.0636347,0.5,CHL,14.5230955,0,-0.222266,-0.139999
221,Colombia,2009,3.23047E+13,COL,5.02E+14,0.064351953,-2.743387998,31.10623324,3.5,COL,12.66997734,0.33098705,0.21155,0.441887
222,Costa Rica,2009,6.12995E+11,CRI,1.75E+13,0.035028258,-3.351600158,27.14162184,9,CRI,13.26216038,0,0.099231,0.2144
223,Cote d'Ivoire,2009,1.44842E+12,CIV,1.15E+13,0.125949435,-2.071874763,28.00149339,3.25,CIV,14.59903171,0.090913625,-1.36195,-1.56762
224,Denmark,2009,6.08E+10,DNK,1.72E+12,0.035325581,-3.343147892,24.83019751,1,DNK,33.18383922,0.08024105,1.30232,1.11469
225,Dominican Republic,2009,70162310177,DOM,1.74E+12,0.040323167,-3.210829117,24.97407711,4,DOM,12.63590935,0.11299745,-0.225693,-0.307413
226,Georgia,2009,1457937950,GEO,17985900000,0.08106005,-2.512565043,21.10028891,5,GEO,23.13868086,0.326835,-0.332959,-0.164409
227,Ghana,2009,2343802011,GHA,36597592000,0.06404252,-2.748208044,21.57504024,18,GHA,12.61246152,0.166979525,-0.965165,-1.84067
228,Guatemala,2009,21232560233,GTM,3.08E+11,0.068936884,-2.674563919,23.7788017,4.5,GTM,10.33551691,0.030398825,-0.174861,-0.11322
229,Honduras,2009,17705682294,HND,2.76E+11,0.064151023,-2.746515244,23.59715146,4.5,HND,14.16197019,0.2471206,-0.726013,-0.404086
230,India,2009,8.00E+12,IND,6.37E+13,0.125517896,-2.07530693,29.70989875,4.75,IND,9.8097247,0.020330175,0.156613,0.656808
231,Israel,2009,41490060319,ISR,8.16E+11,0.050845662,-2.978960467,24.44871973,1,ISR,21.85499718,0.088350825,1.19138,0.95544
232,Jamaica,2009,51856183000,JAM,1.07E+12,0.048463722,-3.026939752,24.67174001,17,JAM,24.9559702,0.080541225,-0.185574,-0.89688
233,Malaysia,2009,51137711553,MYS,7.13E+11,0.071721896,-2.6349592,24.65778806,2,MYS,14.94050441,0,0.624253,0.993066
234,Mexico,2009,6.31938E+11,MEX,1.22E+13,0.051798187,-2.960400132,27.17205694,4.5,MEX,9.679796263,0.2072111,0.995923,1.05241
235,Moldova,2009,9882542273,MDA,60429803000,0.163537556,-1.810712617,23.01403563,5,MDA,17.68531332,0.607622875,-0.045761,0.09273
236,Mongolia,2009,3.71778E+11,MNG,6.59E+12,0.056415404,-2.875013042,26.64156142,10,MNG,16.5402944,0.3644233,-0.920288,-1.52393
237,New Zealand,2009,4560228282,NZL,1.94E+11,0.023506331,-3.750485475,22.24063852,2.5,NZL,29.59184625,0.028891725,0.224349,0.309511
238,Peru,2009,22539449271,PER,3.64E+11,0.061921564,-2.781886793,23.83853291,1.25,PER,14.45652681,0.054722525,-0.669472,-0.399993
239,Singapore,2009,2.22E+10,SGP,2.82E+11,0.078861702,-2.540059567,23.82511334,0.31,SGP,12.95492653,0.022488075,1.57804,1.25647
240,South Africa,2009,77679058806,ZAF,2.51E+12,0.030947832,-3.475452325,25.07585154,7,ZAF,24.3968023,0.14778995,0.074112,0.4505
241,Sweden,2009,1.11E+11,SWE,3.29E+12,0.03363617,-3.392153297,25.42975538,0.5,SWE,26.91593492,0.2275097,1.80167,1.25045
242,Switzerland,2009,45362600000,CHE,5.89E+11,0.077016299,-2.563738207,24.53795381,0.75,CHE,9.681537369,0.102677225,1.91828,1.39049
243,Thailand,2009,1.00588E+12,THA,9.66E+12,0.104128788,-2.262126795,27.63688797,1.25,THA,14.194247,0.067000975,0.606687,0.938593
244,Togo,2009,1.60417E+11,TGO,1.59E+12,0.100890881,-2.293715737,25.80103939,3.25,TGO,14.41500542,0.124598225,-0.825125,-1.46504
245,Turkey,2009,38340278100,TUR,9.99E+11,0.038378657,-3.260253788,24.36976683,6.5,TUR,18.26135795,0.17483865,0.408188,0.6442
246,United Kingdom,2009,4.44E+10,GBR,1.54E+12,0.028822078,-3.546613591,24.51618994,0.5,GBR,24.1084352,0.45470025,1.61184,1.21984
247,United States,2009,8.90E+11,USA,1.44E+13,0.061783194,-2.784123886,27.51412544,0.125,USA,7.919615919,0.255069825,1.53293,1.18208
248,Uruguay,2009,31980090005,URY,7.15E+11,0.044727399,-3.107169021,24.18837936,6.25,URY,18.72222095,0.02769775,0.092839,0.295027
249,Argentina,2010,1.25E+11,ARG,1.66E+12,0.075021084,-2.58998608,25.54785264,9.5,ARG,12.85304269,0.8548254,0.03248,0.214282
250,Australia,2010,5.31E+10,AUS,1.30E+12,0.040832308,-3.198281656,24.69510372,4.75,AUS,20.53172007,0.17976685,-0.397884,0.227172
251,Azerbaijan,2010,5793219147,AZE,4.25E+10,0.136423387,-1.991992086,22.47995396,3,AZE,12.15777699,0.051440325,-1.08757,-0.291409
252,Bangladesh,2010,5.73E+11,BGD,7.98E+12,0.071827318,-2.633490398,27.07446913,5,BGD,7.834684749,0.05358295,-1.00757,-0.60751
253,Belarus,2010,620788780,BLR,17476330000,0.03552169,-3.337611778,20.24650145,10.5,BLR,15.92008762,0.0374004,0.675162,0.621685
254,Brazil,2010,1.51E+11,BRA,3.89E+12,0.038854756,-3.247924796,25.74150548,10.75,BRA,13.62344738,0.173591825,0.248326,0.546395
255,Bulgaria,2010,8302430000,BGR,74771300000,0.111037657,-2.197885878,22.83981408,0.18,BGR,18.45090429,0.120143525,0.467999,0.530733
256,Canada,2010,57874242000,CAN,1.66E+12,0.034864001,-3.356300466,24.78153825,1,CAN,11.76044487,0.15634545,0.703779,0.858067
257,Chile,2010,4.74848E+12,CHL,1.12E+14,0.042397169,-3.160673691,29.1888463,3.12,CHL,17.3565144,0.0987775,-0.244314,-0.133507
258,Colombia,2010,3.67074E+13,COL,5.43E+14,0.067601058,-2.694131649,31.23399879,3,COL,12.16166442,0.094982825,0.18691,0.409931
259,Costa Rica,2010,6.65046E+11,CRI,1.96E+13,0.033930895,-3.383429336,27.22312135,6.5,CRI,13.08808511,0.1028209,0.10939,0.22444
260,Cote d'Ivoire,2010,1.75244E+12,CIV,1.23E+13,0.1424749,-1.948589434,28.19203094,3.25,CIV,14.32551466,0.085377775,-1.4005,-1.61242
261,Denmark,2010,6.25E+10,DNK,1.81E+12,0.034553591,-3.365243793,24.85910417,0.75,DNK,32.73723667,0.26192485,1.29129,1.1143
262,Dominican Republic,2010,74032258701,DOM,1.98E+12,0.03739003,-3.286351197,25.02776676,5,DOM,12.20740113,0.02590405,-0.237717,-0.334753
263,Georgia,2010,1618179560,GEO,20743300000,0.078009746,-2.550921514,21.20456763,7.5,GEO,22.13919675,0.155102375,-0.285249,-0.125593
264,Ghana,2010,3262718712,GHA,46042100100,0.070863812,-2.646995389,21.90582665,13.5,GHA,13.3883874,0.224763775,-1.12736,-1.80581
265,Guatemala,2010,23390255014,GTM,3.33E+11,0.070241006,-2.655823007,23.87558532,4.5,GTM,10.43529828,0.079344475,-0.207441,-0.16125
266,Honduras,2010,19933238079,HND,2.99E+11,0.066666348,-2.70805498,23.71565443,4.5,HND,14.4250984,0.273361925,-0.687012,-0.406257
267,India,2010,9.50E+12,IND,7.63E+13,0.124463827,-2.083740151,29.8819539,6.25,IND,10.38803993,0.067840575,0.111379,0.700226
268,Israel,2010,44828107242,ISR,8.74E+11,0.051290741,-2.970245039,24.52610117,2,ISR,22.52228242,0.09136915,1.09395,0.977159
269,Jamaica,2010,56710719000,JAM,1.15E+12,0.049313669,-3.009553981,24.76122908,10.5,JAM,24.27817173,0.116847275,-0.177172,-0.850115
270,Kazakhstan,2010,1.30621E+12,KAZ,2.18E+13,0.059917803,-2.814781608,27.89814948,7,KAZ,15.71238046,0.024056975,-0.463165,-0.410581
271,Malaysia,2010,55787428577,MYS,8.21E+11,0.067950583,-2.68897456,24.74481439,2.75,MYS,13.33219531,0.09357975,0.588052,0.990319
272,Mexico,2010,6.93423E+11,MEX,1.34E+13,0.051747994,-2.961369619,27.2649062,4.5,MEX,10.11091331,0.212391225,1.00189,1.04525
273,Moldova,2010,11105960671,MDA,86275377000,0.128726887,-2.050062277,23.1307478,7,MDA,15.16064079,0.5659811,-0.016908,0.082336
274,Mongolia,2010,5.19647E+11,MNG,9.76E+12,0.053242522,-2.932897912,26.9764156,11,MNG,19.59311925,0.29506615,-1.0525,-1.6708
275,New Zealand,2010,4604997772,NZL,2.03E+11,0.022684718,-3.786063793,22.25040802,3,NZL,26.06159031,0.141374475,0.14369,0.273323
276,Peru,2010,28077144003,PER,4.17E+11,0.067331281,-2.698130357,24.0582217,3,PER,15.46657176,0.22398225,-0.63866,-0.357629
277,Singapore,2010,2.45E+10,SGP,3.27E+11,0.074972477,-2.590634205,23.9225918,0.2,SGP,12.78582397,0,1.58854,1.27975
278,South Africa,2010,82500833637,ZAF,2.75E+12,0.030000303,-3.506547793,25.13607423,5.5,ZAF,25.04150129,0.261953125,0.119045,0.410856
279,Sweden,2010,1.05E+11,SWE,3.52E+12,0.029943466,-3.508444145,25.38103796,0.5,SWE,27.07751579,0.111231675,1.75419,1.23065
280,Switzerland,2010,47135700000,CHE,6.09E+11,0.077398522,-2.558787592,24.57629651,0.75,CHE,9.719225458,0.07958285,1.91575,1.37715
281,Thailand,2010,1.11452E+12,THA,1.08E+13,0.103196066,-2.271124544,27.73944271,2,THA,14.93263926,0.109465475,0.736971,0.989284
282,Togo,2010,2.08886E+11,TGO,1.70E+12,0.122873824,-2.096597275,26.06505209,3.25,TGO,14.54323347,0.1379553,-0.965744,-1.70103
283,Turkey,2010,48937559900,TUR,1.16E+12,0.042187552,-3.165630086,24.61381103,1.630439,TUR,19.40536961,0.217655375,0.432695,0.633827
284,United Kingdom,2010,4.69E+10,GBR,1.59E+12,0.029521384,-3.522640409,24.57211472,0.5,GBR,25.37144103,0.370491975,1.57193,1.21341
285,United States,2010,9.44E+11,USA,1.50E+13,0.0629166,-2.765945239,27.57312608,0.125,USA,8.595887591,0.206717725,1.49428,1.19815
286,Uruguay,2010,38163896624,URY,8.08E+11,0.047232545,-3.052672104,24.36515579,6.5,URY,18.88638874,0.0565771,0.201715,0.313835
287,Albania,2011,2.03E+11,ALB,1.30E+12,0.156084615,-1.857357012,26.03602837,4.75,ALB,18.02201328,0.1170067,0.272749,0.315761
288,Argentina,2011,1.73E+11,ARG,2.18E+12,0.079383486,-2.533464914,25.87688108,9.5,ARG,12.6636277,0.328666,-0.063178,0.148511
289,Australia,2011,5.58E+10,AUS,1.42E+12,0.039307746,-3.236333668,24.74534432,4.25,AUS,20.33471173,0.243648025,-0.516626,0.121017
290,Azerbaijan,2011,7658485571,AZE,5.21E+10,0.147046687,-1.917005142,22.7590801,5.25,AZE,12.22476095,0,-1.44623,-0.449441
291,Bangladesh,2011,6.32E+11,BGD,9.16E+12,0.068975109,-2.674009576,27.17185772,5,BGD,8.685924706,0.026544925,-1.10503,-0.614705
292,Belarus,2011,944991150,BLR,30724500000,0.030756925,-3.481640099,20.66668612,45,BLR,14.50907256,0.069084925,0.918398,0.772127
293,Brazil,2011,1.63E+11,BRA,4.38E+12,0.0371621,-3.292465842,25.815604,11,BRA,14.22012315,0.061748725,0.190826,0.527628
294,Bulgaria,2011,8728750000,BGR,8.08E+10,0.108083929,-2.224847236,22.88988801,0.22,BGR,17.7392303,0.050017125,0.447953,0.481746
295,Canada,2011,61028761000,CAN,1.77E+12,0.034479526,-3.367389581,24.83461108,1,CAN,11.83153834,0.16651805,0.526191,0.856895
296,Chile,2011,5.26574E+12,CHL,1.22E+14,0.043161824,-3.142798872,29.29224329,5.25,CHL,18.85899085,0.0480979,-0.328124,-0.122132
297,Colombia,2011,4.11882E+13,COL,6.18E+14,0.06664755,-2.708336989,31.34917258,4.75,COL,14.59722865,0.270079425,-0.001219,0.342083
298,Costa Rica,2011,7.43086E+11,CRI,2.14E+13,0.034723653,-3.360334186,27.33407785,5,CRI,13.36523403,0.1009873,0.024263,0.165862
299,Cote d'Ivoire,2011,1.74402E+12,CIV,1.20E+13,0.145334642,-1.928716322,28.18721144,3.25,CIV,10.93161991,0.117706825,-1.20641,-1.47639
300,Denmark,2011,6.24E+10,DNK,1.85E+12,0.033733514,-3.38926347,24.85694329,0.75,DNK,32.75348927,0.25963085,1.2369,1.09676
301,Dominican Republic,2011,78220539342,DOM,2.21E+12,0.035393909,-3.34121553,25.0827981,6.8,DOM,12.29762551,0.130611875,-0.26414,-0.298194
302,Georgia,2011,1753584472,GEO,24343900000,0.072033835,-2.630619342,21.2849278,6.75,GEO,23.83348601,0,-0.152888,-0.056751
303,Ghana,2011,4244268198,GHA,59816320900,0.070955019,-2.645709135,22.16883525,12.5,GHA,14.86579036,0.461196325,-1.05444,-1.20491
304,Guatemala,2011,24532526126,GTM,3.71E+11,0.066125407,-2.716202229,23.92326567,5.5,GTM,10.83781428,0.187738425,-0.390539,-0.203183
305,Honduras,2011,21357774681,HND,3.35E+11,0.063754551,-2.752714705,23.78468166,5.5,HND,14.78797879,0.183652025,-0.690727,-0.451306
306,India,2011,1.07E+13,IND,8.74E+13,0.122108696,-2.102843683,29.99867272,8.5,IND,10.1773872,0.064421925,0.091946,0.708366
307,Israel,2011,48975405160,ISR,9.36E+11,0.052324151,-2.95029724,24.61458407,2.75,ISR,22.72172307,0.17348875,1.21174,0.966937
308,Jamaica,2011,62646682000,JAM,1.24E+12,0.050521518,-2.98535594,24.86077656,8,JAM,23.3643683,0.182962175,-0.215289,-0.703207
309,Kazakhstan,2011,1.54817E+12,KAZ,2.82E+13,0.054899502,-2.902250993,28.0680921,7.5,KAZ,18.25783421,0,-0.853388,-0.536874
310,Malaysia,2011,61874039454,MYS,9.12E+11,0.067844342,-2.690539293,24.84836653,3,MYS,14.79435317,0.023757475,0.791729,0.991165
311,Mexico,2011,7.63491E+11,MEX,1.47E+13,0.051938159,-2.957701514,27.3611671,4.5,MEX,10.01240267,0.248588775,1.00796,1.07189
312,Moldova,2011,12016670256,MDA,98772814000,0.121659693,-2.106527531,23.20956071,9.5,MDA,15.24032716,0.2692396,0.049706,0.115786
313,Mongolia,2011,7.13305E+11,MNG,1.32E+13,0.054038231,-2.918063499,27.29317445,12.25,MNG,18.46699109,0.365780725,-1.20509,-2.07411
314,New Zealand,2011,4892376000,NZL,2.13E+11,0.022968901,-3.773614091,22.31094391,2.5,NZL,25.55528881,0.1140045,0.064004,0.189847
315,Paraguay,2011,7.32427E+12,PRY,1.41E+14,0.051945164,-2.957566649,29.62221436,7.25,PRY,9.378146269,0.1697358,-0.619805,-0.291836
316,Peru,2011,32300487580,PER,4.73E+11,0.068288557,-2.684013063,24.19834816,4.25,PER,15.96889515,0.558453775,-0.746415,-0.41556
317,Singapore,2011,2.75E+10,SGP,3.51E+11,0.078293447,-2.547291367,24.03676069,0.18,SGP,13.10572195,0.04921745,1.68651,1.29582
318,South Africa,2011,1.01394E+11,ZAF,3.02E+12,0.033574179,-3.393997976,25.34227997,5.5,ZAF,25.17982275,0.494458625,0.016592,0.382296
319,Sweden,2011,1.00E+11,SWE,3.66E+12,0.027359563,-3.598689164,25.3297951,1.91,SWE,26.45355436,0.167534825,1.80518,1.23738
320,Switzerland,2011,49335400000,CHE,6.21E+11,0.079445089,-2.532689206,24.62190771,0.25,CHE,9.651738909,0.12896845,1.95964,1.42562
321,Thailand,2011,1.24857E+12,THA,1.13E+13,0.110492872,-2.202804263,27.85301958,3.25,THA,16.36185216,0.1350226,0.870845,1.01879
322,Togo,2011,2.2293E+11,TGO,1.82E+12,0.122489121,-2.099733062,26.13012455,3.25,TGO,15.97026891,0.169592125,-0.837184,-1.30099
323,Turkey,2011,55103173600,TUR,1.39E+12,0.039642571,-3.227851715,24.73247315,5,TUR,18.74408606,0.32091675,0.42938,0.633761
324,United Kingdom,2011,4.88E+10,GBR,1.64E+12,0.029732317,-3.515520708,24.61019665,0.5,GBR,25.8601462,0.3346818,1.54878,1.23085
325,United States,2011,1.03E+12,USA,1.55E+13,0.066743226,-2.706902473,27.66495867,0.125,USA,9.573699439,0.181616675,1.49138,1.19832
326,Uruguay,2011,45188736725,URY,9.26E+11,0.048799932,-3.020026366,24.53411371,8.75,URY,19.1018313,0.11859115,0.081756,0.183979
327,Albania,2012,2.01E+11,ALB,1.33E+12,0.151052632,-1.890126949,26.02607311,4,ALB,17.48323356,0.0926134,-0.472586,-0.333637
328,Angola,2012,3.35505E+11,AGO,1.22E+13,0.027500398,-3.593554816,26.53890225,10.25,AGO,14.82271932,0.0561138,-2.79136,-0.958884
329,Argentina,2012,2.37E+11,ARG,2.64E+12,0.089776515,-2.410431862,26.19136817,9.5,ARG,12.95284151,0.323742725,-0.148047,0.137046
330,Australia,2012,5.90E+10,AUS,1.50E+12,0.039321333,-3.235988074,24.80049815,3,AUS,21.19859309,0.132407025,-0.528256,0.105864
331,Azerbaijan,2012,9777521735,AZE,54743700000,0.178605424,-1.722576243,23.00335189,5,AZE,12.77863937,0,-1.50891,-0.444994
332,Bangladesh,2012,7.17E+11,BGD,1.06E+13,0.06767283,-2.693070506,27.29880461,5,BGD,9.02456269,0.0847806,-0.943499,-0.578572
333,Belarus,2012,1613662810,BLR,54761670000,0.029467012,-3.524483864,21.20177247,30,BLR,14.66297503,0.041243925,0.82272,0.798146
334,Brazil,2012,1.87E+11,BRA,4.81E+12,0.038967775,-3.245020244,25.95669796,7.25,BRA,13.65145753,0.2037661,0.161553,0.532894
335,Bulgaria,2012,9549920000,BGR,82040400000,0.116405088,-2.150679031,22.97979861,0.03,BGR,18.97682483,0.164133975,0.497365,0.473341
336,Canada,2012,63700027000,CAN,1.82E+12,0.035000015,-3.352406794,24.87745082,1,CAN,11.69256444,0.2497415,0.534847,0.834961
337,Chile,2012,6.19512E+12,CHL,1.30E+14,0.047654755,-3.043772858,29.45478271,5,CHL,18.99486687,0.06965145,-0.333627,-0.090636
338,Colombia,2012,4.38647E+13,COL,6.66E+14,0.06586286,-2.720180577,31.41213021,4.25,COL,13.23937265,0.16899305,0.049744,0.321098
339,Costa Rica,2012,8.44774E+11,CRI,2.34E+13,0.036101452,-3.321422206,27.46233493,5,CRI,13.31919766,0.184895075,0.247592,0.16517
340,Cote d'Ivoire,2012,1.73167E+12,CIV,1.37E+13,0.126399058,-2.068311247,28.1801057,3,CIV,14.39046854,0.119307325,-1.0558,-1.275
341,Dominican Republic,2012,86506746350,DOM,2.39E+12,0.036195291,-3.318826242,25.18348824,5,DOM,13.02648297,0.0870123,-0.256286,-0.229273
342,Georgia,2012,1918058888,GEO,26167300000,0.073299839,-2.613196861,21.37457952,5.25,GEO,24.11826975,0.067862975,-0.168891,0.019277
343,Guatemala,2012,26552115974,GTM,3.95E+11,0.067220547,-2.699776323,24.00237528,5,GTM,10.8359592,0.05247545,-0.293485,-0.170087
344,Honduras,2012,22149036898,HND,3.61E+11,0.061354673,-2.791083944,23.82105985,7,HND,14.74747232,0.0898758,-0.398168,-0.363502
345,India,2012,1.19E+13,IND,9.94E+13,0.119816398,-2.121794721,30.10837851,8,IND,10.83677172,0.109609975,0.144541,0.731385
346,Israel,2012,54772653738,ISR,9.93E+11,0.055158765,-2.897539614,24.72645689,2,ISR,22.11041791,0.14364265,1.27127,0.972854
347,Jamaica,2012,64684140000,JAM,1.31E+12,0.049377206,-3.008266376,24.89278188,6.25,JAM,24.33289303,0.318547225,-0.349499,-0.755872
348,Kazakhstan,2012,1.73665E+12,KAZ,3.10E+13,0.056020829,-2.882031705,28.18297662,5.5,KAZ,13.31209815,0.069112975,-0.787489,-0.401415
349,Malaysia,2012,67124279341,MYS,9.71E+11,0.069129021,-2.671780652,24.92981165,3,MYS,15.61314674,0.1648595,0.91952,0.942308
350,Mexico,2012,8.45396E+11,MEX,1.58E+13,0.053506051,-2.927960526,27.46307053,4.5,MEX,9.773015605,0.2817539,0.954246,1.07083
351,Moldova,2012,14554213757,MDA,1.05E+11,0.13861156,-1.976079793,23.40114639,4.5,MDA,15.59534633,0.100331775,0.115221,0.135964
352,Mongolia,2012,8.28393E+11,MNG,1.67E+13,0.049604368,-3.003676391,27.44275344,13.25,MNG,15.31214218,0.350790125,-1.35158,-2.30075
353,New Zealand,2012,5051868000,NZL,2.17E+11,0.023280498,-3.760139278,22.34302391,2.5,NZL,26.82136875,0.1499245,0.166665,0.142503
354,Paraguay,2012,8.60619E+12,PRY,1.47E+14,0.058545513,-2.837950823,29.78350288,5.5,PRY,9.454565134,0.184521075,-0.645452,-0.264723
355,Peru,2012,37823821286,PER,5.08E+11,0.074456341,-2.597542351,24.35620493,4.25,PER,16.5466871,0.276456525,-0.742204,-0.392031
356,Singapore,2012,2.91E+10,SGP,3.69E+11,0.078897019,-2.539611834,24.09445065,0.18,SGP,13.58066874,0.063908625,1.70347,1.31428
357,South Africa,2012,1.12169E+11,ZAF,3.25E+12,0.034513543,-3.366403473,25.44327264,5,ZAF,25.58813186,0.72272995,-0.023795,0.348635
358,Sweden,2012,9.64E+10,SWE,3.69E+12,0.026135772,-3.644450315,25.29219726,1.139,SWE,26.04981307,0.306910625,1.75179,1.20199
359,Switzerland,2012,54831600000,CHE,6.26E+11,0.087590415,-2.435083701,24.72753251,0.25,CHE,9.520371529,0.13808505,2.01041,1.40338
360,Thailand,2012,1.35093E+12,THA,1.24E+13,0.108946119,-2.216901844,27.93181574,2.75,THA,15.44094067,0.120290125,0.964292,1.01202
361,Togo,2012,1.95063E+11,TGO,1.98E+12,0.098516414,-2.317532104,25.99658586,3,TGO,15.87966385,0.188881675,-0.778208,-0.987933
362,Turkey,2012,60525482100,TUR,1.57E+12,0.038551262,-3.25576643,24.82633031,5,TUR,18.39275841,0.47478435,0.450234,0.636138
363,United Kingdom,2012,5.13E+10,GBR,1.69E+12,0.030382249,-3.493896771,24.66185287,0.5,GBR,25.11866914,0.4049434,1.49378,1.19991
364,United States,2012,1.12E+12,USA,1.62E+13,0.069418395,-2.667603388,27.74842897,0.125,USA,9.79687152,0.381228075,1.45359,1.1813
365,Uruguay,2012,52876503252,URY,1.04E+12,0.050842792,-2.979016925,24.6912249,9,URY,18.82188561,0.16912125,-0.003597,0.091601
366,Albania,2013,2.08E+11,ALB,1.35E+12,0.153918519,-1.871331917,26.05979379,3,ALB,16.50327061,0.1840081,-0.684933,-0.464871
367,Argentina,2013,2.89E+11,ARG,3.35E+12,0.086330746,-2.449569472,26.39041199,9.5,ARG,12.45290276,0.3264396,-0.496513,-0.099565
368,Australia,2013,6.30E+10,AUS,1.54E+12,0.040920779,-3.196117296,24.86668624,2.5,AUS,22.02482967,0.034845475,-0.816851,-0.077673
369,Azerbaijan,2013,11033734472,AZE,5.82E+10,0.189641719,-1.662618679,23.12422319,4.75,AZE,13.38833316,0.0929626,-1.44358,-0.519568
370,Bangladesh,2013,8.19E+11,BGD,1.20E+13,0.068252667,-2.684538774,27.43138899,5,BGD,8.962413316,0.1622907,-1.17559,-0.780446
371,Belarus,2013,1789286070,BLR,67068850000,0.026678347,-3.623903007,21.30508253,23.5,BLR,13.35496285,0.04541765,0.689295,0.719835
372,Brazil,2013,2.04E+11,BRA,5.33E+12,0.038283677,-3.262731654,26.0416407,10,BRA,13.44169278,0.42892435,0.032264,0.374105
373,Bulgaria,2013,10253720000,BGR,81866100000,0.12524989,-2.077444419,23.0509064,0.02,BGR,19.89304364,0.619247875,0.278113,0.309899
374,Canada,2013,66615938000,CAN,1.90E+12,0.03506102,-3.350665307,24.9222097,1,CAN,11.65239901,0.087607525,0.421886,0.740106
375,Chile,2013,6.91761E+12,CHL,1.38E+14,0.05012759,-2.993183728,29.56509107,4.5,CHL,17.3869727,0.258577725,-0.499261,-0.142225
376,Colombia,2013,4.90955E+13,COL,7.14E+14,0.068761176,-2.677115989,31.52478809,3.25,COL,14.03127662,0.20906695,-0.234596,0.132434
377,Costa Rica,2013,9.21451E+11,CRI,2.49E+13,0.037006057,-3.296673683,27.54921524,3.75,CRI,13.74171499,0.1947897,0.158575,-0.129241
378,Cote d'Ivoire,2013,1.93536E+12,CIV,1.54E+13,0.125672909,-2.074072707,28.29131592,2.5,CIV,14.54269745,0.170429075,-1.05279,-1.52292
379,Dominican Republic,2013,93747168517,DOM,2.62E+12,0.035781362,-3.330328135,25.2638673,6.25,DOM,13.50353563,0.1224332,-0.406432,-0.545814
380,Georgia,2013,2351552551,GEO,26847300000,0.087589909,-2.435089487,21.57834161,3.75,GEO,23.4202322,0.60319495,-0.419841,-0.336523
381,Guatemala,2013,27130286163,GTM,4.23E+11,0.064137792,-2.746721505,24.02391651,5,GTM,10.92610255,0.169671,-0.505798,-0.359199
382,Honduras,2013,23600423783,HND,3.77E+11,0.062600594,-2.770980519,23.88453051,7,HND,15.06324191,0.272947925,-0.429599,-0.678675
383,India,2013,1.30E+13,IND,1.12E+14,0.116167321,-2.152723701,30.19679629,7.5,IND,11.00162569,0.1232374,-0.134587,0.718199
384,Israel,2013,57535519611,ISR,1.06E+12,0.054278792,-2.913621698,24.77566833,1,ISR,22.91812881,0.212571425,1.22703,0.903089
385,Jamaica,2013,69801724000,JAM,1.43E+12,0.048812394,-3.019771015,24.96892455,6.25,JAM,24.01202523,0.249180325,-0.64931,-1.24971
386,Kazakhstan,2013,1.76291E+12,KAZ,3.60E+13,0.048969635,-3.016554861,28.19798519,5.5,KAZ,16.03017776,0.039582025,-0.961147,-0.363322
387,Malaysia,2013,73030832547,MYS,1.02E+12,0.071598855,-2.636676191,25.01414755,3,MYS,15.31023528,0.22439895,0.810485,0.84428
388,Mexico,2013,9.17875E+11,MEX,1.63E+13,0.05631136,-2.876858981,27.54532724,3.5,MEX,10.29457862,0.2250533,0.846744,1.02535
389,Moldova,2013,19040704508,MDA,1.20E+11,0.158672538,-1.840912713,23.66984487,3.5,MDA,15.46963596,0.08497805,-0.019913,-0.022223
390,Mongolia,2013,8.41077E+11,MNG,1.92E+13,0.043806068,-3.127982925,27.45794847,10.5,MNG,15.73120804,0.25195265,-1.67769,-3.21446
391,New Zealand,2013,5462970000,NZL,2.33E+11,0.023446223,-3.753045856,22.42125843,2.5,NZL,26.6464712,0.08928675,-0.096978,-0.018693
392,Paraguay,2013,9.74395E+12,PRY,1.67E+14,0.058347004,-2.841347266,29.90766766,6,PRY,8.97252021,0.300186875,-0.982503,-0.575557
393,Peru,2013,42530187778,PER,5.44E+11,0.078180492,-2.548735122,24.47347996,4,PER,16.43300669,0.379358875,-1.01445,-0.563988
394,Philippines,2013,7.97452E+11,PHL,1.15E+13,0.069343647,-2.668680748,27.4046874,3.5,PHL,13.3095109,0.019252975,0.341858,0.664346
395,Singapore,2013,3.17E+10,SGP,3.85E+11,0.082218182,-2.498378811,24.17813036,0.63749,SGP,13.27125008,0.043799175,1.71717,1.31983
396,South Africa,2013,1.19057E+11,ZAF,3.54E+12,0.033631845,-3.392281891,25.50286595,5,ZAF,26.04390961,0.5499399,-0.192079,0.249101
397,Sweden,2013,8.57E+10,SWE,3.77E+12,0.022732095,-3.783977455,25.17411866,1,SWE,26.21171142,0.23604635,1.75214,1.17765
398,Switzerland,2013,59735100000,CHE,6.38E+11,0.093628683,-2.368418496,24.81318562,0.25,CHE,9.602815894,0.200722325,2.05181,1.40621
399,Thailand,2013,1.42528E+12,THA,1.29E+13,0.110487015,-2.202857274,27.98539115,2.25,THA,17.01195985,0.12872635,0.87724,0.964175
400,Togo,2013,1.95479E+11,TGO,2.13E+12,0.091774085,-2.388425325,25.99871777,2.5,TGO,16.86006417,0.4032059,-0.671987,-1.14251
401,Turkey,2013,74814590000,TUR,1.81E+12,0.041334028,-3.186069205,25.03827876,3.5,TUR,18.53188787,0.231531175,0.287393,0.583639
402,United Kingdom,2013,5.42E+10,GBR,1.76E+12,0.030821023,-3.479558266,24.71677666,0.5,GBR,25.11299591,0.3034571,1.45544,1.20145
403,United States,2013,1.20E+12,USA,1.68E+13,0.071142917,-2.643064514,27.80933549,0.125,USA,10.51960599,0.222607475,1.43702,1.18747
404,Albania,2014,2.26E+11,ALB,1.40E+12,0.161735714,-1.821791669,26.14570168,2.25,ALB,18.30193614,0.239363375,-0.542079,-0.409027
405,Argentina,2014,3.59E+11,ARG,4.58E+12,0.078330131,-2.546822935,26.60589718,26.86,ARG,12.61096661,0.296355175,-0.502072,-0.130401
406,Australia,2014,6.69E+10,AUS,1.60E+12,0.04178375,-3.175247771,24.92577697,2.5,AUS,21.98970304,0.1185409,-0.846322,-0.09589
407,Azerbaijan,2014,10846211444,AZE,59014100000,0.18379017,-1.693960555,23.10708168,3.5,AZE,14.21253565,0,-1.7818,-0.733234
408,Belarus,2014,2044685830,BLR,80579270000,0.025374837,-3.673997271,21.43850999,20,BLR,12.69772453,0.0282199,0.731427,0.709316
409,Brazil,2014,2.21E+11,BRA,5.78E+12,0.038210035,-3.264657112,26.12076769,11.75,BRA,12.76168468,0.253388075,-0.151225,0.351105
410,Bulgaria,2014,11586940000,BGR,8.38E+10,0.138341611,-1.978029208,23.17314444,0.02,BGR,19.5253152,0.390314175,0.290812,0.391629
411,Canada,2014,70023537000,CAN,1.99E+12,0.035187707,-3.347058489,24.97209727,1,CAN,11.83636656,0.0301988,0.411362,0.695561
412,Chile,2014,7.57808E+12,CHL,1.49E+14,0.05085957,-2.978686982,29.65628044,3,CHL,16.9701562,0.126432975,-0.532363,-0.126211
413,Colombia,2014,5.63938E+13,COL,7.63E+14,0.073910609,-2.604898907,31.66338024,4.5,COL,15.69974837,0.21571595,-0.194463,0.174145
414,Costa Rica,2014,9.88497E+11,CRI,2.72E+13,0.036341798,-3.314786728,27.61945136,5.25,CRI,13.41665899,0.13137475,0.093993,-0.088551
415,Cote d'Ivoire,2014,2.08821E+12,CIV,1.75E+13,0.119326377,-2.125892875,28.36732912,2.5,CIV,13.97364016,0.364042425,-1.17654,-1.39779
416,Dominican Republic,2014,1.04707E+11,DOM,2.88E+12,0.036356712,-3.314376449,25.37443496,6.25,DOM,13.61038485,0.107607775,-0.40546,-0.49685
417,Georgia,2014,2462108454,GEO,29150500000,0.084461963,-2.471453987,21.62428391,4,GEO,23.48844788,0.3351553,-0.457954,-0.392979
418,Ghana,2014,7742207750,GHA,1.55E+11,0.049949727,-2.996738231,22.76995272,21,GHA,10.94021522,0.260787125,-1.47184,-1.22961
419,Guatemala,2014,29164400126,GTM,4.54E+11,0.064238767,-2.745148406,24.09621463,4,GTM,10.81807024,0.2170457,-0.412311,-0.342852
420,Honduras,2014,26394842374,HND,4.15E+11,0.06360203,-2.755109894,23.99643446,7,HND,16.54263824,0.25370125,-0.370913,-0.498779
421,India,2014,1.45E+13,IND,1.25E+14,0.11586496,-2.155329904,30.30400495,8,IND,9.984654191,0.177005125,-0.014696,0.851584
422,Israel,2014,63194130553,ISR,1.11E+12,0.056931649,-2.865903868,24.86947726,0.25,ISR,23.17181773,0.2174539,1.14081,0.85479
423,Jamaica,2014,74937086000,JAM,1.54E+12,0.048660445,-3.022888787,25.03991475,5.75,JAM,24.05563302,0.069815025,-0.787602,-1.38448
424,Jordan,2014,4177854000,JOR,2.56E+10,0.163210173,-1.812716506,22.15306355,2.75,JOR,15.77154465,0.024392625,-0.010019,-0.361365
425,Kazakhstan,2014,1.38218E+12,KAZ,3.97E+13,0.034815695,-3.357686976,27.95468533,5.5,KAZ,14.19343274,0.21883505,-1.00924,-0.250016
426,Kenya,2014,2.2193E+11,KEN,5.40E+12,0.041098058,-3.1917944,26.12562567,8.5,KEN,16.87697939,0.270560925,-0.51908,-0.934165
427,Malaysia,2014,77734604008,MYS,1.11E+12,0.070031175,-2.658814782,25.07656635,3.25,MYS,14.84079071,0.043889675,0.828817,0.907908
428,Mexico,2014,1.06E+12,MEX,1.75E+13,0.060736686,-2.801207386,27.69201461,3,MEX,10.63196811,0.1322813,0.953003,1.0197
429,Moldova,2014,19216996641,MDA,1.33E+11,0.144488697,-1.934553999,23.67906097,6.5,MDA,16.63749486,0.21680175,-0.103664,0.029586
430,Mongolia,2014,8.09617E+11,MNG,2.22E+13,0.036469236,-3.311286228,27.41982718,12,MNG,12.90163424,0.0890833,-1.55696,-2.93534
431,New Zealand,2014,5743859000,NZL,2.42E+11,0.023734955,-3.740806442,22.47139712,3.5,NZL,26.82236744,0.0925432,-0.119421,-0.016548
432,Paraguay,2014,1.06152E+13,PRY,1.80E+14,0.058973223,-2.83067178,29.99330619,6.75,PRY,9.769710003,0.090795725,-1.10231,-0.549455
433,Peru,2014,47543004057,PER,5.71E+11,0.083262704,-2.48575456,24.58490049,3.5,PER,16.70375816,0.1242657,-0.956349,-0.562083
434,Philippines,2014,9.29502E+11,PHL,1.26E+13,0.073769997,-2.606803178,27.55791475,4,PHL,13.60544233,0.062833975,0.477815,0.65094
435,Singapore,2014,3.44E+10,SGP,3.99E+11,0.086263158,-2.450352679,24.26187457,0.68416,SGP,13.55655713,0,1.71171,1.26867
436,South Africa,2014,1.31333E+11,ZAF,3.81E+12,0.03447073,-3.367644715,25.60100559,5.75,ZAF,26.54119201,0.494686575,-0.204966,0.248038
437,Sweden,2014,8.32E+10,SWE,3.94E+12,0.021122843,-3.857400235,25.1448016,1,SWE,26.27641988,0.419254675,1.6459,1.114
438,Switzerland,2014,6.27E+10,CHE,6.50E+11,0.096456923,-2.338658763,24.86157944,0.25,CHE,9.401768206,0.32018265,1.99456,1.36414
439,Thailand,2014,1.50368E+12,THA,1.32E+13,0.113915067,-2.172302134,28.03893581,2,THA,15.80834265,0.296913125,0.955651,0.961017
440,Togo,2014,1.81751E+11,TGO,2.26E+12,0.080420929,-2.520480823,25.92590511,2.5,TGO,18.39938624,0.215739825,-0.462205,-1.26051
441,Turkey,2014,85118221700,TUR,2.04E+12,0.041724618,-3.176663953,25.16730697,7.5,TUR,18.0698217,0.392007375,0.378481,0.659361
442,United Kingdom,2014,5.62E+10,GBR,1.84E+12,0.030559783,-3.488070428,24.75271626,0.5,GBR,24.83523514,0.238020825,1.40296,1.15168
443,United States,2014,1.29E+12,USA,1.75E+13,0.073956971,-2.604271822,27.88895017,0.125,USA,10.95153383,0.147042175,1.30167,1.13702
444,Albania,2015,2.39E+11,ALB,1.43E+12,0.167286713,-1.788046093,26.20064947,1.75,ALB,18.51578986,0.2394774,-0.896511,-0.360143
445,Argentina,2015,4.79E+11,ARG,5.95E+12,0.080466723,-2.519911563,26.89450077,33.0009,ARG,12.33650694,0.36072255,0.462111,-0.188967
446,Australia,2015,7.19E+10,AUS,1.62E+12,0.044397531,-3.114571422,24.99887584,2,AUS,22.002263,0.1742644,0.0971997,-0.11783
447,Azerbaijan,2015,5417048969,AZE,54380100000,0.099614546,-2.306447082,22.41281703,3,AZE,15.60313423,0.23723205,-0.674689,-0.768319
448,Belarus,2015,2114630700,BLR,89909810000,0.023519466,-3.749926869,21.47214602,25,BLR,14.17309447,0.057530775,0.836874,0.653686
449,Brazil,2015,2.25E+11,BRA,6.00E+12,0.037580833,-3.28126111,26.14151947,14.25,BRA,12.82486326,0.42977295,0.696066,0.361846
450,Bulgaria,2015,1.27E+10,BGR,88575200000,0.143663238,-1.940283346,23.2668344,0.01,BGR,20.20137126,0.359879525,0.358694,0.416352
451,Canada,2015,75496908000,CAN,1.99E+12,0.037938145,-3.271798216,25.04735754,0.5,CAN,12.41860444,0.19253435,1.12953,0.682508
452,Chile,2015,8.41769E+12,CHL,1.60E+14,0.052610585,-2.944837939,29.76135699,3.35,CHL,17.44376183,0.337096425,0.0316813,-0.111206
453,Colombia,2015,6.67395E+13,COL,8.05E+14,0.082906197,-2.490045469,31.83181792,5.75,COL,15.79726266,0.21958045,0.0953318,0.194997
454,Costa Rica,2015,1.05069E+12,CRI,2.93E+13,0.035859584,-3.328144403,27.68046423,2.25,CRI,13.65709299,0.18480245,0.135131,-0.036409
455,Cote d'Ivoire,2015,2.36015E+12,CIV,1.96E+13,0.1204156,-2.116806186,28.4897445,2.5,CIV,15.44802829,0.240220825,-0.965066,-1.32897
456,Dominican Republic,2015,1.11539E+11,DOM,3.10E+12,0.035980357,-3.324782137,25.43764109,5,DOM,13.24999603,0.12373815,-0.422355,-0.520992
457,Georgia,2015,2503731810,GEO,31755600000,0.078843788,-2.540286745,21.64104818,8,GEO,23.77407449,0.431684875,-0.13572,-0.339992
458,Ghana,2015,9536521368,GHA,1.80E+11,0.052980674,-2.937828068,22.97839462,26,GHA,18.26215239,0.152144625,-1.04762,-1.10084
459,Guatemala,2015,33308095060,GTM,4.88E+11,0.068254293,-2.684514944,24.2290663,3,GTM,10.21308967,0.26682475,-0.555447,-0.342653
460,Honduras,2015,29452370698,HND,4.60E+11,0.064026893,-2.748452084,24.10604024,6.25,HND,17.34447206,0.1768158,-0.844833,-0.494988
461,India,2015,1.66E+13,IND,1.38E+14,0.120540797,-2.115767018,30.44250778,6.75,IND,10.56970905,0.211966625,0.254162,0.847024
462,Israel,2015,73486866201,ISR,1.17E+12,0.062809287,-2.767652329,25.02037254,9.00E-02,ISR,23.28071506,0.1173937,1.23759,0.869468
463,Jamaica,2015,84294723000,JAM,1.66E+12,0.050779954,-2.980253616,25.1575851,5.25,JAM,24.81937684,0.061283575,-0.285952,-1.4375
464,Jordan,2015,4336768000,JOR,2.69E+10,0.161098366,-1.825740135,22.19039521,1.5,JOR,15.21582467,0.174687425,-0.0543591,-0.40191
465,Kazakhstan,2015,1.49493E+12,KAZ,4.09E+13,0.036550848,-3.309050889,28.03310029,16,KAZ,9.835711552,0.4850412,0.0243757,-0.310973
466,Kenya,2015,2.40931E+11,KEN,6.28E+12,0.038364794,-3.26061506,26.20777604,11.5,KEN,16.25663539,0.3555673,-0.690631,-0.868874
467,Malaysia,2015,88157303993,MYS,1.16E+12,0.075997676,-2.57705252,25.2023886,3.25,MYS,14.28046125,0.20170395,0.938148,0.928129
468,Mexico,2015,1.23933E+12,MEX,1.86E+13,0.066630486,-2.708593058,27.84558964,3.25,MEX,12.79662196,0.182527625,1.15387,1.03857
469,Moldova,2015,17044068334,MDA,1.46E+11,0.116740194,-2.147804377,23.55906808,19.5,MDA,16.40123682,0.19443565,-0.388113,-0.044257
470,Mongolia,2015,7.06605E+11,MNG,2.32E+13,0.030457107,-3.491435918,27.28373748,13,MNG,11.76281408,0.0245074,-0.851358,-2.7369
471,New Zealand,2015,6113029000,NZL,2.54E+11,0.024067043,-3.726911872,22.53368823,2.5,NZL,27.46937792,0.13983335,0.59338,-0.056598
472,Paraguay,2015,1.092E+13,PRY,1.88E+14,0.058085274,-2.845843113,30.02161997,5.75,PRY,9.749454783,0.228528375,-0.63956,-0.602473
473,Peru,2015,48890028424,PER,6.04E+11,0.080943756,-2.51400074,24.61283929,3.75,PER,14.92330459,0.20950845,-0.645699,-0.556697
474,Philippines,2015,1.00519E+12,PHL,1.33E+13,0.075578567,-2.582582547,27.6362026,4,PHL,13.62760378,0.149592875,0.111666,0.653927
475,Senegal,2015,9.13567E+11,SEN,1.05E+13,0.08700634,-2.441774287,27.54062209,2.5,SEN,15.77426099,0.130875775,-0.498182,-1.30014
476,Singapore,2015,3.84E+10,SGP,4.23E+11,0.090855792,-2.398481733,24.37215628,1.23416,SGP,13.13977453,0.10712785,1.746,1.24691
477,South Africa,2015,1.37991E+11,ZAF,4.05E+12,0.034071831,-3.379284314,25.65045368,6.25,ZAF,27.3427766,0.731975,0.303549,0.261409
478,Switzerland,2015,67411500000,CHE,6.54E+11,0.103075688,-2.272291725,24.93408146,-0.25,CHE,9.8416036,0.570924975,2.15805,1.36086
479,Thailand,2015,1.53985E+12,THA,1.37E+13,0.112397673,-2.185712042,28.06270491,1.5,THA,16.12835781,0.30135815,0.590169,0.992656
480,Turkey,2015,1.03043E+11,TUR,2.34E+12,0.044035315,-3.122763364,25.35840868,7.25,TUR,18.23818729,0.72211465,0.133999,0.652583
481,United Kingdom,2015,5.97E+10,GBR,1.90E+12,0.031405789,-3.460763025,24.81211198,0.5,GBR,25.09121291,0.477109675,1.6425,1.14639
482,United States,2015,1.38E+12,USA,1.82E+13,0.075865879,-2.578788246,27.95365446,0.375,USA,11.2046032,0.268378,1.8166,1.12487