country,year,cic,gdp,cd,bank_rate,tax_gdp_2,debt_gdp_2,interest_rates_imf,tax_gdp,urban_pop_growth,country_code,crime
United States,1918,4.370333333,NA,NA,NA,NA,NA,NA,NA,NA,NA,NA
United States,1919,4.728,NA,NA,NA,NA,NA,NA,NA,NA,NA,NA
United States,1920,5.190333333,NA,NA,NA,NA,NA,NA,NA,NA,NA,NA
United States,1921,4.664333333,NA,NA,NA,NA,NA,NA,NA,NA,NA,NA
United States,1922,4.246833333,NA,NA,NA,NA,NA,NA,NA,NA,NA,NA
United States,1923,4.53375,NA,NA,NA,NA,NA,NA,NA,NA,NA,NA
United States,1924,4.591583333,NA,NA,NA,NA,NA,NA,NA,NA,NA,NA
United States,1925,4.580416667,NA,NA,NA,NA,NA,NA,NA,NA,NA,NA
United States,1926,4.644416667,NA,NA,NA,NA,NA,NA,NA,NA,NA,NA
United States,1927,4.605,NA,NA,NA,NA,NA,NA,NA,NA,NA,NA
United States,1928,4.495416667,NA,NA,NA,NA,NA,NA,NA,NA,NA,NA
United States,1929,4.474916667,104.556,0.042799234,NA,NA,NA,NA,NA,NA,NA,NA
United States,1930,4.2585,92.16,0.046207682,NA,NA,NA,NA,NA,NA,NA,NA
United States,1931,4.669833333,77.391,0.06034078,NA,NA,NA,NA,NA,NA,NA,NA
United States,1932,5.328083333,59.522,0.089514521,NA,NA,NA,NA,NA,NA,NA,NA
United States,1933,5.57525,57.154,0.097547853,NA,NA,NA,NA,NA,NA,NA,NA
United States,1934,5.40225,66.8,0.080872006,NA,NA,NA,NA,NA,NA,NA,NA
United States,1935,5.584416667,74.241,0.075220116,NA,NA,NA,NA,NA,NA,NA,NA
United States,1936,6.102666667,84.83,0.071939958,NA,NA,NA,NA,NA,NA,NA,NA
United States,1937,6.474416667,93.003,0.069615138,NA,NA,NA,NA,NA,NA,NA,NA
United States,1938,6.505083333,87.352,0.07446977,NA,NA,NA,NA,NA,NA,NA,NA
United States,1939,7.056083333,93.437,0.075517015,NA,NA,NA,NA,NA,NA,NA,NA
United States,1940,7.87775,102.899,0.076558081,NA,NA,NA,NA,NA,NA,NA,NA
United States,1941,9.588,129.309,0.074147971,NA,NA,NA,NA,NA,NA,NA,NA
United States,1942,12.67925,165.952,0.076403117,NA,NA,NA,NA,NA,NA,NA,NA
United States,1943,17.60666667,203.084,0.086696474,NA,NA,NA,NA,NA,NA,NA,NA
United States,1944,22.55058333,224.447,0.100471752,NA,NA,NA,NA,NA,NA,NA,NA
United States,1945,26.84683333,228.007,0.117745654,NA,NA,NA,NA,NA,NA,NA,NA
United States,1946,28.28991667,227.535,0.124332154,NA,NA,NA,NA,NA,NA,NA,NA
United States,1947,28.42025,249.616,0.113855883,NA,NA,NA,NA,NA,NA,NA,NA
United States,1948,28.06366667,274.468,0.102247499,NA,NA,NA,NA,NA,NA,NA,NA
United States,1949,27.5185,272.475,0.100994587,NA,NA,NA,NA,NA,NA,NA,NA
United States,1950,27.17333333,299.827,0.090630041,NA,NA,NA,NA,NA,NA,NA,NA
United States,1951,27.736,346.914,0.079950651,NA,NA,NA,NA,NA,NA,NA,NA
United States,1952,29.06258333,367.341,0.079116089,NA,NA,NA,NA,NA,NA,NA,NA
United States,1953,30.13358333,389.218,0.077420837,NA,NA,NA,NA,NA,NA,NA,NA
United States,1954,30.02816667,390.549,0.076887066,NA,NA,NA,NA,NA,NA,NA,NA
United States,1955,30.24858333,425.478,0.071093178,NA,NA,NA,NA,NA,NA,NA,NA
United States,1956,30.68625,449.353,0.068289852,NA,NA,NA,NA,NA,NA,NA,NA
United States,1957,31.00275,474.039,0.065401264,NA,NA,NA,NA,NA,NA,NA,NA
United States,1958,31.17616667,481.229,0.064784472,NA,NA,NA,NA,NA,NA,NA,NA
United States,1959,31.79208333,521.654,0.060944771,NA,NA,NA,NA,NA,NA,NA,NA
United States,1960,32.0555,542.382,0.059101334,NA,NA,NA,NA,NA,2.449104465,NA,NA
United States,1961,32.50275,562.21,0.057812472,NA,NA,NA,NA,NA,2.200570878,NA,NA
United States,1962,33.76741667,603.921,0.055913632,NA,NA,NA,NA,NA,2.076494302,NA,NA
United States,1963,35.4965,637.451,0.055685064,NA,NA,NA,NA,NA,1.970559363,NA,NA
United States,1964,37.70666667,684.46,0.055089657,NA,NA,NA,NA,NA,1.913437108,NA,NA
United States,1965,39.884,742.289,0.053731094,NA,NA,NA,NA,NA,1.767653287,NA,NA
United States,1966,42.50716667,813.414,0.052257727,NA,NA,NA,NA,NA,1.665558704,NA,NA
United States,1967,44.75825,859.958,0.052047019,NA,NA,NA,NA,NA,1.592820422,NA,NA
United States,1968,47.72908333,940.651,0.05074048,NA,NA,NA,NA,NA,1.495762638,NA,NA
United States,1969,50.87941667,1017.615,0.04999869,NA,NA,NA,NA,NA,1.467992726,NA,NA
United States,1970,54.17308333,1073.303,0.050473243,NA,NA,NA,NA,NA,1.531151622,NA,NA
United States,1971,58.07183333,1164.85,0.049853486,NA,NA,NA,NA,NA,1.279277894,NA,NA
United States,1972,62.17583333,1279.11,0.048608668,NA,NA,NA,NA,11.8199373,1.084106289,NA,NA
United States,1973,67.60608333,1425.376,0.047430351,NA,NA,NA,NA,11.49521249,0.968058589,NA,NA
United States,1974,73.97008333,1545.243,0.047869548,NA,NA,NA,NA,11.83762036,0.927239982,NA,NA
United States,1975,80.76175,1684.904,0.047932553,NA,NA,NA,NA,11.1858005,0.999564503,NA,NA
United States,1976,88.36808333,1873.412,0.047169594,NA,NA,NA,NA,10.74883688,0.963796081,NA,NA
United States,1977,96.47058333,2081.826,0.046339407,NA,NA,NA,NA,11.61864632,1.019346153,NA,NA
United States,1978,106.139,2351.599,0.045134821,NA,NA,NA,NA,11.54235905,1.071788951,NA,NA
United States,1979,116.642,2627.334,0.044395574,NA,NA,NA,NA,12.00380309,1.117147538,NA,NA
United States,1980,127.5426667,2857.307,0.044637369,NA,NA,NA,NA,12.13835265,1.021992478,NA,NA
United States,1981,137.4699167,3207.042,0.042865019,NA,NA,NA,NA,12.55050604,1.187337971,NA,NA
United States,1982,147.44775,3343.789,0.044096009,NA,NA,NA,NA,11.97862664,1.158817769,NA,NA
United States,1983,160.6590833,3634.038,0.044209522,NA,NA,NA,9.38,10.34826823,1.119456627,NA,NA
United States,1984,173.9805833,4037.613,0.04308996,NA,NA,NA,8.13,10.15971565,1.067786202,NA,NA
United States,1985,185.4145833,4338.979,0.042732307,NA,NA,NA,7.75,10.38424016,1.087690787,NA,NA
United States,1986,198.78775,4579.631,0.043406936,NA,NA,NA,5.88,10.16304589,1.125320221,NA,NA
United States,1987,214.6169167,4855.215,0.044203381,NA,NA,NA,6.81,10.94884573,1.093244264,NA,NA
United States,1988,233.0936667,5236.438,0.044513783,NA,NA,NA,8.69,10.59594327,1.107017474,NA,NA
United States,1989,247.3764167,5641.58,0.043848783,NA,NA,NA,8.25,10.78244038,1.140364939,NA,NA
United States,1990,266.8675833,5963.144,0.044752832,NA,NA,NA,7,10.46528476,1.410256285,USA,9.3
United States,1991,291.81875,6158.129,0.047387567,NA,NA,NA,4,10.32034243,1.867384399,USA,9.7
United States,1992,312.6661667,6520.327,0.047952529,NA,NA,NA,3,9.984161837,1.908632997,USA,9.2
United States,1993,343.5631667,6858.559,0.050092617,NA,NA,NA,3,10.30493432,1.831182276,USA,9.4
United States,1994,379.1286667,7287.236,0.052026402,NA,NA,NA,5.5,10.62350664,1.73098223,USA,8.9
United States,1995,407.9183333,7639.749,0.053394206,NA,NA,NA,5.5,10.98098904,1.686466663,USA,8.1
United States,1996,425.7430833,8073.122,0.052735866,NA,NA,NA,5.25,11.37391458,1.652782978,USA,7.3
United States,1997,453.8421667,8577.552,0.052910454,NA,NA,NA,5.5,11.82819654,1.681975267,USA,6.7
United States,1998,485.664,9062.817,0.053588636,NA,NA,NA,4.75,12.32982913,1.637627657,USA,6.2
United States,1999,535.6471667,9630.663,0.05561893,NA,NA,NA,5.5,12.26062892,1.612956772,USA,5.6
United States,2000,572.01975,10252.347,0.055794029,NA,NA,NA,6.5,12.96903235,1.512011391,USA,5.5
United States,2001,601.0930833,10581.822,0.056804309,NA,NA,NA,1.8306,11.858072,1.213380422,USA,6.7
United States,2002,653.9599167,10936.418,0.059796536,NA,NA,NA,1.25,9.861546039,1.148418847,USA,5.6
United States,2003,693.5033333,11458.246,0.060524389,NA,NA,NA,1,9.389746033,1.078360384,USA,5.7
United States,2004,729.3506667,12213.73,0.059715637,NA,NA,NA,2.25,9.539265084,1.143885301,USA,5.5
United States,2005,761.86775,13036.637,0.058440513,NA,NA,NA,4.25,10.68450134,1.135884591,USA,5.7
United States,2006,794.0215833,13814.609,0.057476949,NA,NA,NA,5.25,11.31121212,1.17796816,USA,5.8
United States,2007,811.7314167,14451.86,0.056167955,NA,NA,NA,4.25,11.30719612,1.163067761,USA,5.7
United States,2008,832.3643333,14712.845,0.056573989,NA,NA,NA,0.125,10.31615636,1.156185671,USA,5.4
United States,2009,907.3975833,14448.932,0.062800322,NA,NA,NA,0.125,7.919615919,1.085290294,USA,5
United States,2010,945.6419167,14992.052,0.063076216,NA,NA,NA,0.125,8.595887591,1.035002594,USA,4.8
United States,2011,1023.447167,15542.582,0.06584795,NA,NA,NA,0.125,9.573699439,0.938733055,USA,4.7
United States,2012,1112.7995,16197.007,0.06870402,NA,NA,NA,0.125,9.79687152,0.949582719,USA,4.7
United States,2013,1193.20175,16784.851,0.071088016,NA,NA,NA,0.125,10.51960599,0.914905301,USA,4.5
United States,2014,1279.127417,17527.258,0.072979323,NA,NA,NA,0.125,10.95153383,0.960162155,USA,4.5
United States,2015,1371.52375,18224.78,0.075255984,NA,NA,NA,0.375,11.2046032,0.967792647,USA,5
United States,2016,1457.525,18715.04,0.077879876,NA,NA,NA,0.625,10.98294396,0.956993485,USA,5.4
United States,2017,1555.442667,19519.424,0.079686914,NA,NA,NA,NA,11.94741055,0.879600123,USA,5.3
United States,2018,1661.464,20580.223,0.080731098,NA,NA,NA,NA,9.675467574,0.860433167,NA,NA
United Kingdom,1875,25377365,1245828338,0.02037,4,5.607674722,57.46885574,4,5.607674722,NA,NA,NA
United Kingdom,1876,26196835,1229404387,0.02131,2,5.789619403,58.20848145,2,5.789619403,NA,NA,NA
United Kingdom,1877,27216605,1212413224,0.02245,4,5.932696588,58.99003313,4,5.932696588,NA,NA,NA
United Kingdom,1878,26529445,1190624638,0.02228,5,6.270988334,60.23700995,5,6.270988334,NA,NA,NA
United Kingdom,1879,29384465,1143697139,0.02569,3,6.105530636,62.52744693,3,6.105530636,NA,NA,NA
United Kingdom,1880,26305410,1229476011,0.0214,3,6.060497497,58.25296999,3,6.060497497,NA,NA,NA
United Kingdom,1881,25259150,1246862361,0.02026,5,6.25328409,57.0249318,5,6.25328409,NA,NA,NA
United Kingdom,1882,24532660,1283575035,0.01911,5,6.299591672,54.98222472,5,6.299591672,NA,NA,NA
United Kingdom,1883,24835615,1290341594,0.01925,3,6.268576675,54.18333024,3,6.268576675,NA,NA,NA
United Kingdom,1884,24180600,1255920950,0.01925,5,6.529203763,55.28568795,5,6.529203763,NA,NA,NA
United Kingdom,1885,23418840,1230757485,0.01903,4,6.79930613,56.51923221,4,6.79930613,NA,NA,NA
United Kingdom,1886,23441560,1240626641,0.01889,5,6.856587464,55.88687009,5,6.856587464,NA,NA,NA
United Kingdom,1887,23245785,1291547090,0.018,4,6.568684355,51.97321047,4,6.568684355,NA,NA,NA
United Kingdom,1888,23183670,1337360296,0.01734,5,6.320774336,49.18423958,5,6.320774336,NA,NA,NA
United Kingdom,1889,23042465,1408963646,0.01635,6,6.249587883,46.23892304,6,6.249587883,NA,NA,NA
United Kingdom,1890,23069860,1442909308,0.01599,5,6.276559883,44.76767367,5,6.276559883,NA,NA,NA
United Kingdom,1891,23615300,1441379836,0.01638,3.5,6.398009746,44.27559739,3.5,6.398009746,NA,NA,NA
United Kingdom,1892,24590555,1409542375,0.01745,3,6.541859406,44.93290412,3,6.541859406,NA,NA,NA
United Kingdom,1893,24511490,1410475907,0.01738,3,6.566287439,44.67214641,3,6.566287439,NA,NA,NA
United Kingdom,1894,24308400,1488136585,0.01633,2,6.41808708,42.02909278,2,6.41808708,NA,NA,NA
United Kingdom,1895,24794165,1519498830,0.01632,2,6.685745102,40.67265259,2,6.685745102,NA,NA,NA
United Kingdom,1896,24919335,1571419872,0.01586,4,6.725848217,39.00027471,4,6.725848217,NA,NA,NA
United Kingdom,1897,25563940,1610681187,0.01587,3,6.77393357,37.67283594,3,6.77393357,NA,NA,NA
United Kingdom,1898,26353465,1699938082,0.0155,4,6.561824333,35.54670695,4,6.561824333,NA,NA,NA
United Kingdom,1899,26225355,1804817756,0.01453,6,6.696928369,33.67066763,6,6.696928369,NA,NA,NA
United Kingdom,1900,28437985,1875030802,0.01517,4,6.989948694,34.99418456,4,6.989948694,NA,NA,NA
United Kingdom,1901,28603125,1890361274,0.01513,4,7.539447941,37.94170785,4,7.539447941,NA,NA,NA
United Kingdom,1902,28487485,1897990764,0.01501,4,7.981850344,39.66224818,4,7.981850344,NA,NA,NA
United Kingdom,1903,28106400,1870482528,0.01503,4,7.80750858,40.38025163,4,7.80750858,NA,NA,NA
United Kingdom,1904,27629180,1874081466,0.01474,3,7.741148085,40.35432999,3,7.741148085,NA,NA,NA
United Kingdom,1905,26986870,1944106758,0.01388,4,7.5359139,38.77276111,4,7.5359139,NA,NA,NA
United Kingdom,1906,28265930,2021576044,0.01398,6,7.305590649,36.90686657,6,7.305590649,NA,NA,NA
United Kingdom,1907,27885190,2094482594,0.01331,7,7.113084952,34.92302605,7,7.113084952,NA,NA,NA
United Kingdom,1908,27810505,1992953883,0.01395,2.5,7.281199867,36.02603814,2.5,7.281199867,NA,NA,NA
United Kingdom,1909,28649325,2035113165,0.01408,4.5,6.389971073,35.55100789,4.5,6.389971073,NA,NA,NA
United Kingdom,1910,27748220,2121940371,0.01308,4.5,8.356945878,33.29513358,4.5,8.356945878,NA,NA,NA
United Kingdom,1911,27110320,2208451964,0.01228,4,8.209702724,31.23298785,4,8.209702724,NA,NA,NA
United Kingdom,1912,27988795,2303628322,0.01215,5,7.805688292,29.62630035,5,7.805688292,NA,NA,NA
United Kingdom,1913,27707990,2404537406,0.01152,5,7.824927555,28.26622733,5,7.824927555,NA,NA,NA
United Kingdom,1914,28210060,2433852663,0.01159,5,8.669855458,41.38195156,5,8.669855458,NA,NA,NA
United Kingdom,1915,34222880,2916456549,0.01173,5,10.19406939,63.70901956,5,10.19406939,NA,NA,NA
United Kingdom,1916,32507860,3381059675,0.00961,6,14.6256388,102.2486443,6,14.6256388,NA,NA,NA
United Kingdom,1917,38584710,4184401064,0.00922,5,15.48795297,125.437477,5,15.48795297,NA,NA,NA
United Kingdom,1918,47251225,4968237588,0.00951,5,16.336998,137.3330407,5,16.336998,NA,NA,NA
United Kingdom,1919,70335745,5337207075,0.01318,6,22.12645803,140.2476963,6,22.12645803,NA,NA,NA
United Kingdom,1920,96526440,5842722983,0.01652,7,22.95010816,125.6050236,7,22.95010816,NA,NA,NA
United Kingdom,1921,127697910,4799506653,0.02661,5,25.00621599,160.3529395,5,25.00621599,NA,NA,NA
United Kingdom,1922,121545695,4361473437,0.02787,3,22.16510117,178.5996203,3,22.16510117,NA,NA,NA
United Kingdom,1923,123940440,4162624390,0.02977,4,20.57355937,185.7908443,4,20.57355937,NA,NA,NA
United Kingdom,1924,125579195,4271644204,0.0294,4,18.93533172,179.7036371,4,18.93533172,NA,NA,NA
United Kingdom,1925,124803065,4410606203,0.0283,5,18.34044943,173.2584966,5,18.34044943,NA,NA,NA
United Kingdom,1926,141138190,4255178999,0.03317,5,18.97217485,179.7327446,5,18.97217485,NA,NA,NA
United Kingdom,1927,136603685,4500028046,0.03036,4.5,18.52266233,169.6972757,4.5,18.52266233,NA,NA,NA
United Kingdom,1928,135349460,4500230401,0.03008,4.5,18.62126881,169.4007711,4.5,18.62126881,NA,NA,NA
United Kingdom,1929,352253215,4590654925,0.07673,5,17.86999924,165.6054555,5,17.86999924,NA,NA,NA
United Kingdom,1930,346812165,4515478798,0.07681,3,18.75991535,168.0048859,3,18.75991535,NA,NA,NA
United Kingdom,1931,347665402,4223786063,0.08231,6,20.19692729,180.6844591,6,20.19692729,NA,NA,NA
United Kingdom,1932,346404346,4132592802,0.08382,2,20.15986186,188.9074335,2,20.15986186,NA,NA,NA
United Kingdom,1933,356249195,4206436489,0.08469,2,19.34654195,189.8929182,2,19.34654195,NA,NA,NA
United Kingdom,1934,367402301,4420603523,0.08311,2,18.22828028,179.4868044,2,18.22828028,NA,NA,NA
United Kingdom,1935,377437751,4618915095,0.08172,2,18.07242573,171.0748052,2,18.07242573,NA,NA,NA
United Kingdom,1936,399881499,4880576242,0.08193,2,18.10544403,162.0264618,2,18.10544403,NA,NA,NA
United Kingdom,1937,455067116,5219979899,0.08718,2,17.92487746,154.9665929,2,17.92487746,NA,NA,NA
United Kingdom,1938,474523750,5383652819,0.08814,2,18.42290046,153.4845444,2,18.42290046,NA,NA,NA
United Kingdom,1939,472734976,5791478319,0.08163,2,19.00551015,153.4612496,2,19.00551015,NA,NA,NA
United Kingdom,1940,531215913,7029795827,0.07557,2,19.97959876,155.5567938,2,19.97959876,NA,NA,NA
United Kingdom,1941,603248922,8470321049,0.07122,2,23.6682292,160.0635905,2,23.6682292,NA,NA,NA
United Kingdom,1942,749571795,9280885326,0.08077,2,29.47402003,175.7499358,2,29.47402003,NA,NA,NA
United Kingdom,1943,917446872,9878094668,0.09288,2,31.30664469,192.9390296,2,31.30664469,NA,NA,NA
United Kingdom,1944,1077464198,9963707093,0.10814,2,33.15357396,219.2125862,2,33.15357396,NA,NA,NA
United Kingdom,1945,1217141164,9696727960,0.12552,2,34.95586361,241.9965796,2,34.95586361,NA,NA,NA
United Kingdom,1946,1323113723,9756250981,0.13562,2,36.27417957,259.0280329,2,36.27417957,NA,NA,NA
United Kingdom,1947,1375574579,10544029386,0.13046,2,34.10460905,244.4243472,2,34.10460905,NA,NA,NA
United Kingdom,1948,1231610932,11581000000,0.10635,2,36.42172524,219.6876349,2,36.42172524,NA,NA,NA
United Kingdom,1949,1228029806,12343000000,0.09949,2,36.87920279,208.6834643,2,36.87920279,NA,NA,NA
United Kingdom,1950,1247156890,12920000000,0.09653,2,35.66563467,200.5893963,2,35.66563467,NA,NA,NA
United Kingdom,1951,1288980991,14508000000,0.08885,2.5,34.15357044,178.5128894,2.5,34.15357044,NA,NA,NA
United Kingdom,1952,1367027466,15759000000,0.08675,4,32.74953995,165.0548893,4,32.74953995,NA,NA,NA
United Kingdom,1953,1464747486,16903000000,0.08666,3.5,30.91758859,156.481098,3.5,30.91758859,NA,NA,NA
United Kingdom,1954,1547887977,17833000000,0.0868,3,30.63982504,150.5425335,3,30.63982504,NA,NA,NA
United Kingdom,1955,1658946375,19388000000,0.08557,4.5,30.29709098,139.3271611,4.5,30.29709098,NA,NA,NA
United Kingdom,1956,1787882333,21052000000,0.08493,5.5,28.97586928,128.3286624,5.5,28.97586928,NA,NA,NA
United Kingdom,1957,1873368446,22323000000,0.08392,7,28.91636429,121.7399095,7,28.91636429,NA,NA,NA
United Kingdom,1958,1962114543,23452000000,0.08367,4,29.464438,116.5785434,4,29.464438,NA,NA,NA
United Kingdom,1959,2006062831,24597000000,0.08156,4,29.12956865,112.3866732,4,29.12956865,NA,NA,NA
United Kingdom,1960,2111915274,26412000000,0.07996,5,27.83204604,106.4752764,5,27.83204604,0.277313858,NA,NA
United Kingdom,1961,2205960632,28069000000,0.07859,6,28.54750793,101.7795433,6,28.54750793,0.671184467,NA,NA
United Kingdom,1962,2302141403,29374000000,0.07837,4.5,29.77122625,100.614489,4.5,29.77122625,0.673704361,NA,NA
United Kingdom,1963,2309448249,31229000000,0.07395,4,28.72009991,96.48563835,4,28.72009991,0.571825966,NA,NA
United Kingdom,1964,2429044275,34127000000,0.07118,7,28.52873092,89.04166789,7,28.52873092,0.472118753,NA,NA
United Kingdom,1965,2601417528,36906000000,0.07049,6,29.72145451,84.31149407,6,29.72145451,0.464013102,NA,NA
United Kingdom,1966,2778619008,39423000000,0.07048,7,30.67245009,80.72635264,7,30.67245009,0.372529035,NA,NA
United Kingdom,1967,2859800000,41728000000,0.06853,8,32.40270322,80.62212423,8,32.40270322,0.356869361,NA,NA
United Kingdom,1968,3012500000,45809000000,0.06576,7,33.51961405,74.30090157,7,33.51961405,0.304763643,NA,NA
United Kingdom,1969,3132500000,49682000000,0.06305,8,34.84159253,67.03685439,8,34.84159253,0.233466984,NA,NA
United Kingdom,1970,3231000000,55916000000,0.05778,7,34.6323056,59.64527148,7,34.6323056,0.214756287,NA,NA
United Kingdom,1971,3658000000,62640000000,0.0584,5,32.73467433,56.25878033,5,32.73467433,0.304787165,NA,NA
United Kingdom,1972,3663000000,70305000000,0.0521,9,30.84417893,52.09266766,9,30.84417893,0.553029991,NA,NA
United Kingdom,1973,4166000000,81467000000,0.05114,13,29.31002737,48.25880418,13,29.31002737,0.404128406,NA,NA
United Kingdom,1974,4552000000,92227000000,0.04936,11.5,32.74637579,53.24335607,11.5,32.74637579,0.273546305,NA,NA
United Kingdom,1975,5306000000,1.15E+11,0.04632,11.25,33.58273457,53.76131691,11.25,33.58273457,0.201334061,NA,NA
United Kingdom,1976,5981000000,1.36E+11,0.04392,14.25,33.00237934,52.40871839,14.25,33.00237934,0.182433892,NA,NA
United Kingdom,1977,6694000000,1.59E+11,0.04216,7,32.09791795,49.15389266,7,32.09791795,0.173736324,NA,NA
United Kingdom,1978,7652000000,1.85E+11,0.04139,12.5,30.49850993,46.69724324,12.5,30.49850993,0.208985649,NA,NA
United Kingdom,1979,8843000000,2.20E+11,0.04028,17,30.60179724,43.63075529,17,30.60179724,0.2929404,NA,NA
United Kingdom,1980,9651000000,2.58E+11,0.03735,14,32.34266343,42.53853358,14,32.34266343,0.321044093,NA,NA
United Kingdom,1981,10160000000,2.88E+11,0.0353,14.375,33.18221296,42.50755602,14.375,33.18221296,0.171068339,NA,NA
United Kingdom,1982,10570000000,3.17E+11,0.03338,10,33.80349734,41.27252146,10,33.80349734,-0.098212658,NA,NA
United Kingdom,1983,10910000000,3.48E+11,0.03133,9.0625,33.21637863,40.43823557,9.0625,33.21637863,-0.029582808,NA,NA
United Kingdom,1984,11400000000,3.75E+11,0.03044,9.5,33.40123994,41.02798411,9.5,33.40123994,0.095812763,NA,NA
United Kingdom,1985,11976000000,4.12E+11,0.02906,11.375,33.15490634,39.09110211,11.375,33.15490634,0.163188346,NA,NA
United Kingdom,1986,11962000000,4.44E+11,0.02694,10.875,32.15864587,37.48161736,10.875,32.15864587,0.167807267,NA,NA
United Kingdom,1987,12503000000,4.93E+11,0.02538,8.375,31.1886082,33.99555452,8.375,31.1886082,0.148791811,NA,NA
United Kingdom,1988,13253000000,5.52E+11,0.02402,12.875,30.71655529,28.48140958,12.875,30.71655529,0.15817815,NA,NA
United Kingdom,1989,14140000000,6.09E+11,0.0232,14.875,30.43919839,25.00094344,14.875,30.43919839,0.19638445,NA,NA
United Kingdom,1990,14951000000,6.63E+11,0.02256,13.875,31.11518443,22.82066078,13.875,31.11518443,0.234964714,GBR,1.2
United Kingdom,1991,15266000000,6.98E+11,0.02187,10.375,31.58982749,23.21854254,10.375,31.58982749,0.273408736,GBR,1.3
United Kingdom,1992,15436000000,7.21E+11,0.0214,6.875,30.91656329,26.73114375,6.875,30.91656329,0.347213793,GBR,1.5
United Kingdom,1993,16163000000,7.58E+11,0.02131,5.375,29.73452261,30.97126357,5.375,29.73452261,0.316469262,GBR,1.5
United Kingdom,1994,17096000000,7.97E+11,0.02145,6.125,30.36339777,34.92713477,6.125,30.36339777,0.332530132,GBR,1.6
United Kingdom,1995,18062000000,8.37E+11,0.02159,6.375,31.23626958,37.48299759,6.375,31.23626958,0.341153614,GBR,1.6
United Kingdom,1996,19405000000,8.93E+11,0.02173,5.9375,30.7375966,38.29096203,5.9375,30.7375966,0.331173754,GBR,1.4
United Kingdom,1997,20578000000,9.39E+11,0.02192,7.25,31.35745136,38.77063018,7.25,31.35745136,0.332766255,GBR,1.5
United Kingdom,1998,22026000000,9.80E+11,0.02247,6.25,32.62454249,36.84556282,6.25,32.62454249,0.367838511,GBR,1.6
United Kingdom,1999,23098000000,1.02E+12,0.02262,5.5,33.17355477,35.68333488,5.5,33.17355477,0.408505665,GBR,1.6
United Kingdom,2000,24918000000,1.08E+12,0.02305,6,33.7608004,30.3646253,6,33.7608004,0.433615661,GBR,1.6
United Kingdom,2001,26983000000,1.12E+12,0.02408,4,33.40017402,29.34207884,4,33.40017402,0.512040255,GBR,1.6
United Kingdom,2002,29046000000,1.17E+12,0.02477,4,32.20222197,30.59731276,4,32.20222197,0.798501015,GBR,1.9
United Kingdom,2003,31033000000,1.24E+12,0.02498,3.75,32.1176161,31.40571565,3.75,32.1176161,0.834359753,GBR,1.6
United Kingdom,2004,33013000000,1.30E+12,0.0253,4.75,32.96318265,34.38646183,4.75,32.96318265,0.933797334,GBR,1.6
United Kingdom,2005,35021000000,1.38E+12,0.02539,4.5,33.31470281,35.68070625,4.5,33.31470281,1.045133677,GBR,1.4
United Kingdom,2006,36793000000,1.46E+12,0.02528,5,33.47178294,36.22451643,5,33.47178294,1.089795475,GBR,1.4
United Kingdom,2007,38214000000,1.53E+12,0.02496,5.5,33.5723664,36.74333231,5.5,33.5723664,1.127189955,GBR,1.4
United Kingdom,2008,40933000000,1.56E+12,0.02617,2,33.20871573,46.87863592,2,33.20871573,1.131869196,GBR,1.2
United Kingdom,2009,44494000000,1.52E+12,0.02928,0.5,32.17625484,61.79172982,0.5,32.17625484,1.095105268,GBR,1.1
United Kingdom,2010,49486000000,1.57E+12,0.03147,0.5,33.30959102,72.30169183,0.5,33.30959102,1.117771085,GBR,1.2
United Kingdom,2011,51542000000,1.63E+12,0.03165,0.5,34.01344,76.19724936,0.5,34.01344,1.110769713,GBR,1
United Kingdom,2012,54568000000,1.68E+12,0.03258,0.5,33.50419452,80.57698783,0.5,33.50419452,1.022109257,GBR,1
United Kingdom,2013,57242000000,1.74E+12,0.03291,0.5,34.24549729,83.58421052,0.5,34.24549729,0.992823921,GBR,0.9
United Kingdom,2014,59391000000,1.82E+12,0.03259,0.5,33.26555024,85.37816602,0.5,33.26555024,1.07317054,GBR,0.9
United Kingdom,2015,64639000000,1.87E+12,0.03452,0.5,33.59220895,85.99818232,0.5,33.59220895,1.111350083,GBR,1
United Kingdom,2016,69776000000,1.94E+12,0.03597,0.25,34.21109208,87.73806645,0.25,34.21109208,1.028206552,GBR,1.2
Swizerland,1915,409900000,4731812485,0.086626425,4.5,NA,NA,4.5,NA,NA,NA,NA
Swizerland,1916,430300000,5923135681,0.072647331,4.5,NA,NA,4.5,NA,NA,NA,NA
Swizerland,1917,535800000,7171560685,0.074711771,4.5,NA,NA,4.5,NA,NA,NA,NA
Swizerland,1918,733100000,8669576190,0.084560074,4.75,NA,NA,4.75,NA,NA,NA,NA
Swizerland,1919,905800000,8841056339,0.102453821,5.32,NA,NA,5.32,NA,NA,NA,NA
Swizerland,1920,933800000,10031939810,0.093082696,5,NA,NA,5,NA,NA,NA,NA
Swizerland,1921,925100000,7469795357,0.123845428,4.44,NA,NA,4.44,NA,NA,NA,NA
Swizerland,1922,817600000,6976190691,0.117198631,3.39,NA,NA,3.39,NA,NA,NA,NA
Swizerland,1923,875000000,7571536597,0.115564389,3.47,NA,NA,3.47,NA,NA,NA,NA
Swizerland,1924,850500000,8216593812,0.103510046,4,NA,NA,4,NA,NA,NA,NA
Swizerland,1925,797600000,8412364688,0.094812818,3.9,NA,NA,3.9,NA,NA,NA,NA
Swizerland,1926,769000000,8331505655,0.092300243,3.5,NA,NA,3.5,NA,NA,NA,NA
Swizerland,1927,798800000,8688656707,0.091935961,3.5,NA,NA,3.5,NA,NA,NA,NA
Swizerland,1928,818300000,9324424069,0.087758771,3.5,NA,NA,3.5,NA,NA,NA,NA
Swizerland,1929,855700000,9490721065,0.090161748,3.5,NA,NA,3.5,NA,NA,NA,NA
Swizerland,1930,894000000,9336656396,0.095751623,2.89,NA,NA,2.89,NA,NA,NA,NA
Swizerland,1931,1141000000,8982826203,0.127020158,2.03,NA,NA,2.03,NA,NA,NA,NA
Swizerland,1932,1508400000,8098261379,0.186262202,2,NA,NA,2,NA,NA,NA,NA
Swizerland,1933,1440100000,7988677447,0.180267636,2,NA,NA,2,NA,NA,NA,NA
Swizerland,1934,1349200000,7818618442,0.172562456,2,NA,NA,2,NA,NA,NA,NA
Swizerland,1935,1283000000,7412714505,0.173080995,2.33,NA,NA,2.33,NA,NA,NA,NA
Swizerland,1936,1293900000,7401417202,0.174817871,2.3,NA,NA,2.3,NA,NA,NA,NA
Swizerland,1937,1378400000,8525434651,0.161680906,1.5,NA,NA,1.5,NA,NA,NA,NA
Swizerland,1938,1555400000,8400688538,0.18515149,1.5,NA,NA,1.5,NA,NA,NA,NA
Swizerland,1939,1802300000,8786611696,0.205118886,1.5,NA,NA,1.5,NA,NA,NA,NA
Swizerland,1940,2081900000,9828346756,0.211826063,1.5,NA,NA,1.5,NA,NA,NA,NA
Swizerland,1941,2107800000,10727021755,0.196494428,1.5,NA,NA,1.5,NA,NA,NA,NA
Swizerland,1942,2251400000,11592598350,0.194210127,1.5,NA,NA,1.5,NA,NA,NA,NA
Swizerland,1943,2646500000,12194004252,0.217032891,1.5,NA,NA,1.5,NA,NA,NA,NA
Swizerland,1944,3025100000,12630068401,0.239515726,1.5,NA,NA,1.5,NA,NA,NA,NA
Swizerland,1945,3517600000,13445020460,0.26162846,1.5,NA,NA,1.5,NA,NA,NA,NA
Swizerland,1946,3633200000,16432120606,0.221103538,1.5,NA,NA,1.5,NA,NA,NA,NA
Swizerland,1947,3940600000,18325851524,0.215029571,1.5,NA,NA,1.5,NA,NA,NA,NA
Swizerland,1948,4167900000,19015385851,0.219185665,1.5,NA,NA,1.5,NA,NA,NA,NA
Swizerland,1949,4259900000,18192520176,0.234156673,1.5,NA,NA,1.5,NA,NA,NA,NA
Swizerland,1950,4239600000,19192678876,0.22089673,1.5,NA,NA,1.5,NA,NA,NA,NA
Swizerland,1951,4419500000,21885388962,0.20193838,1.5,NA,NA,1.5,NA,NA,NA,NA
Swizerland,1952,4596200000,22164552111,0.20736715,1.5,NA,NA,1.5,NA,NA,NA,NA
Swizerland,1953,4783600000,22708677224,0.210650755,1.5,NA,NA,1.5,NA,NA,NA,NA
Swizerland,1954,4904000000,23967797619,0.204607869,1.5,NA,NA,1.5,NA,NA,NA,NA
Swizerland,1955,5056800000,25943876838,0.194913044,1.5,NA,NA,1.5,NA,NA,NA,NA
Swizerland,1956,5189700000,27653915980,0.187666007,1.5,NA,NA,1.5,NA,NA,NA,NA
Swizerland,1957,5467200000,29607771175,0.184654224,2.13,NA,NA,2.13,NA,NA,NA,NA
Swizerland,1958,5501200000,29489982457,0.186544702,2.5,NA,NA,2.5,NA,NA,NA,NA
Swizerland,1959,5705300000,31939678375,0.178627347,2.08,NA,NA,2.08,NA,NA,NA,NA
Swizerland,1960,6042400000,35927638057,0.1681825,2,NA,NA,2,NA,NA,NA,NA
Swizerland,1961,6672900000,46846156800,0.142442848,2,NA,NA,2,NA,NA,NA,NA
Swizerland,1962,7358900000,51950571520,0.141651955,2,NA,NA,2,NA,NA,NA,NA
Swizerland,1963,8002800000,57126662144,0.140088703,2,NA,NA,2,NA,NA,NA,NA
Swizerland,1964,8638600000,63322750976,0.136421742,2.25,NA,NA,2.25,NA,NA,NA,NA
Swizerland,1965,9179100000,67110535168,0.136775843,2.5,NA,NA,2.5,NA,NA,NA,NA
Swizerland,1966,9566500000,72066473984,0.132745498,2.99,NA,NA,2.99,NA,NA,NA,NA
Swizerland,1967,10013400000,77576192000,0.129078262,3.26,NA,NA,3.26,NA,NA,NA,NA
Swizerland,1968,10577500000,82835611648,0.127692665,3,NA,NA,3,NA,NA,NA,NA
Swizerland,1969,11259900000,89754304512,0.125452479,3.22,NA,NA,3.22,NA,NA,NA,NA
Swizerland,1970,11784700000,NA,NA,3.75,NA,NA,3.75,NA,NA,NA,NA
Swizerland,1971,12663800000,NA,NA,3.75,NA,NA,3.75,NA,NA,NA,NA
Swizerland,1972,14080400000,NA,NA,3.75,NA,NA,3.75,NA,NA,NA,NA
Swizerland,1973,15784200000,NA,NA,4.46,NA,NA,4.46,NA,NA,NA,NA
Swizerland,1974,17022700000,NA,NA,5.5,NA,NA,5.5,NA,NA,NA,NA
Swizerland,1975,17608500000,NA,NA,4.25,NA,NA,4.25,NA,NA,NA,NA
Swizerland,1976,17778400000,NA,NA,2.21,NA,NA,2.21,NA,NA,NA,NA
Swizerland,1977,18590500000,NA,NA,1.77,NA,NA,1.77,NA,NA,NA,NA
Swizerland,1978,19547600000,NA,NA,1.04,NA,NA,1.04,NA,NA,NA,NA
Swizerland,1979,21069700000,NA,NA,1.17,NA,NA,1.17,NA,NA,NA,NA
Swizerland,1980,21779700000,1.99E+11,0.109213983,2.92,NA,NA,2.92,NA,NA,NA,NA
Swizerland,1981,21937000000,2.14E+11,0.102468177,4.92,NA,NA,4.92,NA,NA,NA,NA
Swizerland,1982,22101900000,2.27E+11,0.09744769,5.33,NA,NA,5.33,NA,NA,NA,NA
Swizerland,1983,22796500000,2.34E+11,0.097562737,4.1,NA,NA,4.1,NA,NA,NA,NA
Swizerland,1984,23327600000,2.50E+11,0.093408099,4,NA,NA,4,NA,NA,NA,NA
Swizerland,1985,23676700000,2.65E+11,0.089416183,4,NA,NA,4,NA,NA,NA,NA
Swizerland,1986,24030200000,2.78E+11,0.086471189,4,NA,NA,4,NA,NA,NA,NA
Swizerland,1987,24831500000,2.88E+11,0.086072055,2.5,NA,NA,2.5,NA,NA,NA,NA
Swizerland,1988,25876500000,3.06E+11,0.084490282,3,NA,NA,3,NA,NA,NA,NA
Swizerland,1989,26482500000,3.31E+11,0.080109068,6,NA,NA,6,NA,NA,NA,NA
Swizerland,1990,25948100000,3.59E+11,0.072378415,6,NA,NA,6,NA,NA,NA,NA
Swizerland,1991,26533300000,3.74E+11,0.070861822,7,NA,NA,7,NA,NA,NA,NA
Swizerland,1992,26537700000,3.82E+11,0.069429459,6,NA,NA,6,NA,NA,NA,NA
Swizerland,1993,26925100000,3.91E+11,0.068931255,NA,NA,NA,NA,NA,NA,NA,NA
Swizerland,1994,27440600000,4.00E+11,0.068558165,NA,NA,NA,NA,NA,NA,NA,NA
Swizerland,1995,27633700000,4.05E+11,0.068207004,NA,NA,NA,NA,NA,NA,NA,NA
Swizerland,1996,28320400000,4.08E+11,0.06941388,NA,NA,NA,NA,NA,NA,NA,NA
Swizerland,1997,29086400000,4.16E+11,0.069948619,NA,NA,NA,NA,NA,NA,NA,NA
Swizerland,1998,29640800000,4.28E+11,0.069293635,NA,NA,NA,NA,NA,NA,NA,NA
Swizerland,1999,30905700000,4.36E+11,0.070964949,NA,NA,NA,NA,NA,NA,NA,NA
Swizerland,2000,31643100000,4.59E+11,0.068872095,NA,NA,NA,NA,NA,NA,NA,NA
Swizerland,2001,33168600000,4.70E+11,0.070538751,NA,NA,NA,NA,NA,NA,NA,NA
Swizerland,2002,35231300000,4.70E+11,0.074994001,NA,NA,NA,NA,NA,NA,NA,NA
Swizerland,2003,35765500000,4.75E+11,0.075252952,NA,NA,NA,NA,NA,NA,NA,NA
Swizerland,2004,36292600000,4.90E+11,0.07404499,NA,NA,NA,NA,NA,NA,NA,NA
Swizerland,2005,37106800000,5.09E+11,0.072915703,NA,NA,NA,NA,NA,NA,NA,NA
Swizerland,2006,38174100000,5.40E+11,0.070654965,NA,NA,NA,NA,NA,NA,NA,NA
Swizerland,2007,38989800000,5.76E+11,0.067680331,NA,NA,NA,NA,NA,NA,NA,NA
Swizerland,2008,41405200000,6.00E+11,0.06895912,NA,NA,NA,NA,NA,NA,NA,NA
Swizerland,2009,45362600000,5.89E+11,0.076988428,NA,NA,NA,NA,NA,NA,NA,NA
Swizerland,2010,47135700000,6.09E+11,0.077420062,NA,NA,NA,NA,NA,NA,NA,NA
Swizerland,2011,49335400000,6.21E+11,0.079412336,NA,NA,NA,NA,NA,NA,NA,NA
Swizerland,2012,54831600000,6.26E+11,0.087532508,NA,NA,NA,NA,NA,NA,NA,NA
Swizerland,2013,59735100000,6.38E+11,0.093602721,NA,NA,NA,NA,NA,NA,NA,NA
Swizerland,2014,62697000000,6.50E+11,0.096498737,NA,NA,NA,NA,NA,NA,NA,NA
Swizerland,2015,67411500000,6.54E+11,0.103035056,NA,NA,NA,NA,NA,NA,NA,NA
Swizerland,2016,72255000000,6.60E+11,0.109412178,NA,NA,NA,NA,NA,NA,NA,NA
Swizerland,2017,76507100000,6.69E+11,0.114433668,NA,NA,NA,NA,NA,NA,NA,NA
Swizerland,2018,78997600000,6.90E+11,0.114506208,NA,NA,NA,NA,NA,NA,NA,NA
Australia,1945,362000000,NA,NA,NA,NA,NA,NA,NA,NA,NA,NA
Australia,1946,396735000,NA,NA,NA,NA,NA,NA,NA,NA,NA,NA
Australia,1947,404804000,NA,NA,NA,NA,NA,NA,NA,NA,NA,NA
Australia,1948,390906000,NA,NA,NA,NA,NA,NA,NA,NA,NA,NA
Australia,1949,425146000,5237000000,0.081181211,NA,NA,NA,NA,NA,NA,NA,NA
Australia,1950,462329000,7061000000,0.06547642,NA,NA,NA,NA,NA,NA,NA,NA
Australia,1951,549565000,7486000000,0.07341237,NA,NA,NA,NA,NA,NA,NA,NA
Australia,1952,603571000,8766000000,0.068853639,NA,NA,NA,NA,NA,NA,NA,NA
Australia,1953,656326000,9518000000,0.068956293,NA,NA,NA,NA,NA,NA,NA,NA
Australia,1954,686268000,9937000000,0.06906189,NA,NA,NA,NA,NA,NA,NA,NA
Australia,1955,723968000,10879000000,0.066547293,NA,NA,NA,NA,NA,NA,NA,NA
Australia,1956,743670000,11910000000,0.062440806,NA,NA,NA,NA,NA,NA,NA,NA
Australia,1957,761688000,12100000000,0.062949421,NA,NA,NA,NA,NA,NA,NA,NA
Australia,1958,773992000,12961000000,0.059716997,NA,NA,NA,NA,NA,NA,NA,NA
Australia,1959,789208000,14163000000,0.055723222,NA,NA,NA,NA,NA,NA,NA,NA
Australia,1960,836110000,15152000000,0.055181494,NA,NA,NA,NA,NA,2.783396495,NA,NA
Australia,1961,831284000,15716000000,0.052894121,NA,NA,NA,NA,NA,2.493807993,NA,NA
Australia,1962,847750000,16924000000,0.050091586,NA,NA,NA,NA,NA,2.790282524,NA,NA
Australia,1963,861094000,18780000000,0.045851651,NA,NA,NA,NA,NA,2.261393407,NA,NA
Australia,1964,864532000,20523000000,0.04212503,NA,NA,NA,NA,NA,2.302334838,NA,NA
Australia,1965,862163000,21600000000,0.039914954,NA,NA,NA,NA,NA,2.292525804,NA,NA
Australia,1966,849328000,23876000000,0.035572458,NA,NA,NA,NA,NA,2.610086223,NA,NA
Australia,1967,938184000,25617000000,0.036623492,NA,NA,NA,NA,NA,1.462465186,NA,NA
Australia,1968,1006000000,28817000000,0.034909949,NA,NA,NA,NA,NA,1.961546446,NA,NA
Australia,1969,1107418000,31803000000,0.03482118,NA,NA,NA,NA,NA,2.288842506,NA,NA
Australia,1970,1215482000,35291000000,0.034441699,NA,NA,NA,6.041095889,NA,2.164424882,NA,NA
Australia,1971,1369000000,39332000000,0.034806265,NA,NA,NA,5.465753424,NA,3.571776532,NA,NA
Australia,1972,1508000000,44709000000,0.033729227,NA,NA,NA,4.219178081,17.86709828,2.02807808,NA,NA
Australia,1973,1767000000,52777000000,0.033480493,NA,NA,NA,7.95890411,17.04390126,1.716023039,NA,NA
Australia,1974,2164000000,64117000000,0.033750799,NA,NA,NA,8.630136986,18.08468277,2.718077645,NA,NA
Australia,1975,2545000000,77018000000,0.033044223,NA,NA,NA,8.054794521,19.90190981,1.415341105,NA,NA
Australia,1976,2921000000,88171000000,0.033128807,NA,NA,NA,9.589041096,20.32823125,1.185292023,NA,NA
Australia,1977,3319000000,95481000000,0.034760842,NA,NA,NA,9.205479451,20.56227491,1.306618867,NA,NA
Australia,1978,3688000000,1.10E+11,0.033659155,NA,NA,NA,8.726027396,20.43271064,1.341338024,NA,NA
Australia,1979,4113000000,1.25E+11,0.033035349,NA,NA,NA,9.397260274,19.79727963,1.257605457,NA,NA
Australia,1980,4549000000,1.41E+11,0.032247088,NA,NA,NA,11.50684932,20.44129025,1.393262294,NA,NA
Australia,1981,5094000000,1.61E+11,0.031703947,NA,NA,NA,13.23287671,21.49293757,1.759696036,NA,NA
Australia,1982,5837000000,1.74E+11,0.033626177,NA,NA,NA,11.21917808,21.61603508,1.632526846,NA,NA
Australia,1983,6414000000,1.96E+11,0.032765949,NA,NA,NA,9.109589041,21.74437108,1.216686431,NA,NA
Australia,1984,8803633923,2.16E+11,0.040701788,NA,NA,NA,12.17808219,21.04340654,1.097189163,NA,NA
Australia,1985,9671544064,2.41E+11,0.040089302,NA,NA,NA,18.21917808,22.54344116,1.333468245,NA,NA
Australia,1986,10122680671,2.65E+11,0.038226058,NA,NA,NA,16.49315068,22.60972479,1.603928511,NA,NA
Australia,1987,11489988206,2.99E+11,0.038430111,NA,NA,NA,11.98630137,23.26482468,1.48591411,NA,NA
Australia,1988,12962536002,3.35E+11,0.03869483,NA,NA,NA,14.38356164,23.17840515,1.602290122,NA,NA
Australia,1989,13807744810,3.66E+11,0.037694666,NA,NA,NA,17.26027397,22.69036748,1.657470515,NA,NA
Australia,1990,15138206351,3.77E+11,0.040207719,NA,NA,NA,12,22.47704605,1.444867463,AUS,2.2
Australia,1991,16069968788,3.91E+11,0.04108842,NA,NA,NA,8.5,22.37467821,1.239458624,AUS,2
Australia,1992,16905655303,4.09E+11,0.041308669,NA,NA,NA,5.75,20.68138616,1.07512521,AUS,1.7
Australia,1993,18193593688,4.30E+11,0.042295634,NA,NA,NA,4.75,20.01858438,0.828135993,AUS,1.9
Australia,1994,19473877996,4.54E+11,0.042900619,NA,NA,NA,7.5,20.04474475,0.906907711,AUS,1.8
Australia,1995,20382041496,4.86E+11,0.04189758,NA,NA,NA,7.5,21.21431474,1.055017505,AUS,2
Australia,1996,20844753436,5.28E+11,0.039508705,NA,NA,NA,6,21.92915453,1.159392068,AUS,1.9
Australia,1997,21911563766,5.55E+11,0.039459605,NA,NA,NA,5,22.43094161,0.964066498,AUS,2
Australia,1998,24116725861,5.88E+11,0.041008075,NA,NA,NA,4.75,22.27200615,0.884967262,AUS,1.8
Australia,1999,28118264271,6.20E+11,0.045341728,NA,NA,NA,5,22.47521128,0.984991171,AUS,2
Australia,2000,28469820601,6.61E+11,0.043060475,NA,NA,NA,6.25,23.07689981,1.032138731,AUS,1.9
Australia,2001,33710823271,7.05E+11,0.047812295,NA,NA,NA,4.25,24.82193156,1.187961067,AUS,1.8
Australia,2002,34592097056,7.54E+11,0.045862724,NA,NA,NA,4.75,23.52831212,1.365523413,AUS,1.9
Australia,2003,35789654196,8.01E+11,0.044683448,NA,NA,NA,5.25,24.32406113,1.377560815,AUS,1.5
Australia,2004,37819720225,8.61E+11,0.043923353,NA,NA,NA,5.25,24.33803811,1.301529362,AUS,1.3
Australia,2005,39677544269,9.22E+11,0.043016903,NA,NA,NA,5.5,24.84119731,1.46058121,AUS,1.3
Australia,2006,41980487325,9.96E+11,0.042130895,NA,NA,NA,6.25,24.60965647,1.614637068,AUS,1.4
Australia,2007,44938848935,1.09E+12,0.041357573,NA,NA,NA,6.75,24.11013139,0.768615016,AUS,1.2
Australia,2008,51709456955,1.18E+12,0.043921588,NA,NA,NA,4.25,24.26364102,2.146571279,AUS,1.2
Australia,2009,51586376991,1.26E+12,0.040936858,NA,NA,NA,3.75,22.0609533,2.202217639,AUS,1.2
Australia,2010,53081884806,1.30E+12,0.040794218,NA,NA,NA,4.75,20.53172007,1.695285378,AUS,1
Australia,2011,55816509502,1.42E+12,0.039401131,NA,NA,NA,4.25,20.33471173,1.527957416,AUS,1.1
Australia,2012,58981695561,1.50E+12,0.039335344,NA,NA,NA,3,21.19859309,1.865330137,AUS,1.1
Australia,2013,63018069692,1.54E+12,0.041019191,NA,NA,NA,2.5,22.02482967,1.838175799,AUS,1.1
Australia,2014,66854288171,1.60E+12,0.041822354,NA,NA,NA,2.5,21.98970304,1.608455102,AUS,1
Australia,2015,71923858072,1.62E+12,0.044277402,NA,NA,NA,2,22.002263,1.554800599,AUS,1
Australia,2016,75839550963,1.66E+12,0.045622248,NA,NA,NA,1.5,22.25264793,1.677390128,AUS,0.9
Australia,2017,78193093908,1.76E+12,0.044314289,NA,NA,NA,1.5,22.08996028,1.805663698,AUS,0.8
Australia,2018,81140288750,1.85E+12,0.043914806,NA,NA,NA,1.5,NA,1.700488764,NA,NA
Japan,1953,6.43E+11,NA,NA,NA,NA,NA,NA,NA,NA,NA,NA
Japan,1954,6.37E+11,NA,NA,NA,NA,NA,NA,NA,NA,NA,NA
Japan,1955,6.95E+11,NA,NA,NA,NA,NA,NA,NA,NA,NA,NA
Japan,1956,8.12E+11,NA,NA,NA,NA,NA,NA,NA,NA,NA,NA
Japan,1957,8.69E+11,NA,NA,NA,NA,NA,NA,NA,NA,NA,NA
Japan,1958,9.31E+11,NA,NA,NA,NA,NA,NA,NA,NA,NA,NA
Japan,1959,1.08E+12,NA,NA,NA,NA,NA,NA,NA,NA,NA,NA
Japan,1960,1.30E+12,1.60E+13,0.081294526,NA,NA,NA,NA,NA,2.407262613,NA,NA
Japan,1961,1.55E+12,1.93E+13,0.080423183,NA,NA,NA,NA,NA,4.082467772,NA,NA
Japan,1962,1.82E+12,2.19E+13,0.083301744,NA,NA,NA,NA,NA,2.371446065,NA,NA
Japan,1963,2.15E+12,2.50E+13,0.085757701,NA,NA,NA,NA,NA,2.419806638,NA,NA
Japan,1964,2.42E+12,2.94E+13,0.082182446,NA,NA,NA,NA,NA,2.407008856,NA,NA
Japan,1965,2.70E+12,3.27E+13,0.082389339,NA,NA,NA,NA,NA,2.400749286,NA,NA
Japan,1966,3.07E+12,3.80E+13,0.080620931,NA,NA,NA,NA,NA,2.140289632,NA,NA
Japan,1967,3.60E+12,4.46E+13,0.080836639,NA,NA,NA,NA,NA,2.107556755,NA,NA
Japan,1968,4.28E+12,5.28E+13,0.081168877,NA,NA,NA,NA,NA,1.477269426,NA,NA
Japan,1969,5.10E+12,6.20E+13,0.082240864,NA,NA,NA,NA,NA,3.178929097,NA,NA
Japan,1970,5.90E+12,7.65E+13,0.077050606,NA,NA,NA,NA,NA,2.214608798,NA,NA
Japan,1971,6.80E+12,8.42E+13,0.080791173,NA,NA,NA,NA,NA,2.379106358,NA,NA
Japan,1972,8.79E+12,9.64E+13,0.091116479,NA,NA,NA,NA,10.49696523,2.476632701,NA,NA
Japan,1973,1.07E+13,1.17E+14,0.090792319,NA,NA,NA,NA,11.69104007,1.867966255,NA,NA
Japan,1974,1.23E+13,1.40E+14,0.08775122,NA,NA,NA,NA,11.28771453,2.921062892,NA,NA
Japan,1975,1.33E+13,1.55E+14,0.086001343,NA,NA,NA,NA,9.353491528,2.584577924,NA,NA
Japan,1976,1.48E+13,1.74E+14,0.084995628,NA,NA,NA,NA,9.130877353,1.04029301,NA,NA
Japan,1977,1.62E+13,1.94E+14,0.08385944,NA,NA,NA,NA,9.162325615,1.040018646,NA,NA
Japan,1978,1.86E+13,2.13E+14,0.087088392,NA,NA,NA,NA,9.253830231,0.9811659,NA,NA
Japan,1979,2.00E+13,2.31E+14,0.086513849,NA,NA,NA,NA,9.945268975,0.918636227,NA,NA
Japan,1980,2.03E+13,2.51E+14,0.08110364,7.25,NA,NA,NA,10.53000745,0.85886341,NA,NA
Japan,1981,2.13E+13,2.69E+14,0.079076162,5.5,NA,NA,NA,10.97977277,0.867384493,NA,NA
Japan,1982,2.26E+13,2.83E+14,0.079908133,5.5,NA,NA,NA,10.96142005,0.82265258,NA,NA
Japan,1983,2.38E+13,2.95E+14,0.080502493,5,NA,NA,NA,10.85695109,0.825418326,NA,NA
Japan,1984,2.59E+13,3.13E+14,0.082628096,5,NA,NA,NA,11.13029638,0.778114359,NA,NA
Japan,1985,2.71E+13,3.34E+14,0.081069029,5,NA,NA,NA,11.4448913,0.753558594,NA,NA
Japan,1986,2.95E+13,3.50E+14,0.084343196,3,NA,NA,NA,11.31142806,0.769511741,NA,NA
Japan,1987,3.19E+13,3.66E+14,0.087150675,2.5,NA,NA,NA,12.14666957,0.656977705,NA,NA
Japan,1988,3.52E+13,3.94E+14,0.089370173,2.5,NA,NA,NA,12.45397461,0.590221814,NA,NA
Japan,1989,4.04E+13,4.21E+14,0.095971617,4.25,NA,NA,NA,12.4177461,0.571416062,NA,NA
Japan,1990,4.30E+13,4.54E+14,0.09483332,6,NA,NA,NA,12.94728825,0.504422185,JPN,0.5
Japan,1991,4.33E+13,4.83E+14,0.089714637,4.5,NA,NA,NA,13.13318922,0.483469291,JPN,0.5
Japan,1992,4.25E+13,4.95E+14,0.085871128,3.25,NA,NA,NA,11.62717415,0.424917159,JPN,0.5
Japan,1993,4.53E+13,4.95E+14,0.09141959,1.75,NA,NA,NA,11.59076179,0.421901556,JPN,0.6
Japan,1994,4.66E+13,5.02E+14,0.092965095,1.75,NA,NA,NA,11.07304595,0.514176703,JPN,0.6
Japan,1995,5.01E+13,5.13E+14,0.097670102,0.5,NA,NA,NA,10.95823033,0.554981094,JPN,0.6
Japan,1996,5.46E+13,5.26E+14,0.103818911,0.5,NA,NA,NA,10.81457851,0.418403625,JPN,0.5
Japan,1997,5.87E+13,5.34E+14,0.109924599,0.5,NA,NA,NA,10.65163323,0.400657298,JPN,0.6
Japan,1998,6.00E+13,5.28E+14,0.1136371,0.5,NA,NA,NA,10.06753658,0.432577327,JPN,0.6
Japan,1999,6.96E+13,5.20E+14,0.133920444,0.5,NA,NA,NA,9.773313592,0.341902111,JPN,0.6
Japan,2000,6.76E+13,5.27E+14,0.128382247,0.5,NA,NA,NA,10.37225701,0.327609575,JPN,0.5
Japan,2001,7.33E+13,5.23E+14,0.1401478,0.1,NA,NA,NA,9.895928337,1.931623759,JPN,0.5
Japan,2002,7.98E+13,5.16E+14,0.154729526,0.1,NA,NA,NA,9.061598934,2.28287211,JPN,0.5
Japan,2003,8.13E+13,5.15E+14,0.157803821,0.1,NA,NA,NA,8.91896344,2.093400149,JPN,0.5
Japan,2004,8.24E+13,5.21E+14,0.158260606,0.1,NA,NA,NA,9.352694056,1.754431988,JPN,0.5
Japan,2005,8.38E+13,5.24E+14,0.159831249,0.1,NA,NA,NA,10.13701108,1.577840667,JPN,0.5
Japan,2006,8.44E+13,5.27E+14,0.16012232,0.4,NA,NA,NA,10.51274133,1.380580981,JPN,0.5
Japan,2007,8.59E+13,5.32E+14,0.161476407,0.75,NA,NA,NA,10.10618629,1.288009098,JPN,0.4
Japan,2008,8.61E+13,5.21E+14,0.165289236,0.3,NA,NA,NA,8.931591654,1.128273231,JPN,0.5
Japan,2009,8.55E+13,4.90E+14,0.174689326,0.3,NA,NA,NA,8.36891038,0.976949089,JPN,0.4
Japan,2010,8.69E+13,5.00E+14,0.173588334,0.3,NA,NA,NA,8.809784435,0.928359533,JPN,0.4
Japan,2011,8.85E+13,4.91E+14,0.180189191,0.3,NA,NA,NA,9.356818207,0.097376604,JPN,0.3
Japan,2012,9.12E+13,4.95E+14,0.184320584,0.3,NA,NA,NA,9.682412944,-0.073000997,JPN,0.3
Japan,2013,9.48E+13,5.03E+14,0.188342996,0.3,NA,NA,NA,10.36061765,-0.05873318,JPN,0.3
Japan,2014,9.77E+13,5.14E+14,0.190197441,0.3,NA,NA,NA,11.46920658,-0.047229106,JPN,0.3
Japan,2015,1.03E+14,5.31E+14,0.194082735,0.3,NA,NA,NA,11.42357202,-0.021827026,JPN,0.3
Japan,2016,1.07E+14,5.36E+14,0.200011418,0.3,NA,NA,NA,11.15496587,-0.032150224,JPN,0.3
Japan,2017,1.12E+14,5.45E+14,0.204556265,0.3,NA,NA,NA,11.64194651,-0.079234712,JPN,0.2
Japan,2018,1.15E+14,5.49E+14,0.209886314,0.3,NA,NA,NA,NA,-0.11421871,NA,NA
Nigeria,1960,154150000,2997268700,0.051430157,NA,NA,NA,NA,NA,6.81530664,NA,NA
Nigeria,1961,160190000,3190921200,0.050201804,NA,NA,NA,NA,NA,3.465513343,NA,NA
Nigeria,1962,174660000,3506715100,0.049807297,NA,NA,NA,NA,NA,3.504965395,NA,NA
Nigeria,1963,183300000,3689708800,0.049678717,NA,NA,NA,NA,NA,3.544238824,NA,NA
Nigeria,1964,214710000,3966381100,0.054132469,NA,NA,NA,NA,NA,3.555224464,NA,NA
Nigeria,1965,217890000,4196100000,0.051926789,NA,NA,NA,NA,NA,3.557403083,NA,NA
Nigeria,1966,236510000,4547800000,0.052005365,NA,NA,NA,NA,NA,3.573015881,NA,NA
Nigeria,1967,220950000,3716600000,0.059449497,NA,NA,NA,NA,NA,3.584906219,NA,NA
Nigeria,1968,202160000,3715000000,0.054417227,NA,NA,NA,NA,NA,3.610657073,NA,NA
Nigeria,1969,273230000,4738800000,0.057658057,NA,NA,NA,NA,NA,3.640816985,NA,NA
Nigeria,1970,370400000,8961500000,0.041332366,NA,NA,NA,NA,NA,3.686292488,NA,NA
Nigeria,1971,386400000,10375400000,0.037241938,NA,NA,NA,NA,NA,4.499204529,NA,NA
Nigeria,1972,414000000,11034700000,0.037518011,NA,NA,NA,NA,NA,4.529938604,NA,NA
Nigeria,1973,486300000,12251600000,0.039692775,NA,NA,NA,NA,NA,4.588967259,NA,NA
Nigeria,1974,638700000,19604000000,0.032580086,NA,NA,NA,NA,NA,4.711535954,NA,NA
Nigeria,1975,1155500000,22945400000,0.050358678,NA,NA,NA,NA,NA,4.845169314,NA,NA
Nigeria,1976,1540000000,28611400000,0.053824699,NA,NA,NA,NA,NA,4.998766531,NA,NA
Nigeria,1977,2162600000,33585000000,0.064391842,NA,NA,NA,NA,NA,5.103951691,NA,NA
Nigeria,1978,2381700000,36053000000,0.066061077,NA,NA,NA,NA,NA,5.132277181,NA,NA
Nigeria,1979,2703400000,42912000000,0.062998695,NA,NA,NA,NA,NA,5.056346693,NA,NA
Nigeria,1980,3589500000,50270000100,0.071404416,NA,NA,NA,NA,NA,4.928061457,NA,NA
Nigeria,1981,4347700000,1.39E+11,0.031208702,NA,NA,NA,NA,NA,5.850711999,NA,NA
Nigeria,1982,4728900000,1.49E+11,0.031726679,NA,NA,NA,NA,NA,5.71775947,NA,NA
Nigeria,1983,5299300000,1.59E+11,0.033381379,NA,NA,NA,NA,NA,5.620110531,NA,NA
Nigeria,1984,5347200000,1.66E+11,0.032240365,NA,NA,NA,NA,NA,5.590715015,NA,NA
Nigeria,1985,5375000000,1.88E+11,0.02861621,NA,NA,NA,NA,NA,5.584016848,NA,NA
Nigeria,1986,5696300000,1.98E+11,0.028751308,NA,NA,NA,NA,NA,5.596462486,NA,NA
Nigeria,1987,6854900000,2.45E+11,0.028015751,NA,NA,NA,NA,NA,5.590878494,NA,NA
Nigeria,1988,10210500000,3.16E+11,0.032351091,NA,NA,NA,NA,NA,5.564452273,NA,NA
Nigeria,1989,10722400000,4.15E+11,0.025845774,NA,NA,NA,NA,NA,5.507547336,NA,NA
Nigeria,1990,16212500000,4.95E+11,0.032776119,NA,NA,NA,NA,NA,5.443384354,NA,NA
Nigeria,1991,25331200000,5.90E+11,0.042929891,NA,NA,NA,NA,NA,4.203299999,NA,NA
Nigeria,1992,39725030000,9.06E+11,0.043845194,NA,NA,NA,NA,NA,4.168205212,NA,NA
Nigeria,1993,62570970000,1.26E+12,0.049771096,NA,NA,NA,NA,NA,4.136128513,NA,NA
Nigeria,1994,96166500000,1.77E+12,0.054368477,NA,NA,NA,NA,NA,4.112584277,NA,NA
Nigeria,1995,1.14E+11,3.10E+12,0.036752323,NA,NA,NA,NA,NA,4.098814159,NA,NA
Nigeria,1996,1.26E+11,4.09E+12,0.03084637,NA,NA,NA,NA,NA,4.090677448,NA,NA
Nigeria,1997,1.45E+11,4.42E+12,0.032775435,NA,NA,NA,NA,NA,4.071306655,NA,NA
Nigeria,1998,1.72E+11,4.81E+12,0.035873496,NA,NA,NA,NA,NA,4.061031752,NA,NA
Nigeria,1999,2.09E+11,5.48E+12,0.038042251,NA,NA,NA,NA,NA,4.056387378,NA,NA
Nigeria,2000,3.10E+11,7.06E+12,0.043962515,NA,NA,NA,NA,NA,4.054264853,NA,NA
Nigeria,2001,4.04E+11,8.23E+12,0.049001918,NA,NA,NA,NA,NA,4.863197959,NA,NA
Nigeria,2002,4.63E+11,1.15E+13,0.040269095,NA,NA,NA,NA,NA,4.846459846,NA,NA
Nigeria,2003,5.02E+11,1.36E+13,0.037047686,NA,NA,NA,NA,NA,4.833468695,NA,NA
Nigeria,2004,5.46E+11,1.81E+13,0.030114831,NA,NA,NA,NA,NA,4.825268089,NA,NA
Nigeria,2005,6.42E+11,2.31E+13,0.027782699,NA,NA,NA,NA,NA,4.816455954,NA,NA
Nigeria,2006,7.79E+11,3.04E+13,0.025654308,NA,NA,NA,NA,NA,4.810459201,NA,NA
Nigeria,2007,9.61E+11,3.47E+13,0.027707231,NA,NA,NA,9.5,NA,4.801595695,NA,NA
Nigeria,2008,1.16E+12,4.00E+13,0.028916466,NA,NA,NA,9.75,NA,4.790007354,NA,NA
Nigeria,2009,1.18E+12,4.35E+13,0.02718597,NA,NA,NA,6,NA,4.765259692,NA,NA
Nigeria,2010,1.38E+12,5.46E+13,0.025234889,NA,NA,NA,6.25,NA,4.744297441,NA,NA
Nigeria,2011,1.57E+12,6.31E+13,0.024804831,NA,NA,NA,12,NA,4.695118992,NA,NA
Nigeria,2012,1.63E+12,7.24E+13,0.022552653,NA,NA,NA,12,NA,4.644999201,NA,NA
Nigeria,2013,1.78E+12,8.10E+13,0.021928329,NA,NA,NA,12,NA,4.585805868,NA,NA
Nigeria,2014,1.80E+12,9.01E+13,0.019947182,NA,NA,NA,13,NA,4.521141573,NA,NA
Nigeria,2015,1.86E+12,9.52E+13,0.019520761,NA,NA,NA,11,NA,4.452994149,NA,NA
Nigeria,2016,2.18E+12,1.03E+14,0.021244605,NA,NA,NA,14,NA,4.378661591,NA,NA
Nigeria,2017,2.16E+12,1.15E+14,0.018774967,NA,NA,NA,14,NA,4.310331178,NA,NA
Nigeria,2018,2.33E+12,1.29E+14,0.018043987,NA,NA,NA,14,NA,4.238846803,NA,NA
Hong Kong,1960,NA,7116188200,NA,NA,NA,NA,NA,NA,NA,NA,NA
Hong Kong,1961,NA,7455000000,NA,NA,NA,NA,NA,NA,NA,NA,NA
Hong Kong,1962,NA,8687000000,NA,NA,NA,NA,NA,NA,NA,NA,NA
Hong Kong,1963,NA,10427000000,NA,NA,NA,NA,NA,NA,NA,NA,NA
Hong Kong,1964,NA,11888000000,NA,NA,NA,NA,NA,NA,NA,NA,NA
Hong Kong,1965,NA,13953000000,NA,NA,NA,NA,NA,NA,NA,NA,NA
Hong Kong,1966,NA,14282000000,NA,NA,NA,NA,NA,NA,NA,NA,NA
Hong Kong,1967,NA,15475000000,NA,NA,NA,NA,NA,NA,NA,NA,NA
Hong Kong,1968,1820530000,16533000000,0.110114922,NA,NA,NA,NA,NA,NA,NA,NA
Hong Kong,1969,1927920000,19437000000,0.099188146,NA,NA,NA,NA,NA,NA,NA,NA
Hong Kong,1970,2221670000,23106000000,0.096151216,NA,NA,NA,NA,NA,NA,NA,NA
Hong Kong,1971,2574110000,26681000000,0.096477268,NA,NA,NA,NA,NA,NA,NA,NA
Hong Kong,1972,2912190000,32213000000,0.090404185,NA,NA,NA,NA,NA,NA,NA,NA
Hong Kong,1973,3138410000,41327000000,0.07594091,NA,NA,NA,NA,NA,NA,NA,NA
Hong Kong,1974,3209000000,47240000000,0.067929721,NA,NA,NA,NA,NA,NA,NA,NA
Hong Kong,1975,3652000000,49589000000,0.073645365,NA,NA,NA,NA,NA,NA,NA,NA
Hong Kong,1976,4383000000,63156000000,0.069399582,NA,NA,NA,NA,NA,NA,NA,NA
Hong Kong,1977,5431000000,73284000000,0.074108946,NA,NA,NA,NA,NA,NA,NA,NA
Hong Kong,1978,6548000000,85782000000,0.07633303,NA,NA,NA,NA,NA,NA,NA,NA
Hong Kong,1979,7285000000,1.13E+11,0.064645801,NA,NA,NA,NA,NA,NA,NA,NA
Hong Kong,1980,8372000000,1.44E+11,0.058293123,NA,NA,NA,NA,NA,NA,NA,NA
Hong Kong,1981,9826000000,1.74E+11,0.056608556,NA,NA,NA,NA,NA,NA,NA,NA
Hong Kong,1982,11441000000,1.96E+11,0.05837096,NA,NA,NA,NA,NA,NA,NA,NA
Hong Kong,1983,12713000000,2.17E+11,0.058509488,NA,NA,NA,NA,NA,NA,NA,NA
Hong Kong,1984,13273000000,2.62E+11,0.050661852,NA,NA,NA,NA,NA,NA,NA,NA
Hong Kong,1985,16857000000,2.78E+11,0.060608784,NA,NA,NA,NA,NA,NA,NA,NA
Hong Kong,1986,19294000000,3.21E+11,0.060194993,NA,NA,NA,NA,NA,NA,NA,NA
Hong Kong,1987,24764000000,3.95E+11,0.062730197,NA,NA,NA,NA,NA,NA,NA,NA
Hong Kong,1988,29877000000,4.66E+11,0.064103279,NA,NA,NA,NA,NA,NA,NA,NA
Hong Kong,1989,34192000000,5.37E+11,0.063724705,NA,NA,NA,NA,NA,NA,NA,NA
Hong Kong,1990,37693000000,5.99E+11,0.062899662,NA,NA,NA,NA,NA,NA,NA,NA
Hong Kong,1991,42608000000,6.91E+11,0.061632551,NA,NA,NA,NA,NA,NA,NA,NA
Hong Kong,1992,52172000000,8.07E+11,0.064638906,NA,NA,NA,NA,NA,NA,NA,NA
Hong Kong,1993,63354000000,9.31E+11,0.068048678,NA,NA,NA,NA,NA,NA,NA,NA
Hong Kong,1994,67783000000,1.05E+12,0.064579225,NA,NA,NA,NA,NA,NA,NA,NA
Hong Kong,1995,71335000000,1.12E+12,0.063748541,NA,NA,NA,NA,NA,NA,NA,NA
Hong Kong,1996,76516000000,1.24E+12,0.061941179,NA,NA,NA,NA,NA,NA,NA,NA
Hong Kong,1997,80589000000,1.37E+12,0.058692009,NA,NA,NA,NA,NA,NA,NA,NA
Hong Kong,1998,81174000000,1.31E+12,0.062056122,NA,NA,NA,NA,NA,NA,NA,NA
Hong Kong,1999,99519000000,1.29E+12,0.077389719,NA,NA,NA,NA,NA,NA,NA,NA
Hong Kong,2000,91761000000,1.34E+12,0.068606304,NA,NA,NA,NA,NA,NA,NA,NA
Hong Kong,2001,1.02E+11,1.32E+12,0.076923601,NA,NA,NA,NA,NA,NA,NA,NA
Hong Kong,2002,1.13E+11,1.30E+12,0.087281513,NA,NA,NA,NA,NA,NA,NA,NA
Hong Kong,2003,1.28E+11,1.26E+12,0.10175054,NA,NA,NA,NA,NA,NA,NA,NA
Hong Kong,2004,1.41E+11,1.32E+12,0.1069161,NA,NA,NA,NA,NA,NA,NA,NA
Hong Kong,2005,1.42E+11,1.41E+12,0.100775221,NA,NA,NA,NA,NA,NA,NA,NA
Hong Kong,2006,1.50E+11,1.50E+12,0.099930668,NA,NA,NA,NA,NA,NA,NA,NA
Hong Kong,2007,1.58E+11,1.65E+12,0.095721652,NA,NA,NA,NA,NA,NA,NA,NA
Hong Kong,2008,1.70E+11,1.71E+12,0.099842712,NA,NA,NA,NA,NA,NA,NA,NA
Hong Kong,2009,1.94E+11,1.66E+12,0.117112972,NA,NA,NA,NA,NA,NA,NA,NA
Hong Kong,2010,2.19E+11,1.78E+12,0.12317833,NA,NA,NA,NA,NA,NA,NA,NA
Hong Kong,2011,2.48E+11,1.93E+12,0.128359035,NA,NA,NA,NA,NA,NA,NA,NA
Hong Kong,2012,2.82E+11,2.04E+12,0.138368407,NA,NA,NA,NA,NA,NA,NA,NA
Hong Kong,2013,3.14E+11,2.14E+12,0.14678866,NA,NA,NA,NA,NA,NA,NA,NA
Hong Kong,2014,3.30E+11,2.26E+12,0.146055267,NA,NA,NA,NA,NA,NA,NA,NA
Hong Kong,2015,3.49E+11,2.40E+12,0.145662868,NA,NA,NA,NA,NA,NA,NA,NA
Hong Kong,2016,3.90E+11,2.49E+12,0.156776384,NA,NA,NA,NA,NA,NA,NA,NA
Hong Kong,2017,4.39E+11,2.66E+12,0.164788152,NA,NA,NA,NA,NA,NA,NA,NA
Hong Kong,2018,4.67E+11,2.85E+12,0.163967427,NA,NA,NA,NA,NA,NA,NA,NA
New Zeland,1935,10778000,NA,NA,NA,NA,NA,NA,NA,NA,NA,NA
New Zeland,1940,28846000,NA,NA,NA,NA,NA,NA,NA,NA,NA,NA
New Zeland,1945,67630000,NA,NA,NA,NA,NA,NA,NA,NA,NA,NA
New Zeland,1950,87890000,NA,NA,NA,NA,NA,NA,NA,NA,NA,NA
New Zeland,1955,120784000,NA,NA,NA,NA,NA,NA,NA,NA,NA,NA
New Zeland,1960,130938000,2818149376,0.046462406,NA,NA,NA,NA,NA,NA,NA,NA
New Zeland,1965,126832000,4066656256,0.031188277,NA,NA,NA,NA,NA,NA,NA,NA
New Zeland,1966,124432000,4217161728,0.029506101,NA,NA,NA,NA,NA,NA,NA,NA
New Zeland,1967,123686000,4373687296,0.028279571,NA,NA,NA,NA,NA,NA,NA,NA
New Zeland,1968,12563000,4625532928,0.002716011,NA,NA,NA,NA,NA,NA,NA,NA
New Zeland,1969,8729000,5144274944,0.001696838,NA,NA,NA,NA,NA,NA,NA,NA
New Zeland,1970,7638000,5914147700,0.001291479,NA,NA,NA,NA,NA,NA,NA,NA
New Zeland,1971,6869000,6855000000,0.001002042,NA,NA,NA,NA,NA,NA,NA,NA
New Zeland,1972,6529000,7872000000,8.29E-04,NA,NA,NA,NA,NA,NA,NA,NA
New Zeland,1973,6333000,9201000000,6.88E-04,NA,NA,NA,NA,NA,NA,NA,NA
New Zeland,1974,6023000,10110000000,5.96E-04,NA,NA,NA,NA,NA,NA,NA,NA
New Zeland,1975,5913000,11388000000,5.19E-04,NA,NA,NA,NA,NA,NA,NA,NA
New Zeland,1976,5851000,13964000000,4.19E-04,NA,NA,NA,NA,NA,NA,NA,NA
New Zeland,1977,5804000,15643000000,3.71E-04,NA,NA,NA,NA,NA,NA,NA,NA
New Zeland,1978,5763000,17730000000,3.25E-04,NA,NA,NA,NA,NA,NA,NA,NA
New Zeland,1979,5703000,20696000000,2.76E-04,NA,NA,NA,NA,NA,NA,NA,NA
New Zeland,1980,5353000,24086000000,2.22E-04,NA,NA,NA,NA,NA,NA,NA,NA
New Zeland,1981,5262000,29328000000,1.79E-04,NA,NA,NA,NA,NA,NA,NA,NA
New Zeland,1982,5223000,33178000000,1.57E-04,NA,NA,NA,NA,NA,NA,NA,NA
New Zeland,1983,5201000,36989000000,1.41E-04,NA,NA,NA,NA,NA,NA,NA,NA
New Zeland,1984,5196000,41785000000,1.24E-04,NA,NA,NA,NA,NA,NA,NA,NA
New Zeland,1985,5190000,48249000000,1.08E-04,NA,NA,NA,NA,NA,NA,NA,NA
New Zeland,1986,5176000,57953000000,8.93E-05,NA,NA,NA,NA,NA,NA,NA,NA
New Zeland,1987,5158000,65228000000,7.91E-05,NA,NA,NA,NA,NA,NA,NA,NA
New Zeland,1988,5142000,70137000000,7.33E-05,NA,NA,NA,NA,NA,NA,NA,NA
New Zeland,1989,5138000,74212000000,6.92E-05,NA,NA,NA,NA,NA,NA,NA,NA
New Zeland,1990,5131000,76127000000,6.74E-05,NA,NA,NA,NA,NA,NA,NA,NA
New Zeland,1991,5131000,75967000000,6.75E-05,NA,NA,NA,NA,NA,NA,NA,NA
New Zeland,1992,5131000,78335000000,6.55E-05,NA,NA,NA,NA,NA,NA,NA,NA
New Zeland,1993,5130000,84575000000,6.07E-05,NA,NA,NA,NA,NA,NA,NA,NA
New Zeland,1994,5124000,90600000000,5.66E-05,NA,NA,NA,NA,NA,NA,NA,NA
New Zeland,1995,5120000,96236000000,5.32E-05,NA,NA,NA,NA,NA,NA,NA,NA
New Zeland,1996,5118000,1.01E+11,5.07E-05,NA,NA,NA,NA,NA,NA,NA,NA
New Zeland,1997,5112000,1.05E+11,4.87E-05,NA,NA,NA,NA,NA,NA,NA,NA
New Zeland,1998,5106000,1.07E+11,4.77E-05,NA,NA,NA,NA,NA,NA,NA,NA
New Zeland,1999,5105000,1.13E+11,4.52E-05,NA,NA,NA,NA,NA,NA,NA,NA
New Zeland,2000,5102000,1.20E+11,4.25E-05,NA,NA,NA,NA,NA,NA,NA,NA
New Zeland,2001,5100000,1.29E+11,3.95E-05,NA,NA,NA,NA,NA,NA,NA,NA
New Zeland,2002,5100000,1.35E+11,3.78E-05,NA,NA,NA,NA,NA,NA,NA,NA
New Zeland,2003,5100000,1.45E+11,3.52E-05,NA,NA,NA,NA,NA,NA,NA,NA
New Zeland,2004,5097000,1.55E+11,3.29E-05,NA,NA,NA,NA,NA,NA,NA,NA
New Zeland,2005,5095000,1.63E+11,3.13E-05,NA,NA,NA,NA,NA,NA,NA,NA
New Zeland,2006,5095000,1.72E+11,2.96E-05,NA,NA,NA,NA,NA,NA,NA,NA
New Zeland,2007,5095000,1.87E+11,2.72E-05,NA,NA,NA,NA,NA,NA,NA,NA
New Zeland,2008,5094000,1.90E+11,2.68E-05,NA,NA,NA,NA,NA,NA,NA,NA
New Zeland,2009,5094000,1.94E+11,2.63E-05,NA,NA,NA,NA,NA,NA,NA,NA
New Zeland,2010,5094000,2.03E+11,2.51E-05,NA,NA,NA,NA,NA,NA,NA,NA
New Zeland,2011,5094000,2.13E+11,2.39E-05,NA,NA,NA,NA,NA,NA,NA,NA
New Zeland,2012,5093000,2.17E+11,2.35E-05,NA,NA,NA,NA,NA,NA,NA,NA
New Zeland,2013,5093000,2.33E+11,2.19E-05,NA,NA,NA,NA,NA,NA,NA,NA
New Zeland,2014,5093000,2.42E+11,2.10E-05,NA,NA,NA,NA,NA,NA,NA,NA
New Zeland,2015,5090000,2.54E+11,2.00E-05,NA,NA,NA,NA,NA,NA,NA,NA
New Zeland,2016,5089596,2.70E+11,1.89E-05,NA,NA,NA,NA,NA,NA,NA,NA
New Zeland,2017,5089475,2.85E+11,1.79E-05,NA,NA,NA,NA,NA,NA,NA,NA
New Zeland,2018,5089132,2.96E+11,1.72E-05,NA,NA,NA,NA,NA,NA,NA,NA
Canada,1961,NA,42099000000,NA,NA,NA,NA,NA,NA,2.876210515,NA,NA
Canada,1962,NA,45816000000,NA,NA,NA,NA,NA,NA,3.038539008,NA,NA
Canada,1963,NA,49302000000,NA,NA,NA,NA,NA,NA,3.009533548,NA,NA
Canada,1964,NA,54067000000,NA,NA,NA,NA,NA,NA,3.001383051,NA,NA
Canada,1965,NA,59658000000,NA,NA,NA,NA,NA,NA,2.892943143,NA,NA
Canada,1966,NA,66810000000,NA,NA,NA,NA,NA,NA,2.886473167,NA,NA
Canada,1967,NA,71912000000,NA,NA,NA,NA,NA,NA,2.493558436,NA,NA
Canada,1968,NA,78569000000,NA,NA,NA,NA,NA,NA,2.294780457,NA,NA
Canada,1969,NA,86518000000,NA,NA,NA,NA,NA,NA,2.025906591,NA,NA
Canada,1970,NA,91842629900,NA,NA,NA,NA,NA,NA,2.051615806,NA,NA
Canada,1971,NA,1.00E+11,NA,NA,NA,NA,NA,NA,3.522847016,NA,NA
Canada,1972,NA,1.12E+11,NA,NA,NA,NA,NA,NA,1.0043341,NA,NA
Canada,1973,NA,1.31E+11,NA,NA,NA,NA,NA,NA,1.06453522,NA,NA
Canada,1974,NA,1.57E+11,NA,NA,NA,NA,NA,NA,1.237690137,NA,NA
Canada,1975,NA,1.77E+11,NA,NA,NA,NA,NA,NA,1.300845615,NA,NA
Canada,1976,NA,2.04E+11,NA,NA,NA,NA,NA,NA,1.172868786,NA,NA
Canada,1977,NA,2.25E+11,NA,NA,NA,NA,NA,NA,1.223220604,NA,NA
Canada,1978,NA,2.49E+11,NA,NA,NA,NA,NA,NA,1.048392076,NA,NA
Canada,1979,NA,2.85E+11,NA,NA,NA,NA,NA,NA,1.042607242,NA,NA
Canada,1980,11108000000,3.20E+11,0.034691913,NA,NA,NA,NA,NA,1.342472215,NA,NA
Canada,1981,11636000000,3.67E+11,0.031695272,NA,NA,NA,NA,NA,1.298137562,NA,NA
Canada,1982,12719000000,3.87E+11,0.032884922,NA,NA,NA,NA,NA,1.403366956,NA,NA
Canada,1983,14163000000,4.20E+11,0.033746256,NA,NA,NA,NA,NA,1.200454322,NA,NA
Canada,1984,15236000000,4.60E+11,0.033104251,NA,NA,NA,NA,NA,1.154242953,NA,NA
Canada,1985,16672000000,4.98E+11,0.033472871,NA,NA,NA,NA,NA,1.122230862,NA,NA
Canada,1986,17911000000,5.24E+11,0.034151969,NA,NA,NA,NA,NA,1.187689414,NA,NA
Canada,1987,19447000000,5.72E+11,0.034002651,NA,NA,NA,NA,NA,1.344305762,NA,NA
Canada,1988,21032000000,6.24E+11,0.033683482,NA,NA,NA,NA,NA,1.32275789,NA,NA
Canada,1989,22093000000,6.69E+11,0.033022633,NA,NA,NA,NA,NA,1.820319161,NA,NA
Canada,1990,22970000000,6.93E+11,0.033145887,NA,NA,NA,NA,14.16312048,1.533778783,CAN,2.4
Canada,1991,24481000000,6.99E+11,0.035010218,NA,NA,NA,NA,14.4495626,1.29236942,CAN,2.7
Canada,1992,25609000000,7.16E+11,0.035765811,NA,NA,NA,6.75,14.35716091,1.531544853,CAN,2.6
Canada,1993,27237000000,7.45E+11,0.036578978,NA,NA,NA,4,13.69687137,1.442998242,CAN,2.2
Canada,1994,28329000000,7.90E+11,0.035881886,NA,NA,NA,5.69,13.11451323,1.434271599,CAN,2.1
Canada,1995,28778000000,8.29E+11,0.034715244,NA,NA,NA,5.78,13.3295053,1.371351563,CAN,2
Canada,1996,29109000000,8.57E+11,0.033965249,NA,NA,NA,3,13.92401371,1.400008831,CAN,2.1
Canada,1997,30542000000,9.04E+11,0.033789136,NA,NA,NA,4.25,14.61599734,1.491580581,CAN,2
Canada,1998,32638000000,9.37E+11,0.034821481,NA,NA,NA,5,14.71916526,1.318879885,CAN,1.9
Canada,1999,40143000000,1.00E+12,0.039964837,NA,NA,NA,4.75,14.75054208,1.293116804,CAN,1.8
Canada,2000,36775000000,1.10E+12,0.033359549,NA,NA,NA,5.75,14.90734164,1.404225954,CAN,1.8
Canada,2001,38821000000,1.14E+12,0.03403843,NA,NA,NA,2.25,14.23159039,1.50320904,CAN,1.8
Canada,2002,41147000000,1.19E+12,0.034593241,NA,NA,NA,2.75,13.42525802,1.185132208,CAN,1.9
Canada,2003,42191000000,1.25E+12,0.033744242,NA,NA,NA,2.75,13.27575327,1.000212478,CAN,1.7
Canada,2004,44241000000,1.33E+12,0.033234449,NA,NA,NA,2.5,13.39031039,1.03051181,CAN,2
Canada,2005,46078000000,1.42E+12,0.032517353,NA,NA,NA,3.25,13.34214991,1.040618588,CAN,2.1
Canada,2006,48762000000,1.49E+12,0.032677772,NA,NA,NA,4.25,13.38728474,1.123846755,CAN,1.9
Canada,2007,50565000000,1.57E+12,0.032134713,NA,NA,NA,4.25,13.36941352,1.199018842,CAN,1.8
Canada,2008,53731000000,1.65E+12,0.032506656,NA,NA,NA,1.5,12.42102627,1.309029905,CAN,1.8
Canada,2009,55468000000,1.57E+12,0.035389332,NA,NA,NA,0.25,12.33554405,1.364893948,CAN,1.8
Canada,2010,57874000000,1.66E+12,0.034819157,NA,NA,NA,1,11.76044487,1.333268714,CAN,1.6
Canada,2011,61029000000,1.77E+12,0.034481181,NA,NA,NA,1,11.83153834,1.174952642,CAN,1.8
Canada,2012,63700000000,1.82E+12,0.034946083,NA,NA,NA,1,11.69256444,1.136362333,CAN,1.6
Canada,2013,66616000000,1.90E+12,0.035106654,NA,NA,NA,1,11.65239901,1.107109995,CAN,1.4
Canada,2014,70024000000,1.99E+12,0.035184757,NA,NA,NA,1,11.83636656,1.05460142,CAN,1.5
Canada,2015,75497000000,1.99E+12,0.038017914,NA,NA,NA,0.5,12.41860444,0.796807975,CAN,1.7
Canada,2016,80479000000,2.02E+12,0.03976581,NA,NA,NA,0.5,12.45503562,1.182792155,CAN,1.7
Canada,2017,85856000000,2.14E+12,0.040166024,NA,NA,NA,0.75,12.52123949,1.247407091,CAN,1.8
Canada,2018,90193000000,2.22E+12,0.040644669,NA,NA,NA,NA,12.85025513,1.484202357,NA,NA
Austria,1870,296.89,3530.695,0.08408826,5.333,0.100708359,2.25E-04,NA,NA,NA,NA,NA
Austria,1871,317.33,3862.438,0.082157953,5.688,0.092246659,1.81E-06,NA,NA,NA,NA,NA
Austria,1872,318.36,4158.194,0.076562084,6.083,0.088309011,0.004552048,NA,NA,NA,NA,NA
Austria,1873,358.94,4121.227,0.087095421,5.25,0.096779794,0.004694282,NA,NA,NA,NA,NA
Austria,1874,293.76,4239.131,0.069297222,4.594,0.094417464,0.005375677,NA,NA,NA,NA,NA
Austria,1875,286.24,4092.282,0.069946304,4.354,0.095732406,0.011663688,NA,NA,NA,NA,NA
Austria,1876,295.9,4042.242,0.073201951,4.125,0.094358032,0.019709631,NA,NA,NA,NA,NA
Austria,1877,282.2,4196.653,0.067244063,4.125,0.092485726,0.036533661,NA,NA,NA,NA,NA
Austria,1878,288.8,4135.694,0.069831085,4.083,0.099281281,0.0547224,NA,NA,NA,NA,NA
Austria,1879,316.7,3991.103,0.079351498,3.542,0.098911504,0.09831192,NA,NA,NA,NA,NA
Austria,1880,328.6,4079.801,0.080543144,3.188,0.103484704,0.100155865,NA,NA,NA,NA,NA
Austria,1881,354.2,4150.449,0.085340164,3.552,0.106574734,0.106563169,NA,NA,NA,NA,NA
Austria,1882,368.6,4154.974,0.08871295,3.76,0.116987134,0.116209151,NA,NA,NA,NA,NA
Austria,1883,380.4,4254.3,0.089415415,3.729,0.114950051,0.117515455,NA,NA,NA,NA,NA
Austria,1884,375.7,4313.839,0.087091799,3.667,0.118318046,0.125057287,NA,NA,NA,NA,NA
Austria,1885,363.6,4105.754,0.088558642,3.313,0.127766057,0.134256461,NA,NA,NA,NA,NA
Austria,1886,371.7,3997.603,0.092980719,3.292,0.131254654,0.161745176,NA,NA,NA,NA,NA
Austria,1887,391.1,4286.029,0.091249966,3.583,0.123371307,0.206384978,NA,NA,NA,NA,NA
Austria,1888,425.7,4224.385,0.100772065,3.563,0.121601724,0.250601448,NA,NA,NA,NA,NA
Austria,1889,434.7,4308.738,0.100888009,3.729,0.130523949,0.245246752,NA,NA,NA,NA,NA
Austria,1890,445.9,4539.126,0.09823477,4.094,0.128177649,0.233263628,NA,NA,NA,NA,NA
Austria,1891,455.2,4657.257,0.097739936,4.068,0.128983326,0.226633617,NA,NA,NA,NA,NA
Austria,1892,478,4564.225,0.104727528,3.682,0.135334586,0.235636937,NA,NA,NA,NA,NA
Austria,1893,486.6,4594.474,0.105909839,3.807,0.143468545,0.267012938,NA,NA,NA,NA,NA
Austria,1894,507.8,4822.946,0.105288345,3.594,0.136908956,0.264169244,NA,NA,NA,NA,NA
Austria,1895,619.9,5026.186,0.123334075,4.203,0.138942928,0.285547928,NA,NA,NA,NA,NA
Austria,1896,659.7,4839.589,0.136313228,3.859,0.146261904,0.296334461,NA,NA,NA,NA,NA
Austria,1897,699.9,4973.327,0.140730742,3.714,0.149015237,0.29612913,NA,NA,NA,NA,NA
Austria,1898,737.5,5280.599,0.139662186,3.974,0.148055931,0.280157232,NA,NA,NA,NA,NA
Austria,1899,729,5525.026,0.13194508,4.833,0.144626107,0.286289693,NA,NA,NA,NA,NA
Austria,1900,1494,11049.791,0.135206177,4.339,0.149707085,0.30556406,NA,NA,NA,NA,NA
Austria,1901,1584.9,11042.468,0.143527697,3.693,0.152754348,0.327746388,NA,NA,NA,NA,NA
Austria,1902,1635.2,11408.154,0.143336073,2.745,0.151434229,0.319122007,NA,NA,NA,NA,NA
Austria,1903,1770.8,11684.003,0.151557647,3.099,0.15044433,0.32192674,NA,NA,NA,NA,NA
Austria,1904,1751.3,12117.856,0.144522265,3.198,0.148359083,0.319575344,NA,NA,NA,NA,NA
Austria,1905,1847,13514.157,0.136671492,3.396,0.139261443,0.29820802,NA,NA,NA,NA,NA
Austria,1906,1982,14287.829,0.138719465,4.146,0.140573841,0.296983398,NA,NA,NA,NA,NA
Austria,1907,2028,15559.206,0.130340841,4.734,0.144805076,0.29467217,NA,NA,NA,NA,NA
Austria,1908,2112.9,15987.245,0.132161608,3.854,0.149393094,0.296109742,NA,NA,NA,NA,NA
Austria,1909,2188,16357.106,0.133764494,3.339,0.170916726,0.337752717,NA,NA,NA,NA,NA
Austria,1910,2375.9,16934.118,0.140302554,3.833,0.170985699,0.408144434,NA,NA,NA,NA,NA
Austria,1911,2541,18120.258,0.140229791,4.13,0.170126275,0.389709021,NA,NA,NA,NA,NA
Austria,1912,2815.8,19394.692,0.145184053,4.891,0.163617396,0.377049195,NA,NA,NA,NA,NA
Austria,1913,2493.6,19140.8,0.130276686,5.698,0.182128124,0.390127163,NA,NA,NA,NA,NA
Austria,1925,950.4,10296,0.092307692,NA,NA,NA,NA,NA,NA,NA,NA
Austria,1926,1024.1,10283,0.099591559,NA,NA,NA,NA,NA,NA,NA,NA
Austria,1927,1082.2,11110,0.097407741,NA,NA,NA,NA,NA,NA,NA,NA
Austria,1928,1156.5,11678,0.099032369,NA,NA,NA,NA,NA,NA,NA,NA
Austria,1929,1187.3,12087,0.098229503,NA,NA,NA,NA,NA,NA,NA,NA
Austria,1930,1181.9,11560,0.102240484,NA,NA,NA,NA,NA,NA,NA,NA
Austria,1931,1281.1,10360,0.123658301,NA,NA,NA,NA,NA,NA,NA,NA
Austria,1932,1010.5,9550,0.105811518,NA,NA,NA,NA,NA,NA,NA,NA
Austria,1933,1048.6,9020,0.116252772,NA,NA,NA,NA,NA,NA,NA,NA
Austria,1934,1072.5,8980,0.119432071,NA,NA,NA,NA,NA,NA,NA,NA
Austria,1935,1101.8,9140,0.120547046,NA,NA,NA,NA,NA,NA,NA,NA
Austria,1936,1068.6,9316,0.114705882,NA,NA,NA,NA,NA,NA,NA,NA
Austria,1937,1068.9,9822,0.108827123,NA,NA,NA,NA,NA,NA,NA,NA
Austria,1947,4400,27764,0.158478605,NA,NA,NA,NA,NA,NA,NA,NA
Austria,1948,5746.5,32111,0.178957367,NA,NA,NA,NA,NA,NA,NA,NA
Austria,1949,5844.2,41606,0.140465318,NA,NA,NA,NA,NA,NA,NA,NA
Austria,1950,6477.9,51993,0.124591772,NA,NA,NA,NA,NA,NA,NA,NA
Austria,1951,8183.3,69190,0.118272872,NA,NA,NA,NA,NA,NA,NA,NA
Austria,1952,9251.3,80128,0.11545652,NA,NA,NA,NA,NA,NA,NA,NA
Austria,1953,10755.3,82652,0.130127523,NA,NA,NA,NA,NA,NA,NA,NA
Austria,1954,12540.4,93574,0.134015859,NA,NA,NA,NA,NA,NA,NA,NA
Austria,1955,13341.2,107296,0.124340143,NA,NA,NA,NA,NA,NA,NA,NA
Austria,1956,14597.9,119303,0.122359874,NA,NA,NA,NA,NA,NA,NA,NA
Austria,1957,15835.2,132068,0.119901869,NA,NA,NA,NA,NA,NA,NA,NA
Austria,1958,17297.6,137178,0.126096021,NA,NA,NA,NA,NA,NA,NA,NA
Austria,1959,18385.4,145900,0.126013708,NA,NA,NA,NA,NA,NA,NA,NA
Austria,1960,19425.9,162893,0.119255585,NA,NA,NA,NA,NA,0.684001619,NA,NA
Austria,1961,21656.5,180726,0.119830572,NA,NA,NA,NA,NA,0.693616919,NA,NA
Austria,1962,23217.3,192134,0.120839102,NA,NA,NA,NA,NA,0.688471401,NA,NA
Austria,1963,24818.2,207083,0.119846632,NA,NA,NA,NA,NA,0.719407568,NA,NA
Austria,1964,26646.5,226730,0.11752525,NA,NA,NA,NA,NA,0.742017957,NA,NA
Austria,1965,28514.1,246491,0.115680086,NA,NA,NA,NA,NA,0.725129202,NA,NA
Austria,1966,30632.7,268532,0.114074673,NA,NA,NA,NA,NA,0.778261603,NA,NA
Austria,1967,32330.7,285593,0.113205506,NA,NA,NA,NA,NA,0.82271009,NA,NA
Austria,1968,33655.7,306833,0.109687354,NA,NA,NA,NA,NA,0.594482374,NA,NA
Austria,1969,35405.1,335000,0.105686866,NA,NA,NA,NA,NA,0.420510194,NA,NA
Austria,1970,36952.9,375885,0.098309057,NA,NA,NA,NA,NA,0.42587062,NA,NA
Austria,1971,40480.1,419624,0.096467552,NA,NA,NA,NA,NA,0.512120902,NA,NA
Austria,1972,46411.7,479544,0.096782986,NA,NA,NA,NA,17.88878555,0.596495457,NA,NA
Austria,1973,50746.8,543458,0.093377593,NA,NA,NA,NA,18.19695085,0.569350304,NA,NA
Austria,1974,54989.2,618563,0.088898301,NA,NA,NA,NA,18.39734099,0.185526977,NA,NA
Austria,1975,57894.2,656116,0.088237751,NA,NA,NA,NA,18.01092541,-0.250023853,NA,NA
Austria,1976,60897.1,724745,0.084025554,NA,NA,NA,NA,17.86233238,-0.161373853,NA,NA
Austria,1977,64403.9,843169,0.076383145,NA,NA,NA,NA,17.99929309,0.053705672,NA,NA
Austria,1978,69789.4,891817,0.078255292,NA,NA,NA,NA,18.77754986,-0.065680146,NA,NA
Austria,1979,74608.8,978249,0.076267699,NA,NA,NA,NA,18.55011641,-0.155150463,NA,NA
Austria,1980,79739.4,1050724,0.075889958,NA,NA,NA,NA,18.5780047,0.015396241,NA,NA
Austria,1981,80925.5,1119680,0.072275561,NA,NA,NA,NA,18.94982574,0.213722207,NA,NA
Austria,1982,83938.5,1203367,0.069753035,NA,NA,NA,NA,18.19042046,-0.333003715,NA,NA
Austria,1983,92309,1282178,0.071993904,NA,NA,NA,NA,18.03258877,-0.567951938,NA,NA
Austria,1984,93723.4,1346333,0.069613833,NA,NA,NA,NA,18.96407744,-0.41740401,NA,NA
Austria,1985,94525.2,1420861,0.066526705,NA,NA,NA,NA,18.10378406,-0.364294045,NA,NA
Austria,1986,98140.7,1496456,0.065582082,NA,NA,NA,NA,17.97233671,-0.354093544,NA,NA
Austria,1987,102853.1,1553728,0.066197623,NA,NA,NA,NA,17.72008411,-0.356097125,NA,NA
Austria,1988,108447.9,1629442,0.066555238,NA,NA,NA,NA,18.56280078,-0.281167821,NA,NA
Austria,1989,117816.7,1742967,0.067595485,NA,NA,NA,NA,17.80575181,0.025989652,NA,NA
Austria,1990,124716.1,1873265,0.066576859,NA,NA,NA,NA,17.98108328,0.332494358,AUT,1.2
Austria,1991,133367.2,2008306,0.066407808,NA,NA,NA,NA,18.16717858,0.567072342,AUT,1.3
Austria,1992,141177.1,2121684,0.066540116,NA,NA,NA,NA,18.92048054,0.665705624,AUT,1.2
Austria,1993,149753.8,2191666,0.068328751,NA,NA,NA,NA,18.93545576,0.386303389,AUT,1
Austria,1994,158340.5,2300980,0.068814375,NA,NA,NA,NA,18.34557306,-0.057029695,AUT,1.1
Austria,1995,168607.3,2405201,0.070101127,NA,NA,NA,NA,24.60010617,-0.290743622,AUT,1
Austria,1996,176727.9,2506201,0.070516251,NA,NA,NA,NA,25.94003601,-0.314066228,AUT,1.2
Austria,1997,178845.9,2591198,0.069020546,NA,NA,NA,NA,26.79771217,-0.336146843,AUT,0.8
Austria,1998,176708.6,2694655,0.065577449,NA,NA,NA,NA,26.88984546,-0.345078398,AUT,1
Austria,1999,13328,203851,0.065381087,NA,NA,NA,NA,26.6278222,-0.262302086,AUT,0.7
Austria,2000,13934,213606,0.06523225,NA,NA,NA,NA,26.22507988,-0.220175992,AUT,1
Austria,2001,10172,220525,0.04612629,NA,NA,NA,NA,27.96557199,-0.081625277,AUT,0.9
Austria,2002,10238,226735,0.045154034,NA,NA,NA,NA,26.97550032,0.025369868,AUT,0.8
Austria,2003,11691,231862,0.050422234,NA,NA,NA,NA,26.64696993,0.016674641,AUT,0.6
Austria,2004,13416,242348,0.05535841,NA,NA,NA,NA,26.30867249,0.14603312,AUT,0.7
Austria,2005,15128,254075,0.059541474,NA,NA,NA,NA,25.51395546,0.204609525,AUT,0.7
Austria,2006,16815,267824,0.062783768,NA,NA,NA,NA,25.05044256,0.01586968,AUT,0.7
Austria,2007,18053,283978,0.063571826,NA,NA,NA,NA,25.39199432,-0.160527934,AUT,0.5
Austria,2008,20297,293762,0.069093348,NA,NA,NA,NA,26.07751972,-0.173990969,AUT,0.7
Austria,2009,20640,288044,0.071655719,NA,NA,NA,NA,25.22516524,-0.227452142,AUT,0.6
Austria,2010,21492,295897,0.072633383,NA,NA,NA,NA,25.28163551,-0.253173146,AUT,0.7
Austria,2011,22687,310129,0.07315343,NA,NA,NA,NA,25.42798528,-0.158921842,AUT,0.9
Austria,2012,23298,318653,0.073114014,NA,NA,NA,NA,25.92819764,0.511947896,AUT,0.9
Austria,2013,24497,323910,0.075629033,NA,NA,NA,NA,26.41517309,0.919560199,AUT,0.7
Austria,2014,26237,333146,0.07875526,NA,NA,NA,NA,26.41789831,1.112385233,AUT,0.5
Austria,2015,27795,344269,0.080736285,NA,NA,NA,NA,26.82700277,1.44900148,AUT,0.5
Austria,2016,28893,357300,0.080864819,NA,NA,NA,NA,25.51657449,1.4100618,AUT,0.7
Austria,2017,30035,370296,0.081110787,NA,NA,NA,NA,25.38010561,1.020478626,NA,NA
Austria,2018,31585,385712,0.081887522,NA,NA,NA,NA,NA,0.909572158,NA,NA
Eurozone,2002,3.59E+11,7.60E+12,0.047171875,NA,NA,NA,NA,NA,NA,NA,NA
Eurozone,2003,4.36E+11,7.82E+12,0.055757381,NA,NA,NA,NA,NA,NA,NA,NA
Eurozone,2004,5.01E+11,8.16E+12,0.061457977,NA,NA,NA,NA,NA,NA,NA,NA
Eurozone,2005,5.65E+11,8.45E+12,0.066904756,NA,NA,NA,NA,NA,NA,NA,NA
Eurozone,2006,6.28E+11,8.90E+12,0.070606781,NA,NA,NA,NA,NA,NA,NA,NA
Eurozone,2007,6.77E+11,9.39E+12,0.07205085,NA,NA,NA,NA,NA,NA,NA,NA
Eurozone,2008,7.63E+11,9.63E+12,0.079246246,NA,NA,NA,NA,NA,NA,NA,NA
Eurozone,2009,8.06E+11,9.28E+12,0.086881335,NA,NA,NA,NA,NA,NA,NA,NA
Eurozone,2010,8.40E+11,9.54E+12,0.088049871,NA,NA,NA,NA,NA,NA,NA,NA
Eurozone,2011,8.89E+11,9.80E+12,0.090714523,NA,NA,NA,NA,NA,NA,NA,NA
Eurozone,2012,9.13E+11,9.83E+12,0.092800799,NA,NA,NA,NA,NA,NA,NA,NA
Eurozone,2013,9.56E+11,9.93E+12,0.09630129,NA,NA,NA,NA,NA,NA,NA,NA
Eurozone,2014,1.02E+12,1.02E+13,0.100017785,NA,NA,NA,NA,NA,NA,NA,NA
Eurozone,2015,1.08E+12,1.05E+13,0.103023388,NA,NA,NA,NA,NA,NA,NA,NA
Eurozone,2016,1.13E+12,1.08E+13,0.104221904,NA,NA,NA,NA,NA,NA,NA,NA
Eurozone,2017,1.17E+12,1.12E+13,0.104680684,NA,NA,NA,NA,NA,NA,NA,NA
Eurozone,2018,1.23E+12,1.15E+13,0.10664731,NA,NA,NA,NA,NA,NA,NA,NA
India,1965,28410000000,2.84E+11,0.1,NA,NA,NA,NA,NA,3.096727261,NA,NA
India,1966,31120000000,3.21E+11,0.0969,NA,NA,NA,NA,NA,3.100375552,NA,NA
India,1967,32890000000,3.76E+11,0.0875,NA,NA,NA,NA,NA,3.108193212,NA,NA
India,1968,34680000000,3.98E+11,0.0871,NA,NA,NA,NA,NA,3.125058677,NA,NA
India,1969,37940000000,4.38E+11,0.0866,NA,NA,NA,NA,NA,3.160537694,NA,NA
India,1970,41600000000,4.68E+11,0.0889,NA,NA,NA,NA,NA,3.211618263,NA,NA
India,1971,45570000000,5.01E+11,0.091,NA,NA,NA,NA,NA,3.420148101,NA,NA
India,1972,50060000000,5.52E+11,0.0907,NA,NA,NA,NA,NA,3.938456254,NA,NA
India,1973,56800000000,6.72E+11,0.0845,NA,NA,NA,NA,NA,3.947983098,NA,NA
India,1974,65950000000,7.94E+11,0.0831,NA,NA,NA,NA,8.18112069,3.955226287,NA,NA
India,1975,67010000000,8.52E+11,0.0787,NA,NA,NA,NA,9.024502692,3.93321082,NA,NA
India,1976,70530000000,9.18E+11,0.0768,NA,NA,NA,NA,9.181837771,3.909014346,NA,NA
India,1977,82880000000,1.04E+12,0.0797,NA,NA,NA,NA,8.597094001,3.888479109,NA,NA
India,1978,91520000000,1.13E+12,0.081,NA,NA,NA,NA,9.302274308,3.876722529,NA,NA
India,1979,1.08E+11,1.24E+12,0.0874,NA,NA,NA,NA,9.689048691,3.877550903,NA,NA
India,1980,1.24E+11,1.47E+12,0.0842,NA,NA,NA,NA,9.026071522,3.889168155,NA,NA
India,1981,1.43E+11,1.73E+12,0.0827,NA,NA,NA,NA,9.213690094,3.695379284,NA,NA
India,1982,1.54E+11,1.93E+12,0.0798,NA,NA,NA,NA,9.26912113,3.306080655,NA,NA
India,1983,1.76E+11,2.25E+12,0.0784,NA,NA,NA,NA,9.268497184,3.296702793,NA,NA
India,1984,2.06E+11,2.52E+12,0.0819,NA,NA,NA,NA,9.306539642,3.270975477,NA,NA
India,1985,2.39E+11,2.85E+12,0.0838,NA,NA,NA,NA,10.0754183,3.229712656,NA,NA
India,1986,2.65E+11,3.18E+12,0.0834,NA,NA,NA,NA,10.42730861,3.189642097,NA,NA
India,1987,2.99E+11,3.62E+12,0.0826,NA,NA,NA,NA,10.40830972,3.14729847,NA,NA
India,1988,3.51E+11,4.29E+12,0.0819,NA,NA,NA,NA,10.35673776,3.108959339,NA,NA
India,1989,4.01E+11,4.93E+12,0.0814,NA,NA,NA,NA,10.46834426,3.071801218,NA,NA
India,1990,4.83E+11,5.76E+12,0.0838,NA,NA,NA,NA,9.993591157,3.027877664,IND,5.1
India,1991,5.53E+11,6.62E+12,0.0835,NA,NA,NA,NA,10.17092218,2.939881946,IND,5.5
India,1992,6.37E+11,7.61E+12,0.0838,NA,NA,NA,NA,9.805228208,2.799132422,IND,5.5
India,1993,7.13E+11,8.76E+12,0.0814,NA,NA,NA,NA,8.535233416,2.764122219,IND,5.2
India,1994,8.54E+11,1.03E+13,0.0829,NA,NA,NA,NA,8.981771801,2.734273763,IND,5
India,1995,1.05E+12,1.21E+13,0.0865,NA,NA,NA,NA,9.22682447,2.703761542,IND,4.8
India,1996,1.23E+12,1.39E+13,0.0882,NA,NA,NA,NA,9.23146847,2.681386345,IND,4.8
India,1997,1.37E+12,1.55E+13,0.0885,NA,NA,NA,NA,9.008577517,2.652907845,IND,4.8
India,1998,1.51E+12,1.77E+13,0.0853,NA,NA,NA,NA,8.113143317,2.620969505,IND,4.9
India,1999,1.76E+12,1.99E+13,0.0884,NA,NA,NA,NA,8.638299821,2.584457771,IND,4.6
India,2000,1.97E+12,2.14E+13,0.0921,NA,NA,NA,NA,8.810143285,2.544616777,IND,4.6
India,2001,2.18E+12,2.32E+13,0.0941,NA,NA,NA,NA,8.079454251,2.63189526,IND,4.3
India,2002,2.51E+12,2.49E+13,0.101,NA,NA,NA,NA,8.676273723,2.850502993,IND,4.2
India,2003,2.82E+12,2.79E+13,0.101,NA,NA,NA,NA,9.108084104,2.806108118,IND,4
India,2004,3.27E+12,3.19E+13,0.103,NA,NA,NA,NA,9.570816851,2.767125214,IND,4.1
India,2005,3.69E+12,3.63E+13,0.102,NA,NA,NA,6.25,10.08093058,2.721832959,IND,3.9
India,2006,4.30E+12,4.25E+13,0.101,NA,NA,NA,7.25,11.12933701,2.681685474,IND,3.9
India,2007,5.04E+12,4.90E+13,0.103,NA,NA,NA,7.75,12.10834714,2.642483661,IND,3.8
India,2008,5.91E+12,5.51E+13,0.107,NA,NA,NA,6.5,10.97717292,2.595371477,IND,3.8
India,2009,6.91E+12,6.37E+13,0.109,NA,NA,NA,4.75,9.8097247,2.531696007,IND,3.8
India,2010,8.00E+12,7.63E+13,0.105,NA,NA,NA,6.25,10.38803993,2.46548964,IND,3.8
India,2011,9.50E+12,8.74E+13,0.109,NA,NA,NA,8.5,10.1773872,2.401019936,IND,3.8
India,2012,1.07E+13,9.94E+13,0.107,NA,NA,NA,8,10.83677172,2.369769079,IND,3.8
India,2013,1.19E+13,1.12E+14,0.106,NA,NA,NA,7.5,11.00162569,2.342731786,IND,3.6
India,2014,1.30E+13,1.25E+14,0.104,NA,NA,NA,8,9.984654191,2.329106445,IND,3.7
India,2015,1.45E+13,1.38E+14,0.105,NA,NA,NA,6.75,10.56970905,2.322890672,IND,3.4
India,2016,1.66E+13,1.54E+14,0.108,NA,NA,NA,6.25,11.08709284,2.317931183,IND,3.2
Mexico,1985,1888131000,50151964000,0.037648197,NA,NA,NA,NA,12.31257863,2.916494856,NA,NA
Mexico,1986,3385042000,82317749000,0.041121654,NA,NA,NA,NA,11.86499888,2.83948249,NA,NA
Mexico,1987,8065284000,2.03E+11,0.039730463,NA,NA,NA,NA,12.74757437,2.765141343,NA,NA
Mexico,1988,14522268000,4.13E+11,0.035162877,NA,NA,NA,NA,11.41196198,2.696707041,NA,NA
Mexico,1989,19660245000,5.45E+11,0.036073844,NA,NA,NA,NA,12.13921122,2.635735815,NA,NA
Mexico,1990,27077501000,7.35E+11,0.036840137,NA,NA,NA,NA,11.84836466,2.543521563,MEX,17
Mexico,1991,36171727000,9.45E+11,0.03827696,NA,NA,NA,NA,11.59449261,2.406778692,MEX,17.4
Mexico,1992,42015433000,1.12E+12,0.037513779,NA,NA,NA,NA,11.60243534,2.356479713,MEX,18.7
Mexico,1993,47192859000,1.56E+12,0.030251833,NA,NA,NA,NA,9.070611435,2.302023727,MEX,17.7
Mexico,1994,56920386000,1.78E+12,0.031977745,NA,NA,NA,NA,8.491921675,2.24435636,MEX,17.2
Mexico,1995,66808632000,2.31E+12,0.028921486,NA,NA,NA,NA,8.479624617,2.180990408,MEX,16.6
Mexico,1996,83991071000,3.12E+12,0.026920215,NA,NA,NA,NA,8.742981656,2.016522731,MEX,15.2
Mexico,1997,1.09E+11,3.96E+12,0.027458492,NA,NA,NA,NA,8.987730676,1.910392853,MEX,13.9
Mexico,1998,1.31E+11,4.81E+12,0.027257537,NA,NA,NA,NA,8.155611883,1.863119807,MEX,13.8
Mexico,1999,1.89E+11,5.74E+12,0.032877744,NA,NA,NA,NA,8.608136185,1.819351942,MEX,12.2
Mexico,2000,2.09E+11,6.69E+12,0.031222701,NA,NA,NA,NA,9.572861438,1.81785642,MEX,10.6
Mexico,2001,2.25E+11,7.07E+12,0.031856115,NA,NA,NA,NA,NA,1.835298563,MEX,10
Mexico,2002,2.64E+11,7.46E+12,0.035380281,NA,NA,NA,NA,NA,1.798518292,MEX,9.7
Mexico,2003,3.04E+11,7.87E+12,0.038578664,NA,NA,NA,NA,NA,1.783524045,MEX,9.5
Mexico,2004,3.40E+11,8.83E+12,0.038525218,NA,NA,NA,NA,NA,1.796818048,MEX,8.7
Mexico,2005,3.80E+11,9.56E+12,0.039752478,NA,NA,NA,NA,NA,1.824213753,MEX,9.1
Mexico,2006,4.50E+11,1.06E+13,0.042435971,NA,NA,NA,NA,NA,1.859023212,MEX,9.5
Mexico,2007,4.95E+11,1.15E+13,0.04302117,NA,NA,NA,NA,NA,1.882062945,MEX,7.9
Mexico,2008,5.78E+11,1.24E+13,0.04657599,NA,NA,NA,8.25,10.02376741,1.887216757,MEX,12.3
Mexico,2009,6.32E+11,1.22E+13,0.051798187,NA,NA,NA,4.5,9.679796263,1.861914567,MEX,17.1
Mexico,2010,6.93E+11,1.34E+13,0.051747994,NA,NA,NA,4.5,10.11091331,1.817966294,MEX,22
Mexico,2011,7.63E+11,1.47E+13,0.051938159,NA,NA,NA,4.5,10.01240267,1.774460545,MEX,22.9
Mexico,2012,8.45E+11,1.58E+13,0.053506051,NA,NA,NA,4.5,9.773015605,1.730969794,MEX,21.5
Mexico,2013,9.18E+11,1.63E+13,0.05631136,NA,NA,NA,3.5,10.29457862,1.689835569,MEX,18.8
Mexico,2014,1.06E+12,1.75E+13,0.060736686,NA,NA,NA,3,10.63196811,1.650555763,MEX,16.1
Mexico,2015,1.24E+12,1.86E+13,0.066630486,NA,NA,NA,3.25,12.79662196,1.610149619,MEX,16.5
Mexico,2016,1.42E+12,2.01E+13,0.070634503,NA,NA,NA,5.75,13.54268202,1.57086664,MEX,19.3
Mexico,2017,1.54E+12,2.19E+13,0.070438865,NA,NA,NA,7.25,13.04335906,1.527731513,MEX,24.8
Mexico,2018,1.67E+12,2.35E+13,0.071200228,NA,NA,NA,8.25,NA,1.487619951,NA,NA
Germany,1980,42900000000,NA,NA,NA,NA,NA,NA,10.32161956,0.285710577,NA,NA
Germany,1981,43000000000,NA,NA,NA,NA,NA,NA,10.09493194,0.351166261,NA,NA
Germany,1982,45300000000,NA,NA,NA,NA,NA,NA,9.831625343,0.066424844,NA,NA
Germany,1983,49300000000,NA,NA,NA,NA,NA,NA,9.787434645,-0.267624344,NA,NA
Germany,1984,51000000000,NA,NA,NA,NA,NA,NA,10.22956262,-0.564774849,NA,NA
Germany,1985,53100000000,NA,NA,NA,NA,NA,NA,10.23570846,-0.542054059,NA,NA
Germany,1986,57300000000,NA,NA,NA,NA,NA,NA,9.975626997,-0.083594505,NA,NA
Germany,1987,63400000000,NA,NA,NA,NA,NA,NA,10.12293532,0.454745789,NA,NA
Germany,1988,72900000000,NA,NA,NA,NA,NA,NA,9.853756441,0.614218844,NA,NA
Germany,1989,75600000000,NA,NA,NA,NA,NA,NA,10.28965366,0.741824997,NA,NA
Germany,1990,81100000000,NA,NA,NA,NA,NA,NA,9.869626192,1.056365142,DEU,1.5
Germany,1991,87800000000,1.59E+12,0.055220126,NA,NA,NA,NA,11.67388277,0.934907555,DEU,1.7
Germany,1992,1.03E+11,1.70E+12,0.060588235,NA,NA,NA,NA,11.80060402,0.884470377,DEU,1.7
Germany,1993,1.08E+11,1.75E+12,0.061714286,NA,NA,NA,NA,11.47579423,0.843967295,DEU,1.6
Germany,1994,1.15E+11,1.83E+12,0.06284153,NA,NA,NA,NA,11.67312284,0.636244936,DEU,1.7
Germany,1995,1.21E+11,1.89E+12,0.064021164,NA,NA,NA,NA,11.45196116,0.581105997,DEU,1.7
Germany,1996,1.26E+11,1.92E+12,0.065625,NA,NA,NA,NA,10.87301175,0.574504624,DEU,1.5
Germany,1997,1.26E+11,1.96E+12,0.064285714,NA,NA,NA,NA,10.69910375,0.427841044,DEU,1.4
Germany,1998,1.24E+11,2.01E+12,0.061691542,NA,NA,NA,NA,10.81576431,0.295882538,DEU,1.2
Germany,1999,1.31E+11,2.06E+12,0.063592233,NA,NA,NA,NA,11.479408,0.341913194,DEU,1.2
Germany,2000,1.26E+11,2.11E+12,0.05971564,NA,NA,NA,NA,11.66384752,0.411941894,DEU,1.2
Germany,2001,68000000000,2.17E+12,0.031336406,NA,NA,NA,NA,10.92510953,0.44131365,DEU,1.1
Germany,2002,94200000000,2.20E+12,0.042818182,NA,NA,NA,NA,10.78197068,0.439144631,DEU,1.2
Germany,2003,1.08E+11,2.21E+12,0.048868778,NA,NA,NA,NA,10.95640698,0.324324959,DEU,1.1
Germany,2004,1.26E+11,2.26E+12,0.055752212,NA,NA,NA,NA,10.38910077,0.245211653,DEU,1.1
Germany,2005,1.43E+11,2.29E+12,0.062445415,NA,NA,NA,NA,10.59881957,0.2081153,DEU,1.1
Germany,2006,1.60E+11,2.39E+12,0.066945607,NA,NA,NA,NA,10.81462446,0.148771506,DEU,1
Germany,2007,1.72E+11,2.50E+12,0.0688,NA,NA,NA,NA,11.27234674,0.127167671,DEU,0.9
Germany,2008,1.95E+11,2.55E+12,0.076470588,NA,NA,NA,NA,11.39089057,0.067452495,DEU,0.9
Germany,2009,1.91E+11,2.45E+12,0.077959184,NA,NA,NA,NA,11.55803404,0.002247262,DEU,1
Germany,2010,2.00E+11,2.56E+12,0.078125,NA,NA,NA,NA,11.115788,0.100481934,DEU,1
Germany,2011,2.13E+11,2.69E+12,0.079182156,NA,NA,NA,NA,11.44177839,-1.601972315,DEU,0.9
Germany,2012,2.16E+11,2.75E+12,0.078545455,NA,NA,NA,NA,11.57120794,0.200687484,DEU,0.8
Germany,2013,2.27E+11,2.81E+12,0.080782918,NA,NA,NA,NA,11.55000991,0.285857247,DEU,0.8
Germany,2014,2.30E+11,2.93E+12,0.078498294,NA,NA,NA,NA,11.43902348,0.429833546,DEU,0.9
Germany,2015,2.44E+11,3.03E+12,0.080528053,NA,NA,NA,NA,11.34788085,0.878656939,DEU,0.8
Germany,2016,2.48E+11,3.13E+12,0.079233227,NA,NA,NA,NA,11.18186565,0.838301068,DEU,1.2
Germany,2017,2.53E+11,3.24E+12,0.07808642,NA,NA,NA,NA,11.35655745,0.421625392,DEU,1
Germany,2018,2.60E+11,3.34E+12,0.077844311,NA,NA,NA,NA,NA,0.393216796,NA,NA