country,year,total,large,small,country_code,gdp,large_gdp,small_gdp,total_gdp,interest_rates_imf,interest_rates_wdi,tax_gdp,eci,eci_2,uncertainty,monetary_freedom,business_freedom,property_rights,overall_score,government_integrity,judicial_effectiveness,tax_burden,government_spending,trade_freedom,investment_freedom,financial_freedom,shadow_economy,urbanization,crime,region,development
Japan,1982,21426000000000,18900700000000,2472100000000,JPN,283000000000000,0.066786925795053,0.008735335689045937,0.07571024734982332,5.5,3.75,10.96142005,1.81597,1.76976,NA,NA,NA,NA,NA,NA,NA,NA,NA,NA,NA,NA,NA,76.383,NA,East Asia and Pacific,High-Income Economies
Japan,1983,22466000000000,19910200000000,2502900000000,JPN,295000000000000,0.0674922033898305,0.008484406779661016,0.07615593220338983,5,3.75,10.85695109,1.85998,1.76356,NA,NA,NA,NA,NA,NA,NA,NA,NA,NA,NA,NA,NA,76.493,NA,East Asia and Pacific,High-Income Economies
Japan,1984,24455900000000,21878900000000,2524400000000,JPN,313000000000000,0.06990063897763578,0.00806517571884984,0.07813386581469649,5,3.5,11.13029638,2.15818,1.65784,NA,NA,NA,NA,NA,NA,NA,NA,NA,NA,NA,NA,NA,76.603,NA,East Asia and Pacific,High-Income Economies
Japan,1985,25474300000000,22870800000000,2551300000000,JPN,334000000000000,0.06847544910179641,0.007638622754491018,0.07627035928143712,5,3.5,11.4448913,2.2608,1.72214,NA,NA,NA,NA,NA,NA,NA,NA,NA,NA,NA,NA,NA,76.712,NA,East Asia and Pacific,High-Income Economies
Japan,1986,26884900000000,24190400000000,2642600000000,JPN,350000000000000,0.06911542857142858,0.007550285714285714,0.076814,3,2.31666666666667,11.31142806,2.32645,1.76522,NA,NA,NA,NA,NA,NA,NA,NA,NA,NA,NA,NA,NA,76.835,NA,East Asia and Pacific,High-Income Economies
Japan,1987,29186800000000,26410900000000,2724200000000,JPN,366000000000000,0.07216092896174864,0.007443169398907104,0.07974535519125683,2.5,1.76,12.14666957,2.39976,1.76337,NA,NA,NA,NA,NA,NA,NA,NA,NA,NA,NA,NA,NA,76.962,NA,East Asia and Pacific,High-Income Economies
Japan,1988,32318300000000,29443000000000,2823800000000,JPN,394000000000000,0.07472842639593909,0.007167005076142132,0.0820261421319797,2.5,1.76,12.45397461,2.36731,1.72752,NA,NA,NA,NA,NA,NA,NA,NA,NA,NA,NA,NA,NA,77.088,NA,East Asia and Pacific,High-Income Economies
Japan,1989,37420000000000,34367200000000,3001600000000,JPN,421000000000000,0.08163230403800475,0.0071296912114014255,0.08888361045130641,4.25,1.97,12.4177461,2.38974,1.72743,NA,NA,NA,NA,NA,NA,NA,NA,NA,NA,NA,NA,NA,77.213,NA,East Asia and Pacific,High-Income Economies
Japan,1990,39797800000000,36646500000000,3100200000000,JPN,454000000000000,0.08071916299559471,0.00682863436123348,0.08766035242290748,6,3.56,12.94728825,2.39134,1.71114,NA,NA,NA,NA,NA,NA,NA,NA,NA,NA,NA,NA,NA,77.339,0.5,East Asia and Pacific,High-Income Economies
Japan,1991,39882800000000,36631200000000,3200700000000,JPN,483000000000000,0.07584099378881988,0.006626708074534161,0.08257308488612837,4.5,4.13591666666667,13.13318922,2.44302,1.71526,NA,NA,NA,NA,NA,NA,NA,NA,NA,NA,NA,NA,10.35,77.473,0.5,East Asia and Pacific,High-Income Economies
Japan,1992,39026300000000,35824200000000,3151400000000,JPN,495000000000000,0.07237212121212121,0.006366464646464646,0.0788410101010101,3.25,3.35058333333333,11.62717415,2.49215,1.74811,NA,NA,NA,NA,NA,NA,NA,NA,NA,NA,NA,NA,10.46,77.61,0.5,East Asia and Pacific,High-Income Economies
Japan,1993,41625900000000,38387000000000,3188400000000,JPN,495000000000000,0.07754949494949495,0.006441212121212121,0.08409272727272728,1.75,2.144,11.59076179,2.41259,1.73267,NA,NA,NA,NA,NA,NA,NA,NA,NA,NA,NA,NA,10.67,77.746,0.6,East Asia and Pacific,High-Income Economies
Japan,1994,42880300000000,39610000000000,3220100000000,JPN,502000000000000,0.07890438247011952,0.0064145418326693225,0.08541892430278884,1.75,1.69841666666667,11.07304595,2.54183,1.72181,NA,NA,NA,NA,NA,NA,NA,NA,NA,NA,NA,NA,10.8,77.881,0.6,East Asia and Pacific,High-Income Economies
Japan,1995,46244000000000,42920600000000,3273400000000,JPN,513000000000000,0.08366588693957115,0.006380896686159844,0.09014424951267057,0.5,0.9015,10.95823033,2.55927,1.72966,NA,87,85,90,75,90,NA,53.6,67.7,82,50,70,10.85,78.016,0.6,East Asia and Pacific,High-Income Economies
Japan,1996,50671000000000,47183100000000,3438200000000,JPN,526000000000000,0.08970171102661596,0.006536501901140685,0.09633269961977187,0.5,0.3005,10.81457851,2.62482,1.69939,0.085163425,88.9,85,90,72.6,90,NA,53.6,63.9,82,50,50,10.72,78.145,0.5,East Asia and Pacific,High-Income Economies
Japan,1997,54669600000000,51149200000000,3470700000000,JPN,534000000000000,0.09578501872659176,0.006499438202247191,0.10237752808988763,0.5,0.301333333333333,10.65163323,2.53902,1.67922,0.0404235,92,85,90,70.3,67,NA,54.2,63,81,50,50,10.61,78.272,0.6,East Asia and Pacific,High-Income Economies
Japan,1998,55864800000000,52364300000000,3451100000000,JPN,528000000000000,0.0991748106060606,0.006536174242424243,0.10580454545454546,0.5,0.265916666666667,10.06753658,2.48434,1.60559,0.045516799999999996,92.9,85,90,70.2,71,NA,53.8,60.9,79,50,50,10.91,78.398,0.6,East Asia and Pacific,High-Income Economies
Japan,1999,65404700000000,61730800000000,3624700000000,JPN,520000000000000,0.11871307692307692,0.006970576923076923,0.12577826923076924,0.5,0.11675,9.773313592,2.51283,1.60405,0.1230609,88.2,85,90,69.1,66,NA,53.9,59.8,79,50,50,11.22,78.523,0.6,East Asia and Pacific,High-Income Economies
Japan,2000,63397200000000,59523400000000,3824800000000,JPN,527000000000000,0.11294762808349146,0.007257685009487666,0.12029829222011386,0.5,0.0704166666666667,10.37225701,2.53454,1.64729,0.148391825,89,85,90,70.7,58,NA,70.1,63.3,81,50,50,11.2,78.649,0.5,East Asia and Pacific,High-Income Economies
Japan,2001,69004200000000,64941000000000,4014500000000,JPN,523000000000000,0.12417017208413002,0.007675908221797323,0.1319391969407266,0.1,0.0570833333333333,9.895928337,2.52662,1.67292,0.29496175,92.8,85,90,70.9,60,NA,70.4,58.9,80.6,50,50,11.31,79.99,0.5,East Asia and Pacific,High-Income Economies
Japan,2002,75471800000000,70896700000000,4526600000000,JPN,516000000000000,0.1373967054263566,0.00877248062015504,0.14626317829457364,0.1,0.0355833333333333,9.061598934,2.61165,1.66552,0.11525629999999999,90.6,70,70,66.7,64,NA,70.7,54.4,80.4,50,50,11.79,81.647,0.5,East Asia and Pacific,High-Income Economies
Japan,2003,76909600000000,72090300000000,4771100000000,JPN,515000000000000,0.1399811650485437,0.009264271844660193,0.14933902912621358,0.1,0.0425,8.91896344,2.45075,1.6387100000000001,0.25416335,89.8,70,70,67.6,71,NA,70.3,56.7,81,50,50,11.57,83.196,0.5,East Asia and Pacific,High-Income Economies
Japan,2004,77956400000000,72976000000000,4932400000000,JPN,521000000000000,0.14006909788867564,0.009467178502879078,0.14962840690978887,0.1,0.08025,9.352694056,2.47862,1.63081,0.08629890000000001,89.2,70,70,64.3,71,NA,62.4,55.1,80.8,50,30,11.09,84.64,0.5,East Asia and Pacific,High-Income Economies
Japan,2005,79270500000000,74876400000000,4346600000000,JPN,524000000000000,0.142893893129771,0.008295038167938931,0.15127958015267176,0.1,0.271083333333333,10.13701108,2.46767,1.60482,0.1418671,90.6,70,70,67.3,70,NA,70.7,57.6,80.6,50,30,10.91,85.978,0.5,East Asia and Pacific,High-Income Economies
Japan,2006,79836700000000,75565000000000,4224400000000,JPN,527000000000000,0.14338709677419356,0.008015939278937382,0.15149278937381405,0.4,0.68275,10.51274133,2.40412,1.58495,0.08627415,92.5,87.2,70,73.3,69,NA,70.9,58.3,80.2,70,50,10.35,87.118,0.5,East Asia and Pacific,High-Income Economies
Japan,2007,81277700000000,76941200000000,4289600000000,JPN,532000000000000,0.1446263157894737,0.008063157894736842,0.15277763157894736,0.75,0.808166666666667,10.10618629,2.34652,1.55708,0.148253825,90.9,91.2,70,72.7,73,NA,70.9,58.3,80.2,60,50,10.14,88.146,0.4,East Asia and Pacific,High-Income Economies
Japan,2008,81478300000000,77195600000000,4236100000000,JPN,521000000000000,0.14816813819577734,0.008130710172744722,0.15638829174664107,0.3,0.58875,8.931591654,2.23856,1.54475,0.322201825,94.3,88.1,70,73,76,NA,70.3,56.2,80,60,50,9.21,89.103,0.5,East Asia and Pacific,High-Income Economies
Japan,2009,80954200000000,76719700000000,4188300000000,JPN,490000000000000,0.1565708163265306,0.008547551020408163,0.16521265306122448,0.3,0.434916666666667,8.36891038,2.17852,1.51516,0.158768925,93.6,85.8,70,72.8,75,NA,67.5,61.1,82,60,50,10.39,89.989,0.4,East Asia and Pacific,High-Income Economies
Japan,2010,82314300000000,78059200000000,4209200000000,JPN,500000000000000,0.1561184,0.0084184,0.16462860000000001,0.3,0.500083333333333,8.809784435,2.11934,1.55673,0.15912785000000002,88.8,84.5,80,72.9,73,NA,67.2,61.1,82.4,60,50,9.93,90.812,0.4,East Asia and Pacific,High-Income Economies
Japan,2011,83996800000000,79699400000000,4251800000000,JPN,491000000000000,0.1623205702647658,0.008659470468431772,0.17107291242362527,0.3,0.461583333333333,9.356818207,2.31329,1.6373,0.28456285000000003,87.9,83.8,80,72.8,77,NA,67,58.7,82.6,60,50,9.89,91.069,0.3,East Asia and Pacific,High-Income Economies
Japan,2012,86653300000000,82293400000000,4314700000000,JPN,495000000000000,0.16624929292929294,0.008716565656565657,0.17505717171717172,0.3,0.478,9.682412944,2.32408,1.64405,0.33063635,88.9,81.8,80,71.6,78,NA,67.1,47,81.8,60,50,9.73,91.148,0.3,East Asia and Pacific,High-Income Economies
Japan,2013,90143100000000,85713200000000,4385000000000,JPN,503000000000000,0.17040397614314115,0.008717693836978131,0.17921093439363817,0.3,0.542166666666667,10.36061765,2.37352,1.74701,0.15409045,90.6,81.3,80,71.8,80,NA,69.2,45,81.8,60,50,9.28,91.226,0.3,East Asia and Pacific,High-Income Economies
Japan,2014,93081700000000,88622900000000,4414200000000,JPN,514000000000000,0.172418093385214,0.008587937743190662,0.18109280155642024,0.3,0.41525,11.46920658,2.31842,1.65392,0.122302925,87.5,80,80,72.4,77.8,NA,69.2,47.1,82.4,70,50,8.69,91.304,0.3,East Asia and Pacific,High-Income Economies
Japan,2015,98429900000000,93933500000000,4452200000000,JPN,531000000000000,0.17689924670433144,0.008384557438794727,0.18536704331450093,0.3,0.40625,11.42357202,2.29751,1.62512,0.1378596,86.7,84.1,80,73.3,74,NA,68.7,47.1,82.6,70,50,8.19,91.381,0.3,East Asia and Pacific,High-Income Economies
Japan,2016,102461200000000,97894300000000,4523000000000,JPN,536000000000000,0.18263861940298506,0.008438432835820896,0.1911589552238806,0.3,0.300416666666667,11.15496587,2.27406,NA,0.16174185000000002,81.2,82.5,80,73.1,76,NA,68.5,46.2,82.6,70,60,NA,91.457,0.3,East Asia and Pacific,High-Income Economies
Japan,2017,106716500000000,102070500000000,4602200000000,JPN,545000000000000,0.18728532110091742,0.00844440366972477,0.19581009174311925,0.3,0.320666666666667,11.64194651,2.30938,NA,0.05324235,83,82.3,89.4,69.6,86.1,73.8,68.5,52.3,82.6,70,60,NA,91.535,0.2,East Asia and Pacific,High-Income Economies
Japan,2018,110362500000000,105622600000000,4696700000000,JPN,549000000000000,0.19239089253187613,0.008555009107468124,0.20102459016393442,0.3,NA,NA,NA,NA,0.08460965,85.4,81.7,86,72.3,79.2,73.2,67.4,54.1,82.3,70,60,NA,91.616,NA,East Asia and Pacific,High-Income Economies
Mexico,1993,43731000000,0,43731000000,MEX,1560000000000,0,0.028032692307692307,0.028032692307692307,NA,16.6858333333333,9.070611435,0.807204,1.10858,NA,NA,NA,NA,NA,NA,NA,NA,NA,NA,NA,NA,36.34,72.598,17.7,Latin America and The Caribbean,Upper-Middle-Income Economies
Mexico,1994,52949000000,3400000000,49549000000,MEX,1780000000000,0.001910112359550562,0.027836516853932583,0.029746629213483144,NA,15.0291666666667,8.491921675,0.826065,1.15311,NA,NA,NA,NA,NA,NA,NA,NA,NA,NA,NA,NA,35.81,72.985,17.2,Latin America and The Caribbean,Upper-Middle-Income Economies
Mexico,1995,62606000000,7800000000,54806000000,MEX,2310000000000,0.0033766233766233766,0.023725541125541125,0.027102164502164502,NA,39.8225,8.479624617,0.785075,1.16781,NA,67.8,55,70,63.1,50,NA,72.4,86.8,66.2,70,30,38.25,73.368,16.6,Latin America and The Caribbean,Upper-Middle-Income Economies
Mexico,1996,79316000000,12450000000,66866000000,MEX,3120000000000,0.003990384615384615,0.021431410256410256,0.025421794871794873,NA,26.4041666666667,8.742981656,0.713387,1.1388,0.2529345,66.6,55,50,61.2,50,NA,73.1,93.1,63,70,30,36.63,73.67,15.2,Latin America and The Caribbean,Upper-Middle-Income Economies
Mexico,1997,103684000000,15600000000,88084000000,MEX,3960000000000,0.00393939393939394,0.022243434343434343,0.026182828282828283,NA,16.3633333333333,8.987730676,0.742549,1.12288,0.23814495,57.8,55,50,57.1,32,NA,73.2,82.7,63,70,30,33.7,73.929,13.9,Latin America and The Caribbean,Upper-Middle-Income Economies
Mexico,1998,123890000000,21700000000,102190000000,MEX,4810000000000,0.004511434511434512,0.021245322245322246,0.025756756756756757,NA,15.4541666666667,8.155611883,0.698187,1.088,0.2842198,54.1,55,50,57.9,33,NA,73.4,80.9,74.8,70,30,32.62,74.186,13.8,Latin America and The Caribbean,Upper-Middle-Income Economies
Mexico,1999,180355000000,51850000000,128505000000,MEX,5740000000000,0.009033101045296168,0.022387630662020905,0.03142073170731707,NA,11.6016666666667,8.608136185,0.78642,1.12332,0.19499117500000002,58.2,55,50,58.5,27,NA,73.4,86.3,77,70,30,31.44,74.441,12.2,Latin America and The Caribbean,Upper-Middle-Income Economies
Mexico,2000,199041000000,59450000000,139591000000,MEX,6690000000000,0.008886397608370702,0.02086562032884903,0.02975201793721973,NA,8.25666666666667,9.572861438,0.948962,1.18973,0.149170675,67.6,55,50,59.3,33,NA,73.1,92.3,63,70,30,30.1,74.722,10.6,Latin America and The Caribbean,Upper-Middle-Income Economies
Mexico,2001,214642000000,72950000000,141692000000,MEX,7070000000000,0.010318246110325318,0.02004130127298444,0.03035954738330976,NA,6.23416666666667,NA,0.905129,1.22132,0.143196925,69.1,55,50,60.6,34,NA,69,85.5,83,50,50,31.2,75.045,10,Latin America and The Caribbean,Upper-Middle-Income Economies
Mexico,2002,252453000000,98250000000,154203000000,MEX,7460000000000,0.01317024128686327,0.02067064343163539,0.03384088471849866,NA,3.7575,NA,0.958907,1.2133,0.373682075,73.2,55,50,63,33,NA,68.8,85.5,81.2,50,70,30.99,75.365,9.7,Latin America and The Caribbean,Upper-Middle-Income Economies
Mexico,2003,292712000000,125550000000,167162000000,MEX,7870000000000,0.015952986022871665,0.02124040660736976,0.03719339263024142,NA,3.08583333333333,NA,1.02195,1.20347,0.227697175,77,70,50,65.3,37,NA,68.3,84.7,81,50,70,30.84,75.682,9.5,Latin America and The Caribbean,Upper-Middle-Income Economies
Mexico,2004,330070000000,161500000000,168570000000,MEX,8830000000000,0.018289920724801813,0.019090600226500568,0.03738052095130238,NA,2.695,NA,0.978828,1.18895,0.198730075,79.8,70,50,66,36,NA,73.3,83.1,81.6,50,70,29.81,75.997,8.7,Latin America and The Caribbean,Upper-Middle-Income Economies
Mexico,2005,362746000000,193000000000,169746000000,MEX,9560000000000,0.020188284518828453,0.017755857740585773,0.037944142259414226,NA,3.45666666666667,NA,0.986745,1.14951,0.255368025,81.1,70,50,65.2,36,NA,74.9,83.7,75.2,50,70,29.47,76.308,9.1,Latin America and The Caribbean,Upper-Middle-Income Economies
Mexico,2006,430416000000,239800000000,190616000000,MEX,10600000000000,0.022622641509433963,0.01798264150943396,0.04060528301886793,NA,3.29666666666667,NA,1.10303,1.13094,0.41276805,81.3,79.7,50,64.7,36,NA,78.4,82.1,57.4,50,70,28.53,76.616,9.5,Latin America and The Caribbean,Upper-Middle-Income Economies
Mexico,2007,473473000000,277100000000,196373000000,MEX,11500000000000,0.024095652173913042,0.01707591304347826,0.04117156521739131,NA,3.205,NA,1.06339,1.09746,0.3103684,77,83.5,50,66,35,NA,82.2,83.4,77.6,50,60,30.65,76.92,7.9,Latin America and The Caribbean,Upper-Middle-Income Economies
Mexico,2008,554573000000,341000000000,213573000000,MEX,12400000000000,0.0275,0.017223629032258065,0.044723629032258065,8.25,3.0425,10.02376741,1.08324,1.05999,0.026158825,77.7,82.9,50,66.2,33,NA,83.4,83.7,79,50,60,29.82,77.222,12.3,Latin America and The Caribbean,Upper-Middle-Income Economies
Mexico,2009,607546000000,390550000000,216996000000,MEX,12200000000000,0.032012295081967214,0.01778655737704918,0.04979885245901639,4.5,2.01083333333333,9.679796263,0.995923,1.05241,0.2072111,77.5,80.3,50,65.8,35,NA,83.4,81.8,80.2,50,60,32.65,77.52,17.1,Latin America and The Caribbean,Upper-Middle-Income Economies
Mexico,2010,666955000000,443500000000,223455000000,MEX,13400000000000,0.03309701492537313,0.016675746268656717,0.04977276119402985,4.5,1.2125,10.11091331,1.00189,1.04525,0.21239122500000002,76.3,83,50,68.3,36,NA,83.5,85.2,82,65,60,31.15,77.815,22,Latin America and The Caribbean,Upper-Middle-Income Economies
Mexico,2011,734727000000,508050000000,226677000000,MEX,14700000000000,0.03456122448979592,0.015420204081632654,0.04998142857142857,4.5,0.955833333333333,10.01240267,1.00796,1.07189,0.24858877499999998,75.7,87.3,50,67.8,33,NA,81.3,83.1,81.2,65,60,30.25,78.111,22.9,Latin America and The Caribbean,Upper-Middle-Income Economies
Mexico,2012,814275000000,575300000000,238975000000,MEX,15800000000000,0.03641139240506329,0.015125,0.05153639240506329,4.5,1.08166666666667,9.773015605,0.954246,1.07083,0.2817539,76.5,82,50,65.3,31,NA,80.7,78.3,72.9,60,60,29.52,78.405,21.5,Latin America and The Caribbean,Upper-Middle-Income Economies
Mexico,2013,885220000000,633600000000,251620000000,MEX,16300000000000,0.03887116564417178,0.01543680981595092,0.0543079754601227,3.5,1.33166666666667,10.29457862,0.846744,1.02535,0.2250533,77.7,81.4,50,67,30,NA,81.1,79.4,80.6,70,60,30.05,78.699,18.8,Latin America and The Caribbean,Upper-Middle-Income Economies
Mexico,2014,1027132000000,768400000000,258732000000,MEX,17500000000000,0.04390857142857143,0.014784685714285714,0.05869325714285714,3,0.84,10.63196811,0.953003,1.0197,0.1322813,77.4,76.8,50,66.8,29.7,NA,80.9,78.9,85.6,70,60,29.14,78.993,16.1,Latin America and The Caribbean,Upper-Middle-Income Economies
Mexico,2015,1200017000000,921700000000,278317000000,MEX,18600000000000,0.04955376344086022,0.014963279569892473,0.06451704301075269,3.25,0.589166666666667,12.79662196,1.15387,1.03857,0.182527625,77.6,71.5,50,66.4,34,NA,77.8,78,85.6,70,60,28.07,79.285,16.5,Latin America and The Caribbean,Upper-Middle-Income Economies
Mexico,2016,1376470000000,1072800000000,303670000000,MEX,20100000000000,0.05337313432835821,0.015107960199004976,0.06848109452736319,5.75,1.2875,13.54268202,1.16038,NA,0.215969625,77.4,70.7,50,65.2,35,NA,74.9,76.4,79.2,70,60,NA,79.577,19.3,Latin America and The Caribbean,Upper-Middle-Income Economies
Mexico,2017,1493705000000,1174600000000,319105000000,MEX,21900000000000,0.053634703196347035,0.014571004566210046,0.06820570776255708,7.25,2.69583333333333,13.04335906,1.09955,NA,0.50434105,78.8,70.7,58.1,63.6,30,38.7,74.9,76.7,80,70,60,NA,79.867,24.8,Latin America and The Caribbean,Upper-Middle-Income Economies
Mexico,2018,1620602000000,1295050000000,325552000000,MEX,23500000000000,0.05510851063829787,0.01385327659574468,0.06896178723404256,8.25,3.27083333333333,NA,NA,NA,0.6606808000000001,79.2,67.5,58.6,64.8,26.9,39,75.7,78.1,88,75,60,NA,80.156,NA,Latin America and The Caribbean,Upper-Middle-Income Economies
United Kingdom,1975,5110000000,397000000,4713000000,GBR,109000000000,0.0036422018348623852,0.043238532110091744,0.04688073394495413,11.25,7.08333333333333,24.26560756,1.8346,1.62987,NA,NA,NA,NA,NA,NA,NA,NA,NA,NA,NA,NA,NA,77.683,NA,Europe and Central Asia,High-Income Economies
United Kingdom,1976,5749000000,500000000,5249000000,GBR,129000000000,0.003875968992248062,0.04068992248062016,0.04456589147286822,14.25,7.54166666666667,23.80069525,1.6602,1.54175,NA,NA,NA,NA,NA,NA,NA,NA,NA,NA,NA,NA,NA,77.844,NA,Europe and Central Asia,High-Income Economies
United Kingdom,1977,6484000000,652000000,5832000000,GBR,151000000000,0.004317880794701987,0.03862251655629139,0.04294039735099338,7,4.89583333333333,23.32577445,1.72792,1.50652,NA,NA,NA,NA,NA,NA,NA,NA,NA,NA,NA,NA,NA,78.005,NA,Europe and Central Asia,High-Income Economies
United Kingdom,1978,7449000000,852000000,6597000000,GBR,175000000000,0.004868571428571429,0.03769714285714286,0.04256571428571428,12.5,6.08333333333333,22.15422207,1.79062,1.50193,NA,NA,NA,NA,NA,NA,NA,NA,NA,NA,NA,NA,NA,78.164,NA,Europe and Central Asia,High-Income Economies
United Kingdom,1979,8549000000,1125000000,7424000000,GBR,207000000000,0.005434782608695652,0.03586473429951691,0.04129951690821256,17,11.7083333333333,21.90377871,1.84999,1.54435,NA,NA,NA,NA,NA,NA,NA,NA,NA,NA,NA,NA,NA,78.323,NA,Europe and Central Asia,High-Income Economies
United Kingdom,1980,9273000000,1419000000,7854000000,GBR,243000000000,0.005839506172839506,0.03232098765432099,0.0381604938271605,14,14.125,23.87606593,1.85741,1.50108,NA,NA,NA,NA,NA,NA,NA,NA,NA,NA,NA,NA,NA,78.481,NA,Europe and Central Asia,High-Income Economies
United Kingdom,1981,9745000000,1686000000,8059000000,GBR,269000000000,0.006267657992565056,0.02995910780669145,0.0362267657992565,14.375,10.6666666666667,24.6394262,1.8527,1.52684,NA,NA,NA,NA,NA,NA,NA,NA,NA,NA,NA,NA,NA,78.588,NA,Europe and Central Asia,High-Income Economies
United Kingdom,1982,10159000000,2107000000,8052000000,GBR,295000000000,0.007142372881355932,0.027294915254237287,0.03443728813559322,10,12.4216666666667,25.86613933,1.82493,1.46907,NA,NA,NA,NA,NA,NA,NA,NA,NA,NA,NA,NA,NA,78.539,NA,Europe and Central Asia,High-Income Economies
United Kingdom,1983,10529000000,2507000000,8022000000,GBR,323000000000,0.007761609907120743,0.024835913312693497,0.03259752321981424,9.0625,11.1925,24.6485305,1.81516,1.40268,NA,NA,NA,NA,NA,NA,NA,NA,NA,NA,NA,NA,NA,78.489,NA,Europe and Central Asia,High-Income Economies
United Kingdom,1984,10871000000,2888000000,7983000000,GBR,347000000000,0.008322766570605187,0.023005763688760807,0.031328530259365994,9.5,7.27166666666666,24.7776311,1.87932,1.3984,NA,NA,NA,NA,NA,NA,NA,NA,NA,NA,NA,NA,NA,78.44,NA,Europe and Central Asia,High-Income Economies
United Kingdom,1985,11412000000,3226000000,8186000000,GBR,381000000000,0.008467191601049869,0.021485564304461944,0.029952755905511812,11.375,11.7925,25.13357342,1.91522,1.45851,NA,NA,NA,NA,NA,NA,NA,NA,NA,NA,NA,NA,NA,78.39,NA,Europe and Central Asia,High-Income Economies
United Kingdom,1986,11369000000,3543000000,7826000000,GBR,410000000000,0.008641463414634147,0.01908780487804878,0.027729268292682928,10.875,9.85166666666666,24.50068363,1.86948,1.45502,NA,NA,NA,NA,NA,NA,NA,NA,NA,NA,NA,NA,NA,78.34,NA,Europe and Central Asia,High-Income Economies
United Kingdom,1987,11862000000,4083000000,7779000000,GBR,456000000000,0.008953947368421053,0.017059210526315788,0.026013157894736842,8.375,8.56916666666667,23.15879508,1.84502,1.44697,NA,NA,NA,NA,NA,NA,NA,NA,NA,NA,NA,NA,NA,78.29,NA,Europe and Central Asia,High-Income Economies
United Kingdom,1988,12501000000,4687000000,7814000000,GBR,512000000000,0.009154296875,0.01526171875,0.024416015625,12.875,8.54583333333333,22.99074992,1.8197,1.4251,NA,NA,NA,NA,NA,NA,NA,NA,NA,NA,NA,NA,NA,78.24,NA,Europe and Central Asia,High-Income Economies
United Kingdom,1989,13262000000,5708000000,7554000000,GBR,567000000000,0.010067019400352734,0.013322751322751323,0.023389770723104056,14.875,11.505,22.76227158,1.85354,1.43172,NA,NA,NA,NA,NA,NA,NA,NA,NA,NA,NA,NA,NA,78.19,NA,Europe and Central Asia,High-Income Economies
United Kingdom,1990,14139000000,6672000000,7467000000,GBR,616000000000,0.01083116883116883,0.012121753246753247,0.02295292207792208,13.875,12.5441666666667,24.1512946,1.8885,1.42766,NA,NA,NA,NA,NA,NA,NA,NA,NA,NA,NA,NA,NA,78.14,1.2,Europe and Central Asia,High-Income Economies
United Kingdom,1991,14466000000,7222000000,7244000000,GBR,648000000000,0.011145061728395063,0.011179012345679012,0.022324074074074073,10.375,10.28,24.84713704,1.92482,1.42537,NA,NA,NA,NA,NA,NA,NA,NA,NA,NA,NA,NA,13.65,78.112,1.3,Europe and Central Asia,High-Income Economies
United Kingdom,1992,14771000000,7803000000,6968000000,GBR,672000000000,0.011611607142857142,0.01036904761904762,0.02198065476190476,6.875,7.4616666666666696,24.28031599,1.94726,1.44305,NA,NA,NA,NA,NA,NA,NA,NA,NA,NA,NA,NA,13.93,78.172,1.5,Europe and Central Asia,High-Income Economies
United Kingdom,1993,15403000000,8834000000,6569000000,GBR,708000000000,0.012477401129943503,0.009278248587570622,0.021755649717514123,5.375,3.97,22.98109177,1.90245,1.39911,NA,NA,NA,NA,NA,NA,NA,NA,NA,NA,NA,NA,13.37,78.232,1.5,Europe and Central Asia,High-Income Economies
United Kingdom,1994,16139000000,9702000000,6437000000,GBR,745000000000,0.013022818791946309,0.00864026845637584,0.02166308724832215,6.125,3.65666666666667,23.79709499,1.8913,1.3882,NA,NA,NA,NA,NA,NA,NA,NA,NA,NA,NA,NA,12.8,78.293,1.6,Europe and Central Asia,High-Income Economies
United Kingdom,1995,17052000000,10575000000,6477000000,GBR,847000000000,0.012485242030696576,0.007646989374262101,0.020132231404958678,6.375,4.10916666666667,23.37726925,1.81848,1.37123,NA,85,100,90,77.9,90,NA,61.3,37.3,77.8,70,90,12.13,78.353,1.6,Europe and Central Asia,High-Income Economies
United Kingdom,1996,18494000000,11683000000,6811000000,GBR,903000000000,0.01293798449612403,0.007542635658914729,0.02048062015503876,5.9375,3.045,23.23251778,1.80903,1.3252,0.11224895,85.2,85,90,76.4,90,NA,62.1,37.3,77.8,70,90,11.95,78.413,1.4,Europe and Central Asia,High-Income Economies
United Kingdom,1997,19850000000,12832000000,7018000000,GBR,949000000000,0.013521601685985247,0.007395152792413066,0.020916754478398313,7.25,3.63166666666667,23.7638745,1.82057,1.32392,0.19058615,84,85,90,76.4,90,NA,61.7,39.3,77.8,70,90,11.29,78.472,1.5,Europe and Central Asia,High-Income Economies
United Kingdom,1998,21306000000,14257000000,7049000000,GBR,991000000000,0.014386478304742684,0.007113017154389506,0.02149949545913219,6.25,4.48333333333333,25.0763187,1.83921,1.28962,0.162660025,84.7,85,90,76.5,90,NA,60.8,40.3,77.8,70,90,10.98,78.532,1.6,Europe and Central Asia,High-Income Economies
United Kingdom,1999,22453000000,15376000000,7077000000,GBR,1030000000000,0.014928155339805826,0.006870873786407767,0.021799029126213593,5.5,NA,25.63894185,1.95509,1.30806,0.135838625,84.1,85,90,76.2,82,NA,62.3,44.5,77.8,70,90,11.11,78.591,1.6,Europe and Central Asia,High-Income Economies
United Kingdom,2000,24121000000,17393000000,6728000000,GBR,1090000000000,0.015956880733944953,0.006172477064220184,0.022129357798165137,6,NA,26.22392804,1.97386,1.35573,0.0712512,83.6,85,90,77.3,87,NA,62.5,49.6,77.8,70,90,10.8,78.651,1.6,Europe and Central Asia,High-Income Economies
United Kingdom,2001,26186000000,19038000000,7148000000,GBR,1130000000000,0.016847787610619468,0.00632566371681416,0.02317345132743363,4,NA,25.79076589,1.9704,1.38257,0.14887745,85.7,85,90,77.6,86,NA,61.7,52,78,70,90,10.66,78.751,1.6,Europe and Central Asia,High-Income Economies
United Kingdom,2002,28510000000,21538000000,6972000000,GBR,1180000000000,0.018252542372881354,0.0059084745762711865,0.02416101694915254,4,NA,24.94987134,1.9945600000000001,1.37465,0.06922937500000001,84.7,85,90,78.5,87,NA,61.5,58.9,79.6,70,90,11.19,79.047,1.9,Europe and Central Asia,High-Income Economies
United Kingdom,2003,30561000000,23578000000,6983000000,GBR,1250000000000,0.0188624,0.0055864,0.0244488,3.75,NA,24.53438799,1.94824,1.35162,0.22036785,85.9,85,90,77.5,83,NA,60.9,51,81.4,70,90,11.23,79.339,1.6,Europe and Central Asia,High-Income Economies
United Kingdom,2004,32550000000,25811000000,6739000000,GBR,1310000000000,0.019703053435114505,0.0051442748091603055,0.02484732824427481,4.75,NA,25.18436932,1.89629,1.31729,0.1590172,86.6,85,90,77.7,87,NA,61.2,50.1,79.8,70,90,11.43,79.629,1.6,Europe and Central Asia,High-Income Economies
United Kingdom,2005,34456286305,27731858370,6724427935,GBR,1390000000000,0.019950977244604318,0.0048377179388489205,0.024788695183453238,4.5,NA,25.51533642,1.77065,1.27567,0.170160025,85,85,90,79.2,87,NA,62.3,43.5,80.2,90,90,11.39,79.915,1.4,Europe and Central Asia,High-Income Economies
United Kingdom,2006,35842845220,29200314720,6642530500,GBR,1470000000000,0.019864159673469387,0.004518728231292517,0.024382887904761903,5,NA,25.70130882,1.72653,1.25941,0.14889365,86.7,91.5,90,80.4,86,NA,62.3,43.5,82.4,90,90,10.44,80.199,1.4,Europe and Central Asia,High-Income Economies
United Kingdom,2007,37430506420,30444805910,6985700510,GBR,1540000000000,0.01976935448701299,0.004536169162337662,0.02430552364935065,5.5,NA,25.83340794,1.7096,1.24519,0.204462625,81.3,91.2,90,79.9,86,NA,62,42.7,86.6,90,90,10.78,80.479,1.4,Europe and Central Asia,High-Income Economies
United Kingdom,2008,40531283945,33174744240,7356539705,GBR,1580000000000,0.020996673569620254,0.004656037787974684,0.025652711357594938,2,NA,26.42037326,1.67044,1.23579,0.177625025,80.7,90.8,90,79.4,86,NA,61.2,40.1,86,90,90,9.83,80.757,1.2,Europe and Central Asia,High-Income Economies
United Kingdom,2009,44386002085,36779937040,7606065045,GBR,1540000000000,0.023883076,0.004939003275974026,0.028822079275974025,0.5,NA,24.1084352,1.61184,1.21984,0.45470025000000003,80.4,89.8,90,79,84,NA,61,40.3,85.8,90,90,11,81.031,1.1,Europe and Central Asia,High-Income Economies
United Kingdom,2010,46939424305,39295211650,7644212655,GBR,1590000000000,0.02471396959119497,0.00480768091509434,0.02952165050628931,0.5,NA,25.37144103,1.57193,1.21341,0.37049197500000003,73.7,94.9,85,76.5,77,NA,61.8,41.9,87.5,90,80,10.33,81.302,1.2,Europe and Central Asia,High-Income Economies
United Kingdom,2011,48760966225,40913234460,7847731765,GBR,1640000000000,0.02494709418292683,0.004785202295731707,0.029732296478658538,0.5,NA,25.8601462,1.54878,1.23085,0.33468180000000003,74.9,94.6,85,74.5,77,NA,52,32.9,87.6,90,80,10.06,81.57,1,Europe and Central Asia,High-Income Economies
United Kingdom,2012,51346680525,43028578370,8318102155,GBR,1690000000000,0.02546069726035503,0.004921953937869822,0.030382651198224853,0.5,NA,25.11866914,1.49378,1.19991,0.4049434,73.9,94.7,90,74.1,76,NA,56.4,21.5,87.1,90,80,9.91,81.837,1,Europe and Central Asia,High-Income Economies
United Kingdom,2013,54245111725,45485558960,8759552765,GBR,1760000000000,0.02584406759090909,0.004977018616477273,0.030821086207386363,0.5,NA,25.11299591,1.45544,1.20145,0.30345710000000004,72.4,94.1,90,74.8,78,NA,57,27.7,86.8,90,80,9.57,82.102,0.9,Europe and Central Asia,High-Income Economies
United Kingdom,2014,56230498170,47508437820,8722060350,GBR,1840000000000,0.025819803163043477,0.004740250190217391,0.03056005335326087,0.5,NA,24.83523514,1.40296,1.15168,0.238020825,73.5,92,90,74.9,76.4,NA,56.6,29.5,87.8,90,80,8.81,82.365,0.9,Europe and Central Asia,High-Income Economies
United Kingdom,2015,59671473590,50699219640,8972253950,GBR,1900000000000,0.026683799810526317,0.004722238921052632,0.03140603873157895,0.5,NA,25.09121291,1.6425,1.14639,0.477109675,74.4,91.1,90,75.8,76,NA,62.9,30.3,88,90,80,8.32,82.626,1,Europe and Central Asia,High-Income Economies
United Kingdom,2016,63606258585,54193990910,9412267675,GBR,1970000000000,0.027509640055837562,0.004777800850253807,0.03228744090609137,0.25,NA,25.47717113,1.5493,NA,0.9853976249999999,76.4,86,90,76.4,78,NA,64.9,39,88,90,80,NA,82.886,1.2,Europe and Central Asia,High-Income Economies
United Kingdom,2017,68876398400,58958164770,9918233630,GBR,2050000000000,0.028760080375609755,0.0048381627463414635,0.03359824312195122,NA,NA,25.71953266,1.53259,NA,0.474913175,85,89.9,93.8,76.4,78.3,93,65.1,41.9,87,90,80,NA,83.143,1.2,Europe and Central Asia,High-Income Economies
United Kingdom,2018,68899367835,59200284460,9699083375,GBR,2120000000000,0.027924662481132075,0.004575039327830189,0.032499701808962264,NA,NA,NA,NA,NA,0.608418,85.2,91.1,92.2,78,79,93.8,65.2,44.4,86.9,90,80,NA,83.398,NA,Europe and Central Asia,High-Income Economies
Australia,1984,8803633923,5173348500,3630285423.0000005,AUS,213000000000,0.024288021126760564,0.01704359353521127,0.041331614661971834,12.1780821908219,10.6583333333333,21.04340654,-0.097552,0.651927,NA,NA,NA,NA,NA,NA,NA,NA,NA,NA,NA,NA,NA,85.611,NA,East Asia and Pacific,High-Income Economies
Australia,1985,9671544064,6009135824.999999,3662408239.0000005,AUS,235000000000,0.025570790744680848,0.0155847159106383,0.04115550665531915,18.2191780821918,11.9791666666667,22.54344116,0.024368,0.633279,NA,NA,NA,NA,NA,NA,NA,NA,NA,NA,NA,NA,NA,85.582,NA,East Asia and Pacific,High-Income Economies
Australia,1986,10122680671,6619991150,3502689521,AUS,260000000000,0.025461504423076924,0.013471882773076923,0.03893338719615384,16.4931506849315,13.8666666666667,22.60972479,-0.079455,0.576136,NA,NA,NA,NA,NA,NA,NA,NA,NA,NA,NA,NA,NA,85.552,NA,East Asia and Pacific,High-Income Economies
Australia,1987,11489988206,7772570718.999999,3717417487,AUS,286000000000,0.027176820695804193,0.012997963241258742,0.04017478393706294,11.986301369863,12.725,23.26482468,-0.085689,0.53088,NA,NA,NA,NA,NA,NA,NA,NA,NA,NA,NA,NA,NA,85.522,NA,East Asia and Pacific,High-Income Economies
Australia,1988,12962536002,9092088230.000002,3870447772,AUS,324000000000,0.02806200070987655,0.011945826456790123,0.04000782716666667,14.3835616438356,11.425,23.17840515,-0.108906,0.575263,NA,NA,NA,NA,NA,NA,NA,NA,NA,NA,NA,NA,NA,85.493,NA,East Asia and Pacific,High-Income Economies
Australia,1989,13807744810,10051466309,3756278501,AUS,368000000000,0.027313767144021738,0.010207278535326087,0.037521045679347824,17.2602739726027,15.6875,22.69036748,-0.067428,0.575561,NA,NA,NA,NA,NA,NA,NA,NA,NA,NA,NA,NA,NA,85.463,NA,East Asia and Pacific,High-Income Economies
Australia,1990,15138206350.9999,11740045970,3398160380.9999995,AUS,404000000000,0.029059519727722773,0.008411288071782177,0.03747080779950471,12,13.5333333333333,22.47704605,-0.168113,0.551162,NA,NA,NA,NA,NA,NA,NA,NA,NA,NA,NA,NA,NA,85.433,2.2,East Asia and Pacific,High-Income Economies
Australia,1991,16069968788,12956342245,3113626543.0000005,AUS,414000000000,0.03129551266908213,0.007520837060386474,0.0388163497294686,8.5,9.45,22.37467821,-0.165157,0.509541,NA,NA,NA,NA,NA,NA,NA,NA,NA,NA,NA,NA,NA,85.403,2,East Asia and Pacific,High-Income Economies
Australia,1992,16905655303,13949999895,2955655407.9999995,AUS,422000000000,0.03305687178909952,0.007003922767772511,0.04006079455687204,5.75,6.09166666666667,20.68138616,-0.190559,0.529448,NA,NA,NA,NA,NA,NA,NA,NA,NA,NA,NA,NA,NA,85.285,1.7,East Asia and Pacific,High-Income Economies
Australia,1993,18193593688,15147537072,3046056616,AUS,443000000000,0.03419308594130926,0.00687597430248307,0.041069060243792324,4.75,4.92916666666667,20.01858438,-0.038421,0.497068,NA,NA,NA,NA,NA,NA,NA,NA,NA,NA,NA,NA,NA,85.157,1.9,East Asia and Pacific,High-Income Economies
Australia,1994,19473877996,16351866968,3122011028,AUS,466000000000,0.035089843278969954,0.006699594480686695,0.041789437759656656,7.5,4.91666666666667,20.04474475,-0.009273,0.46077,NA,NA,NA,NA,NA,NA,NA,NA,NA,NA,NA,NA,NA,85.028,1.8,East Asia and Pacific,High-Income Economies
Australia,1995,20382041495.9999,17255785906.999996,3126255589,AUS,495000000000,0.034860173549494944,0.006315667856565657,0.041175841406060405,7.5,6.1125,21.21431474,0.04147,0.471861,NA,86.7,70,90,74.1,70,NA,59.6,53.9,77,70,90,NA,84.898,2,East Asia and Pacific,High-Income Economies
Australia,1996,20844753435.5,17767391502,3077361933.5,AUS,528000000000,0.03365036269318182,0.0058283369952651515,0.03947869968844697,6,5.7125,21.92915453,0.027905,0.505551,0.106703125,86.5,70,90,74,70,NA,59.3,53.4,77,70,90,NA,84.767,1.9,East Asia and Pacific,High-Income Economies
Australia,1997,21911563765.5,18926728102,2984835663.5,AUS,555000000000,0.03410221279639639,0.005378082276576577,0.039480295072972973,5,4.31666666666667,22.43094161,-0.00787,0.493946,0.125325075,82.8,70,90,75.5,88,NA,56.6,55.1,77,70,90,NA,84.636,2,East Asia and Pacific,High-Income Economies
Australia,1998,24116725860.5,21016142320,3100583538.5,AUS,588000000000,0.03574173863945578,0.005273101255952381,0.041014839898809524,4.75,3.70833333333333,22.27200615,0.052213,0.489088,0.03769885,84,70,90,75.6,86,NA,56.1,54.8,79.4,70,90,NA,84.503,1.8,East Asia and Pacific,High-Income Economies
Australia,1999,28118264270.4999,24648632810,3469631458.5,AUS,620000000000,0.03975585937096774,0.005596179771774194,0.04535203914596758,5,3.47083333333333,22.47521128,-0.033744,0.435155,0.03474485,87.9,70,90,76.4,89,NA,55.7,56,79.4,70,90,NA,84.37,2,East Asia and Pacific,High-Income Economies
Australia,2000,28469820600.5,25126288060,3343532538.5,AUS,661000000000,0.038012538668683815,0.005058294309379728,0.04307083298108926,6.25,4.19583333333333,23.07689981,-0.031123,0.373276,0.16145779999999998,89,70,90,77.1,87,NA,55.8,63.3,79,70,90,NA,84.235,1.9,East Asia and Pacific,High-Income Economies
Australia,2001,33710823270.499996,29261247890,4449575383.5,AUS,705000000000,0.04150531615602837,0.006311454444680851,0.047816770596453895,4.25,3.19583333333333,24.82193156,-0.06647,0.354003,0.087171975,87.9,70,90,77.4,87,NA,55.4,67.3,79,70,90,NA,84.1,1.8,East Asia and Pacific,High-Income Economies
Australia,2002,34592097055.4999,30303796840.000004,4288300218.5000005,AUS,754000000000,0.04019071198938993,0.005687400820291778,0.04587811280570279,4.75,3.65833333333333,23.52831212,-0.073102,0.34148,0.07341065,83.3,85,90,77.3,83,NA,56.4,61.1,77.4,70,90,NA,84.222,1.9,East Asia and Pacific,High-Income Economies
Australia,2003,35789654195.5,31476095849.999996,4313558353.500001,AUS,801000000000,0.03929599981273408,0.005385216421348316,0.044681216224094884,5.25,3.50833333333333,24.32406113,-0.038353,0.33688,0.308238375,82.1,85,90,77.4,85,NA,58.6,58.9,77,70,90,NA,84.343,1.5,East Asia and Pacific,High-Income Economies
Australia,2004,37819720224.5,33444425360,4375294865.5,AUS,861000000000,0.03884369960511034,0.005081643281649245,0.04392534288559814,5.25,3.85,24.33803811,-0.218672,0.311575,0.031713725,83.2,85,90,77.9,86,NA,59.6,60.5,77.2,70,90,NA,84.463,1.3,East Asia and Pacific,High-Income Economies
Australia,2005,39677544268.5,35164786570,4512757697.5,AUS,922000000000,0.038139681746203906,0.00489453112527115,0.04303421287255965,5.5,3.89166666666667,24.84119731,-0.213502,0.30518,0.07910982500000001,84,85,90,79,88,NA,59.1,60.9,77.2,70,90,NA,84.582,1.3,East Asia and Pacific,High-Income Economies
Australia,2006,41980487324.5,37323697150,4656790175.5,AUS,996000000000,0.037473591516064254,0.004675492144076305,0.04214908365913655,6.25,4.0625,24.60965647,-0.155239,0.322686,0.068764825,85,90.9,90,79.9,88,NA,58.9,62.2,77.4,70,90,NA,84.7,1.4,East Asia and Pacific,High-Income Economies
Australia,2007,44938848934.5,40177816680,4761032254.5,AUS,1090000000000,0.03686038227522936,0.004367919499541285,0.041228301774770645,6.75,4.52916666666667,24.11013139,-0.171363,0.31541400000000003,0.01910585,84.8,89.1,90,81.1,88,NA,59.5,62.6,83.8,70,90,NA,84.822,1.2,East Asia and Pacific,High-Income Economies
Australia,2008,51709456954.5,46637961599.99999,5071495355.5,AUS,1180000000000,0.03952369627118643,0.004297877419915254,0.04382157369025424,4.25,4.725,24.26364102,-0.210701,0.302425,0.2299376,83.7,90.3,90,82.2,87,NA,59.2,62.8,83.8,80,90,NA,84.943,1.2,East Asia and Pacific,High-Income Economies
Australia,2009,51586376990.5,46913148810,4673228188.5,AUS,1260000000000,0.03723265778571429,0.0037089112607142857,0.04094156904007937,3.75,3.07916666666667,22.0609533,-0.331165,0.253044,0.07698375,84.7,90.5,90,82.6,86,NA,61.4,64.3,84.8,80,90,NA,85.063,1.2,East Asia and Pacific,High-Income Economies
Australia,2010,53081884805.5,48202655210,4879229602.5,AUS,1300000000000,0.03707896554615384,0.0037532535403846153,0.040832219081153844,4.75,4.2125,20.53172007,-0.397884,0.227172,0.17976685,82.7,90.3,90,82.6,87,NA,61.4,64.9,85.1,80,90,NA,85.182,1,East Asia and Pacific,High-Income Economies
Australia,2011,55816509501.5,50687992360.00001,5128517133.5,AUS,1420000000000,0.03569576926760564,0.0036116317841549295,0.039307401057394366,4.25,4.3375,20.33471173,-0.516626,0.121017,0.24364802500000002,85,90.1,90,82.5,87,NA,61.3,64.7,84.4,80,90,NA,85.3,1.1,East Asia and Pacific,High-Income Economies
Australia,2012,58981695560.5,53583446280,5398249277.5,AUS,1500000000000,0.03572229752,0.0035988328516666666,0.03932113037366667,3,3.91666666666667,21.19859309,-0.528256,0.105864,0.13240702499999998,84.5,91.9,90,83.1,87,NA,63.4,67.1,86.2,80,90,NA,85.402,1.1,East Asia and Pacific,High-Income Economies
Australia,2013,63018069691.5,57511909830.00001,5506159861.5,AUS,1540000000000,0.037345395993506496,0.0035754284814935064,0.040920824475,2.5,3.25,22.02482967,-0.816851,-0.077673,0.034845475,83.8,95.5,90,82.6,88,NA,66.4,62.8,86.2,80,90,NA,85.502,1.1,East Asia and Pacific,High-Income Economies
Australia,2014,66854288170.4999,61366609710.00001,5487678457.5,AUS,1600000000000,0.038354131068750005,0.0034297990359375,0.041783930106562436,2.5,2.90416666666667,21.98970304,-0.846322,-0.09589,0.1185409,80.5,94.6,90,82,87.7,NA,64.2,62.6,86.4,85,90,NA,85.602,1,East Asia and Pacific,High-Income Economies
Australia,2015,71923858071.5,66369048530,5554809548.5,AUS,1620000000000,0.04096854847530864,0.0034288947830246916,0.04439744325401235,2,2.30416666666667,22.002263,0.0971997,-0.11783,0.17426439999999999,85.3,94.1,90,81.4,81,NA,63.7,61.8,86.4,80,90,NA,85.701,1,East Asia and Pacific,High-Income Economies
Australia,2016,75839550962.5,69987532000,5852018967,AUS,1660000000000,0.042161163855421686,0.0035253126307228915,0.045686476483433734,1.5,2.14166666666667,22.25264793,0.146237,NA,0.2490718,85.2,89.4,90,80.3,80,NA,63.2,62,86.4,80,90,NA,85.8,0.9,East Asia and Pacific,High-Income Economies
Australia,2017,78193093907.5,72103525860,6089568053.000001,AUS,1760000000000,0.04096791242045455,0.003459981848295455,0.044427894265625,1.5,2.00833333333333,22.08996028,0.0863035,NA,0.307399925,86.4,89.3,81.7,81,74.8,92.9,63.2,59,86.2,80,90,NA,85.904,0.8,East Asia and Pacific,High-Income Economies
Australia,2018,81140288749.5,75081718670,6058570079.000001,AUS,1850000000000,0.040584712794594593,0.003274902745405406,0.04385961554027027,1.5,1.97916666666667,NA,NA,NA,0.172188025,87.4,89.1,78.7,80.9,77.4,93.4,63,61.2,86.2,80,90,NA,86.012,NA,East Asia and Pacific,High-Income Economies
United States,1960,28700000000,5954000000,22746000000,USA,543000000000,0.010965009208103131,0.04188950276243094,0.05285451197053407,NA,NA,NA,NA,NA,NA,NA,NA,NA,NA,NA,NA,NA,NA,NA,NA,NA,NA,69.996,NA,North America,High-Income Economies
United States,1961,29300000000,6106000000,23194000000,USA,563000000000,0.010845470692717584,0.041197158081705154,0.052042628774422735,NA,NA,NA,NA,NA,NA,NA,NA,NA,NA,NA,NA,NA,NA,NA,NA,NA,NA,70.377,NA,North America,High-Income Economies
United States,1962,30300000000,6448000000,23852000000,USA,605000000000,0.010657851239669421,0.03942479338842975,0.05008264462809917,NA,NA,NA,NA,NA,NA,NA,NA,NA,NA,NA,NA,NA,NA,NA,NA,NA,NA,70.757,NA,North America,High-Income Economies
United States,1963,32200000000.000004,7110000000,25090000000.000004,USA,639000000000,0.011126760563380281,0.03926447574334899,0.05039123630672927,NA,NA,NA,NA,NA,NA,NA,NA,NA,NA,NA,NA,NA,NA,NA,NA,NA,NA,71.134,NA,North America,High-Income Economies
United States,1964,33900000000,7590000000,26310000000,USA,686000000000,0.011064139941690962,0.03835276967930029,0.04941690962099125,NA,NA,NA,1.76765,1.7598,NA,NA,NA,NA,NA,NA,NA,NA,NA,NA,NA,NA,NA,71.508,NA,North America,High-Income Economies
United States,1965,36000000000,8135000000,27865000000,USA,744000000000,0.010934139784946237,0.03745295698924731,0.04838709677419355,NA,NA,NA,1.78979,1.73623,NA,NA,NA,NA,NA,NA,NA,NA,NA,NA,NA,NA,NA,71.879,NA,North America,High-Income Economies
United States,1966,38000000000,8735000000,29265000000,USA,815000000000,0.010717791411042945,0.0359079754601227,0.046625766871165646,NA,NA,NA,1.73973,1.68233,NA,NA,NA,NA,NA,NA,NA,NA,NA,NA,NA,NA,NA,72.247,NA,North America,High-Income Economies
United States,1967,40000000000,9311000000,30689000000,USA,862000000000,0.010801624129930394,0.03560208816705336,0.04640371229698376,NA,NA,NA,1.75501,1.6402,NA,NA,NA,NA,NA,NA,NA,NA,NA,NA,NA,NA,NA,72.612,NA,North America,High-Income Economies
United States,1968,43000000000,10068000000,32932000000,USA,943000000000,0.010676564156945918,0.034922587486744434,0.04559915164369035,NA,NA,NA,1.80736,1.66014,NA,NA,NA,NA,NA,NA,NA,NA,NA,NA,NA,NA,NA,72.974,NA,North America,High-Income Economies
United States,1969,45700000000,11016000000,34684000000,USA,1020000000000,0.0108,0.03400392156862745,0.044803921568627454,NA,NA,NA,1.82113,1.6629,NA,NA,NA,NA,NA,NA,NA,NA,NA,NA,NA,NA,NA,73.333,NA,North America,High-Income Economies
United States,1970,48600000000,12084000000,36516000000,USA,1070000000000,0.011293457943925233,0.03412710280373832,0.045420560747663555,NA,NA,NA,1.75874,1.65148,NA,NA,NA,NA,NA,NA,NA,NA,NA,NA,NA,NA,NA,73.602,NA,North America,High-Income Economies
United States,1971,52000000000,11983000000,40017000000,USA,1160000000000,0.010330172413793104,0.03449741379310345,0.04482758620689655,NA,NA,NA,1.69342,1.65386,NA,NA,NA,NA,NA,NA,NA,NA,NA,NA,NA,NA,NA,73.613,NA,North America,High-Income Economies
United States,1972,56200000000,15118000000,41082000000,USA,1280000000000,0.0118109375,0.0320953125,0.04390625,NA,NA,11.8199373,1.71798,1.67807,NA,NA,NA,NA,NA,NA,NA,NA,NA,NA,NA,NA,NA,73.623,NA,North America,High-Income Economies
United States,1973,60800000000,17288000000,43512000000,USA,1430000000000,0.012089510489510489,0.03042797202797203,0.04251748251748252,NA,NA,11.49521249,1.67185,1.6486,NA,NA,NA,NA,NA,NA,NA,NA,NA,NA,NA,NA,NA,73.633,NA,North America,High-Income Economies
United States,1974,67000000000,20298000000,46702000000,USA,1550000000000,0.013095483870967742,0.03013032258064516,0.043225806451612905,NA,NA,11.83762036,1.63622,1.64392,NA,NA,NA,NA,NA,NA,NA,NA,NA,NA,NA,NA,NA,73.643,NA,North America,High-Income Economies
United States,1975,72800000000,23100000000,49700000000,USA,1680000000000,0.01375,0.029583333333333333,0.043333333333333335,NA,NA,11.1858005,1.52574,1.62592,NA,NA,NA,NA,NA,NA,NA,NA,NA,NA,NA,NA,NA,73.653,NA,North America,High-Income Economies
United States,1976,79500000000,26700000000,52800000000,USA,1870000000000,0.01427807486631016,0.02823529411764706,0.04251336898395722,NA,NA,10.74883688,1.40271,1.53249,NA,NA,NA,NA,NA,NA,NA,NA,NA,NA,NA,NA,NA,73.663,NA,North America,High-Income Economies
United States,1977,87400000000,30800000000,56600000000,USA,2080000000000,0.014807692307692308,0.02721153846153846,0.04201923076923077,NA,NA,11.61864632,1.48685,1.4702,NA,NA,NA,NA,NA,NA,NA,NA,NA,NA,NA,NA,NA,73.673,NA,North America,High-Income Economies
United States,1978,96000000000,36300000000,59700000000,USA,2350000000000,0.015446808510638298,0.025404255319148937,0.04085106382978723,NA,NA,11.54235905,1.44382,1.58547,NA,NA,NA,NA,NA,NA,NA,NA,NA,NA,NA,NA,NA,73.682,NA,North America,High-Income Economies
United States,1979,104800000000,42000000000,62800000000,USA,2630000000000,0.01596958174904943,0.02387832699619772,0.03984790874524715,NA,NA,12.00380309,1.50259,1.64906,NA,NA,NA,NA,NA,NA,NA,NA,NA,NA,NA,NA,NA,73.692,NA,North America,High-Income Economies
United States,1980,115300000000,49200000000,66100000000,USA,2860000000000,0.0172027972027972,0.02311188811188811,0.040314685314685315,NA,NA,12.13835265,1.5004,1.59722,NA,NA,NA,NA,NA,NA,NA,NA,NA,NA,NA,NA,NA,73.738,NA,North America,High-Income Economies
United States,1981,122500000000,53800000000,68700000000,USA,3210000000000,0.0167601246105919,0.021401869158878505,0.0381619937694704,NA,NA,12.55050604,1.51882,1.5345,NA,NA,NA,NA,NA,NA,NA,NA,NA,NA,NA,NA,NA,73.89,NA,North America,High-Income Economies
United States,1982,132500000000,59400000000,73100000000,USA,3340000000000,0.01778443113772455,0.02188622754491018,0.03967065868263473,NA,NA,11.97862664,1.46216,1.49913,NA,NA,NA,NA,NA,NA,NA,NA,NA,NA,NA,NA,NA,74.042,NA,North America,High-Income Economies
United States,1983,146200000000,64200000000,82000000000,USA,3630000000000,0.017685950413223142,0.022589531680440773,0.04027548209366391,9.38,NA,10.34826823,1.45447,1.50259,NA,NA,NA,NA,NA,NA,NA,NA,NA,NA,NA,NA,NA,74.194,NA,North America,High-Income Economies
United States,1984,156100000000,71300000000,84800000000,USA,4040000000000,0.017648514851485147,0.02099009900990099,0.03863861386138614,8.13,NA,10.15971565,1.60668,1.36319,NA,NA,NA,NA,NA,NA,NA,NA,NA,NA,NA,NA,NA,74.344,NA,North America,High-Income Economies
United States,1985,167700000000,78100000000,89600000000,USA,4340000000000,0.017995391705069124,0.02064516129032258,0.03864055299539171,7.75,NA,10.38424016,1.65658,1.42251,NA,NA,NA,NA,NA,NA,NA,NA,NA,NA,NA,NA,NA,74.494,NA,North America,High-Income Economies
United States,1986,180400000000,85200000000,95200000000,USA,4580000000000,0.018602620087336246,0.020786026200873362,0.03938864628820961,5.88,NA,10.16304589,1.68473,1.41786,NA,NA,NA,NA,NA,NA,NA,NA,NA,NA,NA,NA,NA,74.644,NA,North America,High-Income Economies
United States,1987,196700000000,95000000000,101700000000,USA,4860000000000,0.01954732510288066,0.020925925925925924,0.040473251028806584,6.81,NA,10.94884573,1.62452,1.4015,NA,NA,NA,NA,NA,NA,NA,NA,NA,NA,NA,NA,NA,74.793,NA,North America,High-Income Economies
United States,1988,212000000000,106700000000,105300000000,USA,5240000000000,0.020362595419847328,0.020095419847328246,0.04045801526717557,8.69,NA,10.59594327,1.52115,1.36188,NA,NA,NA,NA,NA,NA,NA,NA,NA,NA,NA,NA,NA,74.942,NA,North America,High-Income Economies
United States,1989,222300000000,118700000000,103600000000,USA,5640000000000,0.02104609929078014,0.018368794326241136,0.039414893617021274,8.25,NA,10.78244038,1.53479,1.3572,NA,NA,NA,NA,NA,NA,NA,NA,NA,NA,NA,NA,NA,75.089,NA,North America,High-Income Economies
United States,1990,246500000000,140200000000,106300000000,USA,5960000000000,0.023523489932885906,0.017835570469798657,0.04135906040268456,7,NA,10.46528476,1.50659,1.34874,NA,NA,NA,NA,NA,NA,NA,NA,NA,NA,NA,NA,NA,75.3,9.3,North America,High-Income Economies
United States,1991,267100000000.00003,157200000000,109900000000.00003,USA,6160000000000,0.025519480519480518,0.017840909090909095,0.04336038961038961,4,NA,10.32034243,1.62518,1.3599,NA,NA,NA,NA,NA,NA,NA,NA,NA,NA,NA,NA,10.12,75.701,9.7,North America,High-Income Economies
United States,1992,292100000000,177100000000,115000000000,USA,6520000000000,0.027162576687116566,0.01763803680981595,0.04480061349693251,3,NA,9.984161837,1.69659,1.39655,NA,NA,NA,NA,NA,NA,NA,NA,NA,NA,NA,NA,10,76.097,9.2,North America,High-Income Economies
United States,1993,321600000000,201500000000,120100000000,USA,6860000000000,0.029373177842565597,0.01750728862973761,0.046880466472303206,3,NA,10.30493432,1.73991,1.37799,NA,NA,NA,NA,NA,NA,NA,NA,NA,NA,NA,NA,9.69,76.488,9.4,North America,High-Income Economies
United States,1994,354500000000,229100000000,125400000000,USA,7290000000000,0.03142661179698217,0.01720164609053498,0.048628257887517144,5.5,NA,10.62350664,1.82759,1.36792,NA,NA,NA,NA,NA,NA,NA,NA,NA,NA,NA,NA,9.23,76.875,8.9,North America,High-Income Economies
United States,1995,372800000000,241500000000,131300000000,USA,7640000000000,0.03160994764397906,0.01718586387434555,0.04879581151832461,5.5,NA,10.98098904,1.77051,1.36075,NA,83.8,85,90,76.7,90,NA,64.8,57.8,78.4,70,70,8.91,77.257,8.1,North America,High-Income Economies
United States,1996,394600000000,261399999999.99997,133200000000.00003,USA,8070000000000,0.03239157372986369,0.01650557620817844,0.04889714993804213,5.25,NA,11.37391458,1.83305,1.32984,0.035233375,84.5,85,90,76.7,90,NA,64.7,57.8,78.4,70,70,8.9,77.636,7.3,North America,High-Income Economies
United States,1997,425300000000,291600000000,133700000000,USA,8580000000000,0.03398601398601399,0.015582750582750583,0.04956876456876457,5.5,NA,11.82819654,1.82767,1.32708,0.01239095,84.5,85,90,75.6,78,NA,64.5,60,78.4,70,70,8.23,78.008,6.7,North America,High-Income Economies
United States,1998,460400000000,320100000000,140300000000,USA,9060000000000,0.03533112582781457,0.015485651214128036,0.0508167770419426,4.75,NA,12.32982913,1.81703,1.29656,0.109960625,84.3,85,90,75.4,77,NA,64.3,60.3,78.4,70,70,8,78.377,6.2,North America,High-Income Economies
United States,1999,517900000000,386200000000,131700000000,USA,9630000000000,0.04010384215991693,0.01367601246105919,0.05377985462097612,5.5,NA,12.26062892,1.85634,1.30883,0.058658025,85,85,90,75.5,76,NA,64.1,61.3,78.4,70,70,7.82,78.742,5.6,North America,High-Income Economies
United States,2000,531299999999.99994,377700000000,153599999999.99994,USA,10300000000000,0.03666990291262136,0.014912621359223294,0.051582524271844656,6.5,NA,12.96903235,1.86251,1.36038,0.063456175,86.3,85,90,76.4,75,NA,63.8,69.3,78.4,70,70,7.6,79.057,5.5,North America,High-Income Economies
United States,2001,581200000000,421100000000,160100000000,USA,10600000000000,0.03972641509433962,0.01510377358490566,0.05483018867924528,1.8306,NA,11.858072,1.85189,1.38967,0.24732305,85.9,85,90,79.1,75,NA,63.5,71.2,81,70,90,8.01,79.234,6.7,North America,High-Income Economies
United States,2002,626200000000,458700000000,167500000000,USA,10900000000000,0.04208256880733945,0.015366972477064221,0.05744954128440367,1.25,NA,9.861546039,1.87944,1.37342,0.26978,84.1,85,90,78.4,78,NA,63.4,65.3,79.4,70,90,8.54,79.409,5.6,North America,High-Income Economies
United States,2003,662500000000,487770000000,174730000000,USA,11500000000000,0.042414782608695654,0.01519391304347826,0.057608695652173914,1,NA,9.389746033,1.85046,1.34445,0.303085025,84.2,85,90,78.2,76,NA,63.5,63.5,81.4,70,90,8.4,79.583,5.7,North America,High-Income Economies
United States,2004,697800000000,516700000000.00006,181099999999.99994,USA,12200000000000,0.042352459016393444,0.014844262295081963,0.05719672131147541,2.25,NA,9.539265084,1.76594,1.30481,0.08925915,85.9,85,90,78.7,77,NA,67.2,62.2,81.4,70,90,8.43,79.757,5.5,North America,High-Income Economies
United States,2005,724600000000,544950000000.00006,179649999999.99994,USA,13000000000000,0.04191923076923077,0.013819230769230764,0.055738461538461535,4.25,NA,10.68450134,1.74324,1.25808,0.12496800000000001,85.7,85,90,79.9,75,NA,68.6,60,79.8,70,90,7.86,79.928,5.7,North America,High-Income Economies
United States,2006,750200000000,564110000000,186090000000,USA,13800000000000,0.04087753623188406,0.013484782608695652,0.05436231884057971,5.25,NA,11.31121212,1.66414,1.23318,0.059715199999999996,85,93.2,90,81.2,75,NA,68.9,61.1,81.4,70,90,7.47,80.099,5.8,North America,High-Income Economies
United States,2007,760600000000,569250000000,191350000000,USA,14500000000000,0.039258620689655174,0.013196551724137931,0.052455172413793105,4.25,NA,11.30719612,1.62483,1.21368,0.2736985,83.8,91.4,90,81.2,76,NA,69,60.3,86.6,80,80,8,80.269,5.7,North America,High-Income Economies
United States,2008,816200000000,625030000000,191170000000,USA,14700000000000,0.042519047619047616,0.013004761904761904,0.055523809523809524,0.125,NA,10.31615636,1.58866,1.20416,0.150782375,83.7,92.6,90,81,73,NA,68.3,59.8,86.8,80,80,7.76,80.438,5.4,North America,High-Income Economies
United States,2009,863700000000,656390000000,207310000000,USA,14400000000000,0.04558263888888889,0.014396527777777777,0.05997916666666667,0.125,NA,7.919615919,1.53293,1.18208,0.25506982499999997,84,91.9,90,80.7,72,NA,67.5,59.6,86.8,80,80,9.18,80.606,5,North America,High-Income Economies
United States,2010,918700000000,704600000000,214100000000,USA,15000000000000,0.04697333333333333,0.014273333333333334,0.061246666666666665,0.125,NA,8.595887591,1.49428,1.19815,0.206717725,78.1,91.3,85,78,73,NA,67.5,58,86.9,75,70,8.71,80.772,4.8,North America,High-Income Economies
United States,2011,1001200000000,782620000000,218580000000,USA,15500000000000,0.050491612903225805,0.014101935483870967,0.06459354838709677,0.125,NA,9.573699439,1.49138,1.19832,0.181616675,77.4,91,85,77.8,75,NA,68.3,54.6,86.4,75,70,8.23,80.944,4.7,North America,High-Income Economies
United States,2012,1090000000000,863070000000,226930000000,USA,16200000000000,0.05327592592592593,0.014008024691358026,0.06728395061728396,0.125,NA,9.79687152,1.45359,1.1813,0.381228075,77.2,91.1,85,76.3,71,NA,69.8,46.7,86.4,70,70,7.83,81.119,4.7,North America,High-Income Economies
United States,2013,1159500000000,924700000000,234800000000,USA,16800000000000,0.05504166666666667,0.013976190476190475,0.06901785714285714,0.125,NA,10.51960599,1.43702,1.18747,0.222607475,75,90.5,85,76,71,NA,69.3,47.8,86.4,70,70,7.66,81.299,4.5,North America,High-Income Economies
United States,2014,1254100000000,1014500000000,239600000000,USA,17500000000000,0.05797142857142857,0.013691428571428571,0.07166285714285714,0.125,NA,10.95153383,1.30167,1.13702,0.147042175,75.4,89.2,80,75.5,72,NA,65.8,48.1,86.8,70,70,7.04,81.483,4.5,North America,High-Income Economies
United States,2015,1340200000000,1082200000000,258000000000,USA,18200000000000,0.05946153846153846,0.014175824175824176,0.07363736263736263,0.375,NA,11.2046032,1.8166,1.12487,0.268378,76.6,88.8,80,76.2,73,NA,66.2,51.8,87,70,70,7,81.671,5,North America,High-Income Economies
United States,2016,1463400000000,1154800000000,308600000000,USA,18700000000000,0.06175401069518716,0.016502673796791444,0.0782566844919786,0.625,NA,10.98294396,1.78168,NA,0.21463927500000002,77,84.7,80,75.4,74,NA,65.6,54.7,87,70,70,NA,81.862,5.4,North America,High-Income Economies
United States,2017,1571100000000,1251700000000,319400000000,USA,19500000000000,0.0641897435897436,0.01637948717948718,0.08056923076923077,NA,NA,11.94741055,1.75541,NA,0.18586695,80.1,84.4,81.3,75.1,78.1,75.1,65.3,55.9,87.1,80,70,NA,82.058,5.3,North America,High-Income Economies
United States,2018,1671900000000,1343500000000,328400000000,USA,20500000000000,0.06553658536585366,0.01601951219512195,0.08155609756097561,NA,NA,9.675467574,NA,NA,0.192278625,78.6,82.7,79.3,75.7,71.9,76.9,65.1,56.5,86.7,85,80,NA,82.256,NA,North America,High-Income Economies
Euro Area,2002,358534840000,296653782000,61881058000,EMU,7600610000000,0.039030259676525965,0.008141591003879952,0.04717185068040591,2.75,NA,NA,1.2135903333333333,NA,0.2995839416666667,82.88421052631578,74.73684210526316,74.21052631578948,NA,NA,NA,NA,NA,NA,NA,NA,NA,NA,NA,Europe and Central Asia,High-Income Economies
Euro Area,2003,436130691000,372118179000,64012512000,EMU,7821940000000,0.04757364272801888,0.008183712991917606,0.05575735571993649,2,NA,NA,1.2020929333333332,NA,0.21917627083333333,83.04736842105262,75.52631578947368,74.21052631578948,NA,NA,NA,NA,NA,NA,NA,NA,NA,NA,NA,Europe and Central Asia,High-Income Economies
Euro Area,2004,501259152000,436433366000,64825786000,EMU,8156130000000,0.05350985896497481,0.00794810602577448,0.06145796499074929,2,NA,NA,1.209913,NA,0.15306882916666667,83.73684210526315,75.52631578947368,74.21052631578948,NA,NA,NA,NA,NA,NA,NA,NA,NA,NA,NA,Europe and Central Asia,High-Income Economies
Euro Area,2005,565217276000,497986789000,67230487000,EMU,8448090000000,0.058946671851270525,0.007958069457119894,0.06690474130839041,2.25,NA,NA,1.2116486666666666,NA,0.14604122083333335,84.22105263157894,75.52631578947368,74.21052631578948,NA,NA,NA,NA,NA,NA,NA,NA,NA,NA,NA,Europe and Central Asia,High-Income Economies
Euro Area,2006,628242094000,555777391000,72464703000,EMU,8897760000000,0.062462618793943644,0.00814415122457787,0.07060677001852152,3.5,NA,NA,1.1954500666666668,NA,0.08460211666666667,84.47894736842106,80.70526315789473,73.15789473684211,NA,NA,NA,NA,NA,NA,NA,NA,NA,NA,NA,Europe and Central Asia,High-Income Economies
Euro Area,2007,676621276000,600507731000,76113545000,EMU,9390890000000,0.06394577414920205,0.00810504062980186,0.07205081477900391,4,NA,NA,1.1780631333333333,NA,0.13012433333333334,81.46842105263158,80.4578947368421,73.6842105263158,NA,NA,NA,NA,NA,NA,NA,NA,NA,NA,NA,Europe and Central Asia,High-Income Economies
Euro Area,2008,762774832000,682739761000,80035071000,EMU,9625370000000,0.07093127443412565,0.008315012409912554,0.0792462868440382,2.5,NA,NA,1.1787035333333333,NA,0.10950109166666666,80.87368421052632,81.03684210526316,73.94736842105263,NA,NA,NA,NA,NA,NA,NA,NA,NA,NA,NA,Europe and Central Asia,High-Income Economies
Euro Area,2009,806411528000,724696649000,81714879000,EMU,9281760000000,0.07807750351226492,0.008803812962196825,0.08688131647446173,1,NA,NA,1.1751081333333333,NA,0.19283645416666667,80.21052631578948,81.34736842105264,74.73684210526316,NA,NA,NA,NA,NA,NA,NA,NA,NA,NA,NA,Europe and Central Asia,High-Income Economies
Euro Area,2010,839702307000,756662121000,83040186000,EMU,9536670000000,0.07934238271849609,0.0087074614094857,0.08804984412798178,1,NA,NA,1.1739488666666666,NA,0.17391024166666666,77.51052631578948,81.24736842105263,74.73684210526316,NA,NA,NA,NA,NA,NA,NA,NA,NA,NA,NA,Europe and Central Asia,High-Income Economies
Euro Area,2011,888629021000,803102271000,85526750000,EMU,9795880000000,0.08198367793398857,0.008730889925152207,0.09071456785914078,1,NA,NA,1.1591850666666668,NA,0.12785895,81.21578947368421,81.01052631578948,73.15789473684211,NA,NA,NA,NA,NA,NA,NA,NA,NA,NA,NA,Europe and Central Asia,High-Income Economies
Euro Area,2012,912593021000,823053014000,89540007000,EMU,9833890000000,0.08369556848815678,0.009105247974097737,0.0928008164622545,NA,NA,NA,1.1161703333333333,NA,0.37160970416666667,81.02105263157894,80.79473684210527,72.63157894736842,NA,NA,NA,NA,NA,NA,NA,NA,NA,NA,NA,Europe and Central Asia,High-Income Economies
Euro Area,2013,956184805000,864490668000,91694137000,EMU,9929100000000,0.0870663673444723,0.009234889063459931,0.09630125640793225,NA,NA,NA,1.0399196666666666,NA,0.2501956458333333,79.7578947368421,79.96842105263158,72.63157894736842,NA,NA,NA,NA,NA,NA,NA,NA,NA,NA,NA,Europe and Central Asia,High-Income Economies
Euro Area,2014,1016538112000,920850050000,95688062000,EMU,10163600000000,0.09060274410641898,0.009414780392774214,0.1000175244991932,0.3,NA,NA,1.0184516666666668,NA,0.20390525833333334,79.01052631578948,80.47894736842105,72.89473684210526,NA,NA,NA,NA,NA,NA,NA,NA,NA,NA,NA,Europe and Central Asia,High-Income Economies
Euro Area,2015,1083430316000,982550561000,100879755000,EMU,10516400000000,0.09343031465140161,0.009592612966414362,0.10302292761781598,NA,NA,NA,1.1586490714285715,NA,0.2298329375,80.64736842105263,79.86315789473684,72.89473684210526,NA,NA,NA,NA,NA,NA,NA,NA,NA,NA,NA,Europe and Central Asia,High-Income Economies
Euro Area,2016,1126221690000,1021475250000,104746440000,EMU,10806000000000,0.09452852581898945,0.009693359244863965,0.10422188506385341,NA,NA,NA,1.1494940714285715,NA,0.32150663749999997,83.1,78.24736842105263,72.89473684210526,NA,NA,NA,NA,NA,NA,NA,NA,NA,NA,NA,Europe and Central Asia,High-Income Economies
Euro Area,2017,1170726053000,1059778967000,110947086000,EMU,11183800000000,0.09476018589388223,0.009920338883027235,0.10468052477690946,NA,NA,NA,1.1521182142857143,NA,0.3522853083333333,84.86315789473684,76.83684210526316,77.56315789473685,NA,NA,NA,NA,NA,NA,NA,NA,NA,NA,NA,Europe and Central Asia,High-Income Economies
Euro Area,2018,1231133049000,1114746361000,116386688000,EMU,11544000000000,0.09656500008662508,0.01008200693000693,0.10664700701663202,NA,NA,NA,NA,NA,0.235942725,85.06315789473685,76.39473684210526,76.28421052631579,NA,NA,NA,NA,NA,NA,NA,NA,NA,NA,NA,Europe and Central Asia,High-Income Economies
