country,year,cic,gdp,cd,bank_rate,tax_gdp_2,debt_gdp
United States,1918,4.37,,,,,
United States,1919,4.73,,,,,
United States,1920,5.19,,,,,
United States,1921,4.66,,,,,
United States,1922,4.25,,,,,
United States,1923,4.53,,,,,
United States,1924,4.59,,,,,
United States,1925,4.58,,,,,
United States,1926,4.64,,,,,
United States,1927,4.61,,,,,
United States,1928,4.50,,,,,
United States,1929,4.47,104.56,0.04,,,
United States,1930,4.26,92.16,0.05,,,
United States,1931,4.67,77.39,0.06,,,
United States,1932,5.33,59.52,0.09,,,
United States,1933,5.58,57.15,0.10,,,
United States,1934,5.40,66.80,0.08,,,
United States,1935,5.58,74.24,0.08,,,
United States,1936,6.10,84.83,0.07,,,
United States,1937,6.47,93.00,0.07,,,
United States,1938,6.51,87.35,0.07,,,
United States,1939,7.06,93.44,0.08,,,
United States,1940,7.88,102.90,0.08,,,
United States,1941,9.59,129.31,0.07,,,
United States,1942,12.68,165.95,0.08,,,
United States,1943,17.61,203.08,0.09,,,
United States,1944,22.55,224.45,0.10,,,
United States,1945,26.85,228.01,0.12,,,
United States,1946,28.29,227.54,0.12,,,
United States,1947,28.42,249.62,0.11,,,
United States,1948,28.06,274.47,0.10,,,
United States,1949,27.52,272.48,0.10,,,
United States,1950,27.17,299.83,0.09,,,
United States,1951,27.74,346.91,0.08,,,
United States,1952,29.06,367.34,0.08,,,
United States,1953,30.13,389.22,0.08,,,
United States,1954,30.03,390.55,0.08,,,
United States,1955,30.25,425.48,0.07,,,
United States,1956,30.69,449.35,0.07,,,
United States,1957,31.00,474.04,0.07,,,
United States,1958,31.18,481.23,0.06,,,
United States,1959,31.79,521.65,0.06,,,
United States,1960,32.06,542.38,0.06,,,
United States,1961,32.50,562.21,0.06,,,
United States,1962,33.77,603.92,0.06,,,
United States,1963,35.50,637.45,0.06,,,
United States,1964,37.71,684.46,0.06,,,
United States,1965,39.88,742.29,0.05,,,
United States,1966,42.51,813.41,0.05,,,
United States,1967,44.76,859.96,0.05,,,
United States,1968,47.73,940.65,0.05,,,
United States,1969,50.88,1017.62,0.05,,,
United States,1970,54.17,1073.30,0.05,,,
United States,1971,58.07,1164.85,0.05,,,
United States,1972,62.18,1279.11,0.05,,,
United States,1973,67.61,1425.38,0.05,,,
United States,1974,73.97,1545.24,0.05,,,
United States,1975,80.76,1684.90,0.05,,,
United States,1976,88.37,1873.41,0.05,,,
United States,1977,96.47,2081.83,0.05,,,
United States,1978,106.14,2351.60,0.05,,,
United States,1979,116.64,2627.33,0.04,,,
United States,1980,127.54,2857.31,0.04,,,
United States,1981,137.47,3207.04,0.04,,,
United States,1982,147.45,3343.79,0.04,,,
United States,1983,160.66,3634.04,0.04,,,
United States,1984,173.98,4037.61,0.04,,,
United States,1985,185.41,4338.98,0.04,,,
United States,1986,198.79,4579.63,0.04,,,
United States,1987,214.62,4855.22,0.04,,,
United States,1988,233.09,5236.44,0.04,,,
United States,1989,247.38,5641.58,0.04,,,
United States,1990,266.87,5963.14,0.04,,,
United States,1991,291.82,6158.13,0.05,,,
United States,1992,312.67,6520.33,0.05,,,
United States,1993,343.56,6858.56,0.05,,,
United States,1994,379.13,7287.24,0.05,,,
United States,1995,407.92,7639.75,0.05,,,
United States,1996,425.74,8073.12,0.05,,,
United States,1997,453.84,8577.55,0.05,,,
United States,1998,485.66,9062.82,0.05,,,
United States,1999,535.65,9630.66,0.06,,,
United States,2000,572.02,10252.35,0.06,,,
United States,2001,601.09,10581.82,0.06,,,
United States,2002,653.96,10936.42,0.06,,,
United States,2003,693.50,11458.25,0.06,,,
United States,2004,729.35,12213.73,0.06,,,
United States,2005,761.87,13036.64,0.06,,,
United States,2006,794.02,13814.61,0.06,,,
United States,2007,811.73,14451.86,0.06,,,
United States,2008,832.36,14712.85,0.06,,,
United States,2009,907.40,14448.93,0.06,,,
United States,2010,945.64,14992.05,0.06,,,
United States,2011,1023.45,15542.58,0.07,,,
United States,2012,1112.80,16197.01,0.07,,,
United States,2013,1193.20,16784.85,0.07,,,
United States,2014,1279.13,17527.26,0.07,,,
United States,2015,1371.52,18224.78,0.08,,,
United States,2016,1457.53,18715.04,0.08,,,
United States,2017,1555.44,19519.42,0.08,,,
United States,2018,1661.46,20580.22,0.08,,,
United Kingdom ,1875,25377365.00,1245828338.00,0.02,4,5.607674722,57.46885574
United Kingdom ,1876,26196835.00,1229404387.00,0.02,2,5.789619403,58.20848145
United Kingdom ,1877,27216605.00,1212413224.00,0.02,4,5.932696588,58.99003313
United Kingdom ,1878,26529445.00,1190624638.00,0.02,5,6.270988334,60.23700995
United Kingdom ,1879,29384465.00,1143697139.00,0.03,3,6.105530636,62.52744693
United Kingdom ,1880,26305410.00,1229476011.00,0.02,3,6.060497497,58.25296999
United Kingdom ,1881,25259150.00,1246862361.00,0.02,5,6.25328409,57.0249318
United Kingdom ,1882,24532660.00,1283575035.00,0.02,5,6.299591672,54.98222472
United Kingdom ,1883,24835615.00,1290341594.00,0.02,3,6.268576675,54.18333024
United Kingdom ,1884,24180600.00,1255920950.00,0.02,5,6.529203763,55.28568795
United Kingdom ,1885,23418840.00,1230757485.00,0.02,4,6.79930613,56.51923221
United Kingdom ,1886,23441560.00,1240626641.00,0.02,5,6.856587464,55.88687009
United Kingdom ,1887,23245785.00,1291547090.00,0.02,4,6.568684355,51.97321047
United Kingdom ,1888,23183670.00,1337360296.00,0.02,5,6.320774336,49.18423958
United Kingdom ,1889,23042465.00,1408963646.00,0.02,6,6.249587883,46.23892304
United Kingdom ,1890,23069860.00,1442909308.00,0.02,5,6.276559883,44.76767367
United Kingdom ,1891,23615300.00,1441379836.00,0.02,3.5,6.398009746,44.27559739
United Kingdom ,1892,24590555.00,1409542375.00,0.02,3,6.541859406,44.93290412
United Kingdom ,1893,24511490.00,1410475907.00,0.02,3,6.566287439,44.67214641
United Kingdom ,1894,24308400.00,1488136585.00,0.02,2,6.41808708,42.02909278
United Kingdom ,1895,24794165.00,1519498830.00,0.02,2,6.685745102,40.67265259
United Kingdom ,1896,24919335.00,1571419872.00,0.02,4,6.725848217,39.00027471
United Kingdom ,1897,25563940.00,1610681187.00,0.02,3,6.77393357,37.67283594
United Kingdom ,1898,26353465.00,1699938082.00,0.02,4,6.561824333,35.54670695
United Kingdom ,1899,26225355.00,1804817756.00,0.01,6,6.696928369,33.67066763
United Kingdom ,1900,28437985.00,1875030802.00,0.02,4,6.989948694,34.99418456
United Kingdom ,1901,28603125.00,1890361274.00,0.02,4,7.539447941,37.94170785
United Kingdom ,1902,28487485.00,1897990764.00,0.02,4,7.981850344,39.66224818
United Kingdom ,1903,28106400.00,1870482528.00,0.02,4,7.80750858,40.38025163
United Kingdom ,1904,27629180.00,1874081466.00,0.01,3,7.741148085,40.35432999
United Kingdom ,1905,26986870.00,1944106758.00,0.01,4,7.5359139,38.77276111
United Kingdom ,1906,28265930.00,2021576044.00,0.01,6,7.305590649,36.90686657
United Kingdom ,1907,27885190.00,2094482594.00,0.01,7,7.113084952,34.92302605
United Kingdom ,1908,27810505.00,1992953883.00,0.01,2.5,7.281199867,36.02603814
United Kingdom ,1909,28649325.00,2035113165.00,0.01,4.5,6.389971073,35.55100789
United Kingdom ,1910,27748220.00,2121940371.00,0.01,4.5,8.356945878,33.29513358
United Kingdom ,1911,27110320.00,2208451964.00,0.01,4,8.209702724,31.23298785
United Kingdom ,1912,27988795.00,2303628322.00,0.01,5,7.805688292,29.62630035
United Kingdom ,1913,27707990.00,2404537406.00,0.01,5,7.824927555,28.26622733
United Kingdom ,1914,28210060.00,2433852663.00,0.01,5,8.669855458,41.38195156
United Kingdom ,1915,34222880.00,2916456549.00,0.01,5,10.19406939,63.70901956
United Kingdom ,1916,32507860.00,3381059675.00,0.01,6,14.6256388,102.2486443
United Kingdom ,1917,38584710.00,4184401064.00,0.01,5,15.48795297,125.437477
United Kingdom ,1918,47251225.00,4968237588.00,0.01,5,16.336998,137.3330407
United Kingdom ,1919,70335745.00,5337207075.00,0.01,6,22.12645803,140.2476963
United Kingdom ,1920,96526440.00,5842722983.00,0.02,7,22.95010816,125.6050236
United Kingdom ,1921,127697910.00,4799506653.00,0.03,5,25.00621599,160.3529395
United Kingdom ,1922,121545695.00,4361473437.00,0.03,3,22.16510117,178.5996203
United Kingdom ,1923,123940440.00,4162624390.00,0.03,4,20.57355937,185.7908443
United Kingdom ,1924,125579195.00,4271644204.00,0.03,4,18.93533172,179.7036371
United Kingdom ,1925,124803065.00,4410606203.00,0.03,5,18.34044943,173.2584966
United Kingdom ,1926,141138190.00,4255178999.00,0.03,5,18.97217485,179.7327446
United Kingdom ,1927,136603685.00,4500028046.00,0.03,4.5,18.52266233,169.6972757
United Kingdom ,1928,135349460.00,4500230401.00,0.03,4.5,18.62126881,169.4007711
United Kingdom ,1929,352253215.00,4590654925.00,0.08,5,17.86999924,165.6054555
United Kingdom ,1930,346812165.00,4515478798.00,0.08,3,18.75991535,168.0048859
United Kingdom ,1931,347665402.00,4223786063.00,0.08,6,20.19692729,180.6844591
United Kingdom ,1932,346404346.00,4132592802.00,0.08,2,20.15986186,188.9074335
United Kingdom ,1933,356249195.00,4206436489.00,0.08,2,19.34654195,189.8929182
United Kingdom ,1934,367402301.00,4420603523.00,0.08,2,18.22828028,179.4868044
United Kingdom ,1935,377437751.00,4618915095.00,0.08,2,18.07242573,171.0748052
United Kingdom ,1936,399881499.00,4880576242.00,0.08,2,18.10544403,162.0264618
United Kingdom ,1937,455067116.00,5219979899.00,0.09,2,17.92487746,154.9665929
United Kingdom ,1938,474523750.00,5383652819.00,0.09,2,18.42290046,153.4845444
United Kingdom ,1939,472734976.00,5791478319.00,0.08,2,19.00551015,153.4612496
United Kingdom ,1940,531215913.00,7029795827.00,0.08,2,19.97959876,155.5567938
United Kingdom ,1941,603248922.00,8470321049.00,0.07,2,23.6682292,160.0635905
United Kingdom ,1942,749571795.00,9280885326.00,0.08,2,29.47402003,175.7499358
United Kingdom ,1943,917446872.00,9878094668.00,0.09,2,31.30664469,192.9390296
United Kingdom ,1944,1077464198.00,9963707093.00,0.11,2,33.15357396,219.2125862
United Kingdom ,1945,1217141164.00,9696727960.00,0.13,2,34.95586361,241.9965796
United Kingdom ,1946,1323113723.00,9756250981.00,0.14,2,36.27417957,259.0280329
United Kingdom ,1947,1375574579.00,10544029386.00,0.13,2,34.10460905,244.4243472
United Kingdom ,1948,1231610932.00,11581000000.00,0.11,2,36.42172524,219.6876349
United Kingdom ,1949,1228029806.00,12343000000.00,0.10,2,36.87920279,208.6834643
United Kingdom ,1950,1247156890.00,12920000000.00,0.10,2,35.66563467,200.5893963
United Kingdom ,1951,1288980991.00,14508000000.00,0.09,2.5,34.15357044,178.5128894
United Kingdom ,1952,1367027466.00,15759000000.00,0.09,4,32.74953995,165.0548893
United Kingdom ,1953,1464747486.00,16903000000.00,0.09,3.5,30.91758859,156.481098
United Kingdom ,1954,1547887977.00,17833000000.00,0.09,3,30.63982504,150.5425335
United Kingdom ,1955,1658946375.00,19388000000.00,0.09,4.5,30.29709098,139.3271611
United Kingdom ,1956,1787882333.00,21052000000.00,0.08,5.5,28.97586928,128.3286624
United Kingdom ,1957,1873368446.00,22323000000.00,0.08,7,28.91636429,121.7399095
United Kingdom ,1958,1962114543.00,23452000000.00,0.08,4,29.464438,116.5785434
United Kingdom ,1959,2006062831.00,24597000000.00,0.08,4,29.12956865,112.3866732
United Kingdom ,1960,2111915274.00,26412000000.00,0.08,5,27.83204604,106.4752764
United Kingdom ,1961,2205960632.00,28069000000.00,0.08,6,28.54750793,101.7795433
United Kingdom ,1962,2302141403.00,29374000000.00,0.08,4.5,29.77122625,100.614489
United Kingdom ,1963,2309448249.00,31229000000.00,0.07,4,28.72009991,96.48563835
United Kingdom ,1964,2429044275.00,34127000000.00,0.07,7,28.52873092,89.04166789
United Kingdom ,1965,2601417528.00,36906000000.00,0.07,6,29.72145451,84.31149407
United Kingdom ,1966,2778619008.00,39423000000.00,0.07,7,30.67245009,80.72635264
United Kingdom ,1967,2859800000.00,41728000000.00,0.07,8,32.40270322,80.62212423
United Kingdom ,1968,3012500000.00,45809000000.00,0.07,7,33.51961405,74.30090157
United Kingdom ,1969,3132500000.00,49682000000.00,0.06,8,34.84159253,67.03685439
United Kingdom ,1970,3231000000.00,55916000000.00,0.06,7,34.6323056,59.64527148
United Kingdom ,1971,3658000000.00,62640000000.00,0.06,5,32.73467433,56.25878033
United Kingdom ,1972,3663000000.00,70305000000.00,0.05,9,30.84417893,52.09266766
United Kingdom ,1973,4166000000.00,81467000000.00,0.05,13,29.31002737,48.25880418
United Kingdom ,1974,4552000000.00,92227000000.00,0.05,11.5,32.74637579,53.24335607
United Kingdom ,1975,5306000000.00,114541000000.00,0.05,11.25,33.58273457,53.76131691
United Kingdom ,1976,5981000000.00,136172000000.00,0.04,14.25,33.00237934,52.40871839
United Kingdom ,1977,6694000000.00,158786000000.00,0.04,7,32.09791795,49.15389266
United Kingdom ,1978,7652000000.00,184891000000.00,0.04,12.5,30.49850993,46.69724324
United Kingdom ,1979,8843000000.00,219559000000.00,0.04,17,30.60179724,43.63075529
United Kingdom ,1980,9651000000.00,258411000000.00,0.04,14,32.34266343,42.53853358
United Kingdom ,1981,10160000000.00,287850000000.00,0.04,14.375,33.18221296,42.50755602
United Kingdom ,1982,10570000000.00,316698000000.00,0.03,10,33.80349734,41.27252146
United Kingdom ,1983,10910000000.00,348283000000.00,0.03,9.0625,33.21637863,40.43823557
United Kingdom ,1984,11400000000.00,374534000000.00,0.03,9.5,33.40123994,41.02798411
United Kingdom ,1985,11976000000.00,412120000000.00,0.03,11.375,33.15490634,39.09110211
United Kingdom ,1986,11962000000.00,444033000000.00,0.03,10.875,32.15864587,37.48161736
United Kingdom ,1987,12503000000.00,492635000000.00,0.03,8.375,31.1886082,33.99555452
United Kingdom ,1988,13253000000.00,551709000000.00,0.02,12.875,30.71655529,28.48140958
United Kingdom ,1989,14140000000.00,609474000000.00,0.02,14.875,30.43919839,25.00094344
United Kingdom ,1990,14951000000.00,662850000000.00,0.02,13.875,31.11518443,22.82066078
United Kingdom ,1991,15266000000.00,698038000000.00,0.02,10.375,31.58982749,23.21854254
United Kingdom ,1992,15436000000.00,721445000000.00,0.02,6.875,30.91656329,26.73114375
United Kingdom ,1993,16163000000.00,758445000000.00,0.02,5.375,29.73452261,30.97126357
United Kingdom ,1994,17096000000.00,797088000000.00,0.02,6.125,30.36339777,34.92713477
United Kingdom ,1995,18062000000.00,836646000000.00,0.02,6.375,31.23626958,37.48299759
United Kingdom ,1996,19405000000.00,892900000000.00,0.02,5.9375,30.7375966,38.29096203
United Kingdom ,1997,20578000000.00,938855000000.00,0.02,7.25,31.35745136,38.77063018
United Kingdom ,1998,22026000000.00,980308000000.00,0.02,6.25,32.62454249,36.84556282
United Kingdom ,1999,23098000000.00,1021205000000.00,0.02,5.5,33.17355477,35.68333488
United Kingdom ,2000,24918000000.00,1080863000000.00,0.02,6,33.7608004,30.3646253
United Kingdom ,2001,26983000000.00,1120575000000.00,0.02,4,33.40017402,29.34207884
United Kingdom ,2002,29046000000.00,1172652000000.00,0.02,4,32.20222197,30.59731276
United Kingdom ,2003,31033000000.00,1242449000000.00,0.02,3.75,32.1176161,31.40571565
United Kingdom ,2004,33013000000.00,1304874000000.00,0.03,4.75,32.96318265,34.38646183
United Kingdom ,2005,35021000000.00,1379457000000.00,0.03,4.5,33.31470281,35.68070625
United Kingdom ,2006,36793000000.00,1455644000000.00,0.03,5,33.47178294,36.22451643
United Kingdom ,2007,38214000000.00,1530890000000.00,0.02,5.5,33.5723664,36.74333231
United Kingdom ,2008,40933000000.00,1564252000000.00,0.03,2,33.20871573,46.87863592
United Kingdom ,2009,44494000000.00,1519459000000.00,0.03,0.5,32.17625484,61.79172982
United Kingdom ,2010,49486000000.00,1572439000000.00,0.03,0.5,33.30959102,72.30169183
United Kingdom ,2011,51542000000.00,1628274000000.00,0.03,0.5,34.01344,76.19724936
United Kingdom ,2012,54568000000.00,1675044000000.00,0.03,0.5,33.50419452,80.57698783
United Kingdom ,2013,57242000000.00,1739563000000.00,0.03,0.5,34.24549729,83.58421052
United Kingdom ,2014,59391000000.00,1822480000000.00,0.03,0.5,33.26555024,85.37816602
United Kingdom ,2015,64639000000.00,1872714000000.00,0.03,0.5,33.59220895,85.99818232
United Kingdom ,2016,69776000000.00,1939637000000.00,0.04,0.25,34.21109208,87.73806645
Swizerland,1915,409900000.00,4731812485.00,0.09,4.5,,
Swizerland,1916,430300000.00,5923135681.00,0.07,4.5,,
Swizerland,1917,535800000.00,7171560685.00,0.07,4.5,,
Swizerland,1918,733100000.00,8669576190.00,0.08,4.75,,
Swizerland,1919,905800000.00,8841056339.00,0.10,5.32,,
Swizerland,1920,933800000.00,10031939810.00,0.09,5,,
Swizerland,1921,925100000.00,7469795357.00,0.12,4.44,,
Swizerland,1922,817600000.00,6976190691.00,0.12,3.39,,
Swizerland,1923,875000000.00,7571536597.00,0.12,3.47,,
Swizerland,1924,850500000.00,8216593812.00,0.10,4,,
Swizerland,1925,797600000.00,8412364688.00,0.09,3.9,,
Swizerland,1926,769000000.00,8331505655.00,0.09,3.5,,
Swizerland,1927,798800000.00,8688656707.00,0.09,3.5,,
Swizerland,1928,818300000.00,9324424069.00,0.09,3.5,,
Swizerland,1929,855700000.00,9490721065.00,0.09,3.5,,
Swizerland,1930,894000000.00,9336656396.00,0.10,2.89,,
Swizerland,1931,1141000000.00,8982826203.00,0.13,2.03,,
Swizerland,1932,1508400000.00,8098261379.00,0.19,2,,
Swizerland,1933,1440100000.00,7988677447.00,0.18,2,,
Swizerland,1934,1349200000.00,7818618442.00,0.17,2,,
Swizerland,1935,1283000000.00,7412714505.00,0.17,2.33,,
Swizerland,1936,1293900000.00,7401417202.00,0.17,2.3,,
Swizerland,1937,1378400000.00,8525434651.00,0.16,1.5,,
Swizerland,1938,1555400000.00,8400688538.00,0.19,1.5,,
Swizerland,1939,1802300000.00,8786611696.00,0.21,1.5,,
Swizerland,1940,2081900000.00,9828346756.00,0.21,1.5,,
Swizerland,1941,2107800000.00,10727021755.00,0.20,1.5,,
Swizerland,1942,2251400000.00,11592598350.00,0.19,1.5,,
Swizerland,1943,2646500000.00,12194004252.00,0.22,1.5,,
Swizerland,1944,3025100000.00,12630068401.00,0.24,1.5,,
Swizerland,1945,3517600000.00,13445020460.00,0.26,1.5,,
Swizerland,1946,3633200000.00,16432120606.00,0.22,1.5,,
Swizerland,1947,3940600000.00,18325851524.00,0.22,1.5,,
Swizerland,1948,4167900000.00,19015385851.00,0.22,1.5,,
Swizerland,1949,4259900000.00,18192520176.00,0.23,1.5,,
Swizerland,1950,4239600000.00,19192678876.00,0.22,1.5,,
Swizerland,1951,4419500000.00,21885388962.00,0.20,1.5,,
Swizerland,1952,4596200000.00,22164552111.00,0.21,1.5,,
Swizerland,1953,4783600000.00,22708677224.00,0.21,1.5,,
Swizerland,1954,4904000000.00,23967797619.00,0.20,1.5,,
Swizerland,1955,5056800000.00,25943876838.00,0.19,1.5,,
Swizerland,1956,5189700000.00,27653915980.00,0.19,1.5,,
Swizerland,1957,5467200000.00,29607771175.00,0.18,2.13,,
Swizerland,1958,5501200000.00,29489982457.00,0.19,2.5,,
Swizerland,1959,5705300000.00,31939678375.00,0.18,2.08,,
Swizerland,1960,6042400000.00,35927638057.00,0.17,2,,
Swizerland,1961,6672900000.00,46846156800.00,0.14,2,,
Swizerland,1962,7358900000.00,51950571520.00,0.14,2,,
Swizerland,1963,8002800000.00,57126662144.00,0.14,2,,
Swizerland,1964,8638600000.00,63322750976.00,0.14,2.25,,
Swizerland,1965,9179100000.00,67110535168.00,0.14,2.5,,
Swizerland,1966,9566500000.00,72066473984.00,0.13,2.99,,
Swizerland,1967,10013400000.00,77576192000.00,0.13,3.26,,
Swizerland,1968,10577500000.00,82835611648.00,0.13,3,,
Swizerland,1969,11259900000.00,89754304512.00,0.13,3.22,,
Swizerland,1970,11784700000.00,,,3.75,,
Swizerland,1971,12663800000.00,,,3.75,,
Swizerland,1972,14080400000.00,,,3.75,,
Swizerland,1973,15784200000.00,,,4.46,,
Swizerland,1974,17022700000.00,,,5.5,,
Swizerland,1975,17608500000.00,,,4.25,,
Swizerland,1976,17778400000.00,,,2.21,,
Swizerland,1977,18590500000.00,,,1.77,,
Swizerland,1978,19547600000.00,,,1.04,,
Swizerland,1979,21069700000.00,,,1.17,,
Swizerland,1980,21779700000.00,199422266300.00,0.11,2.92,,
Swizerland,1981,21937000000.00,214085978100.00,0.10,4.92,,
Swizerland,1982,22101900000.00,226807838300.00,0.10,5.33,,
Swizerland,1983,22796500000.00,233659906900.00,0.10,4.1,,
Swizerland,1984,23327600000.00,249738515700.00,0.09,4,,
Swizerland,1985,23676700000.00,264792114100.00,0.09,4,,
Swizerland,1986,24030200000.00,277898340500.00,0.09,4,,
Swizerland,1987,24831500000.00,288496654500.00,0.09,2.5,,
Swizerland,1988,25876500000.00,306265992700.00,0.08,3,,
Swizerland,1989,26482500000.00,330580551800.00,0.08,6,,
Swizerland,1990,25948100000.00,358506055400.00,0.07,6,,
Swizerland,1991,26533300000.00,374437171100.00,0.07,7,,
Swizerland,1992,26537700000.00,382225362600.00,0.07,6,,
Swizerland,1993,26925100000.00,390608004800.00,0.07,,,
Swizerland,1994,27440600000.00,400252833700.00,0.07,,,
Swizerland,1995,27633700000.00,405144610900.00,0.07,,,
Swizerland,1996,28320400000.00,407993326800.00,0.07,,,
Swizerland,1997,29086400000.00,415825221100.00,0.07,,,
Swizerland,1998,29640800000.00,427756461400.00,0.07,,,
Swizerland,1999,30905700000.00,435506546000.00,0.07,,,
Swizerland,2000,31643100000.00,459447328300.00,0.07,,,
Swizerland,2001,33168600000.00,470218133600.00,0.07,,,
Swizerland,2002,35231300000.00,469788240400.00,0.07,,,
Swizerland,2003,35765500000.00,475270389100.00,0.08,,,
Swizerland,2004,36292600000.00,490142546800.00,0.07,,,
Swizerland,2005,37106800000.00,508899983600.00,0.07,,,
Swizerland,2006,38174100000.00,540288991000.00,0.07,,,
Swizerland,2007,38989800000.00,576087606400.00,0.07,,,
Swizerland,2008,41405200000.00,600431092900.00,0.07,,,
Swizerland,2009,45362600000.00,589213223100.00,0.08,,,
Swizerland,2010,47135700000.00,608830563500.00,0.08,,,
Swizerland,2011,49335400000.00,621256121200.00,0.08,,,
Swizerland,2012,54831600000.00,626414129400.00,0.09,,,
Swizerland,2013,59735100000.00,638176961000.00,0.09,,,
Swizerland,2014,62697000000.00,649718345000.00,0.10,,,
Swizerland,2015,67411500000.00,654257903700.00,0.10,,,
Swizerland,2016,72255000000.00,660392665200.00,0.11,,,
Swizerland,2017,76507100000.00,668571594300.00,0.11,,,
Swizerland,2018,78997600000.00,689897967500.00,0.11,,,
Australia,1945,362000000.00,,,,,
Australia,1946,396735000.00,,,,,
Australia,1947,404804000.00,,,,,
Australia,1948,390906000.00,,,,,
Australia,1949,425146000.00,5237000000.00,0.08,,,
Australia,1950,462329000.00,7061000000.00,0.07,,,
Australia,1951,549565000.00,7486000000.00,0.07,,,
Australia,1952,603571000.00,8766000000.00,0.07,,,
Australia,1953,656326000.00,9518000000.00,0.07,,,
Australia,1954,686268000.00,9937000000.00,0.07,,,
Australia,1955,723968000.00,10879000000.00,0.07,,,
Australia,1956,743670000.00,11910000000.00,0.06,,,
Australia,1957,761688000.00,12100000000.00,0.06,,,
Australia,1958,773992000.00,12961000000.00,0.06,,,
Australia,1959,789208000.00,14163000000.00,0.06,,,
Australia,1960,836110000.00,15152000000.00,0.06,,,
Australia,1961,831284000.00,15716000000.00,0.05,,,
Australia,1962,847750000.00,16924000000.00,0.05,,,
Australia,1963,861094000.00,18780000000.00,0.05,,,
Australia,1964,864532000.00,20523000000.00,0.04,,,
Australia,1965,862163000.00,21600000000.00,0.04,,,
Australia,1966,849328000.00,23876000000.00,0.04,,,
Australia,1967,938184000.00,25617000000.00,0.04,,,
Australia,1968,1006000000.00,28817000000.00,0.03,,,
Australia,1969,1107418000.00,31803000000.00,0.03,,,
Australia,1970,1215482000.00,35291000000.00,0.03,,,
Australia,1971,1369000000.00,39332000000.00,0.03,,,
Australia,1972,1508000000.00,44709000000.00,0.03,,,
Australia,1973,1767000000.00,52777000000.00,0.03,,,
Australia,1974,2164000000.00,64117000000.00,0.03,,,
Australia,1975,2545000000.00,77018000000.00,0.03,,,
Australia,1976,2921000000.00,88171000000.00,0.03,,,
Australia,1977,3319000000.00,95481000000.00,0.03,,,
Australia,1978,3688000000.00,109569000000.00,0.03,,,
Australia,1979,4113000000.00,124503000000.00,0.03,,,
Australia,1980,4549000000.00,141067000000.00,0.03,,,
Australia,1981,5094000000.00,160674000000.00,0.03,,,
Australia,1982,5837000000.00,173585000000.00,0.03,,,
Australia,1983,6414000000.00,195752000000.00,0.03,,,
Australia,1984,8803633923.00,216296000000.00,0.04,,,
Australia,1985,9671544064.00,241250000000.00,0.04,,,
Australia,1986,10122680671.00,264811000000.00,0.04,,,
Australia,1987,11489988206.00,298984000000.00,0.04,,,
Australia,1988,12962536002.00,334994000000.00,0.04,,,
Australia,1989,13807744810.00,366305000000.00,0.04,,,
Australia,1990,15138206351.00,376500000000.00,0.04,,,
Australia,1991,16069968788.00,391107000000.00,0.04,,,
Australia,1992,16905655303.00,409252000000.00,0.04,,,
Australia,1993,18193593688.00,430153000000.00,0.04,,,
Australia,1994,19473877996.00,453930000000.00,0.04,,,
Australia,1995,20382041496.00,486473000000.00,0.04,,,
Australia,1996,20844753436.00,527599000000.00,0.04,,,
Australia,1997,21911563766.00,555291000000.00,0.04,,,
Australia,1998,24116725861.00,588097000000.00,0.04,,,
Australia,1999,28118264271.00,620141000000.00,0.05,,,
Australia,2000,28469820601.00,661159000000.00,0.04,,,
Australia,2001,33710823271.00,705066000000.00,0.05,,,
Australia,2002,34592097056.00,754253000000.00,0.05,,,
Australia,2003,35789654196.00,800960000000.00,0.04,,,
Australia,2004,37819720225.00,861039000000.00,0.04,,,
Australia,2005,39677544269.00,922371000000.00,0.04,,,
Australia,2006,41980487325.00,996430000000.00,0.04,,,
Australia,2007,44938848935.00,1086593000000.00,0.04,,,
Australia,2008,51709456955.00,1177313000000.00,0.04,,,
Australia,2009,51586376991.00,1260145000000.00,0.04,,,
Australia,2010,53081884806.00,1301211000000.00,0.04,,,
Australia,2011,55816509502.00,1416622000000.00,0.04,,,
Australia,2012,58981695561.00,1499458000000.00,0.04,,,
Australia,2013,63018069692.00,1536307000000.00,0.04,,,
Australia,2014,66854288171.00,1598530000000.00,0.04,,,
Australia,2015,71923858072.00,1624392000000.00,0.04,,,
Australia,2016,75839550963.00,1662337000000.00,0.05,,,
Australia,2017,78193093908.00,1764512000000.00,0.04,,,
Australia,2018,81140288750.00,1847675000000.00,0.04,,,
Japan,1953,643300000000.00,,,,,
Japan,1954,637400000000.00,,,,,
Japan,1955,694900000000.00,,,,,
Japan,1956,812100000000.00,,,,,
Japan,1957,868800000000.00,,,,,
Japan,1958,930800000000.00,,,,,
Japan,1959,1083000000000.00,,,,,
Japan,1960,1296700000000.00,15950643462144.00,0.08,,,
Japan,1961,1549200000000.00,19263102386176.00,0.08,,,
Japan,1962,1821000000000.00,21860286726144.00,0.08,,,
Japan,1963,2145600000000.00,25019327447040.00,0.09,,,
Japan,1964,2418600000000.00,29429642297344.00,0.08,,,
Japan,1965,2697600000000.00,32742100172800.00,0.08,,,
Japan,1966,3065700000000.00,38026105323520.00,0.08,,,
Japan,1967,3602200000000.00,44561476878336.00,0.08,,,
Japan,1968,4283800000000.00,52776386166784.00,0.08,,,
Japan,1969,5098400000000.00,61993511813120.00,0.08,,,
Japan,1970,5897400000000.00,76539307651500.00,0.08,,,
Japan,1971,6803900000000.00,84215883490900.00,0.08,,,
Japan,1972,8785300000000.00,96418343539100.00,0.09,,,
Japan,1973,10658800000000.00,117397596102100.00,0.09,,,
Japan,1974,12293100000000.00,140090360740400.00,0.09,,,
Japan,1975,13311900000000.00,154787118329600.00,0.09,,,
Japan,1976,14774600000000.00,173827764691400.00,0.08,,,
Japan,1977,16244100000000.00,193706278803100.00,0.08,,,
Japan,1978,18576500000000.00,213306268936200.00,0.09,,,
Japan,1979,20001600000000.00,231195355873400.00,0.09,,,
Japan,1980,20327500000000.00,250636100000000.00,0.08,7.25,,
Japan,1981,21258100000000.00,268830700000000.00,0.08,5.5,,
Japan,1982,22580600000000.00,282582000000000.00,0.08,5.5,,
Japan,1983,23772700000000.00,295303900000000.00,0.08,5,,
Japan,1984,25874600000000.00,313145300000000.00,0.08,5,,
Japan,1985,27051600000000.00,333686000000000.00,0.08,5,,
Japan,1986,29549200000000.00,350344800000000.00,0.08,3,,
Japan,1987,31926700000000.00,366339100000000.00,0.09,2.5,,
Japan,1988,35179800000000.00,393641400000000.00,0.09,2.5,,
Japan,1989,40449100000000.00,421469400000000.00,0.10,4.25,,
Japan,1990,43017200000000.00,453608500000000.00,0.09,6,,
Japan,1991,43318300000000.00,482845400000000.00,0.09,4.5,,
Japan,1992,42511000000000.00,495055800000000.00,0.09,3.25,,
Japan,1993,45279300000000.00,495291000000000.00,0.09,1.75,,
Japan,1994,46625500000000.00,501537700000000.00,0.09,1.75,,
Japan,1995,50060000000000.00,512541700000000.00,0.10,0.5,,
Japan,1996,54588700000000.00,525806900000000.00,0.10,0.5,,
Japan,1997,58715400000000.00,534142500000000.00,0.11,0.5,,
Japan,1998,59986400000000.00,527876900000000.00,0.11,0.5,,
Japan,1999,69592000000000.00,519651800000000.00,0.13,0.5,,
Japan,2000,67619700000000.00,526706000000000.00,0.13,0.5,,
Japan,2001,73298000000000.00,523005000000000.00,0.14,0.1,,
Japan,2002,79838300000000.00,515986200000000.00,0.15,0.1,,
Japan,2003,81332200000000.00,515400700000000.00,0.16,0.1,,
Japan,2004,82448300000000.00,520965400000000.00,0.16,0.1,,
Japan,2005,83772800000000.00,524132800000000.00,0.16,0.1,,
Japan,2006,84365200000000.00,526879700000000.00,0.16,0.4,,
Japan,2007,85855100000000.00,531688200000000.00,0.16,0.75,,
Japan,2008,86068700000000.00,520715700000000.00,0.17,0.3,,
Japan,2009,85510600000000.00,489501000000000.00,0.17,0.3,,
Japan,2010,86855600000000.00,500353900000000.00,0.17,0.3,,
Japan,2011,88546500000000.00,491408500000000.00,0.18,0.3,,
Japan,2012,91230800000000.00,494957200000000.00,0.18,0.3,,
Japan,2013,94769600000000.00,503175600000000.00,0.19,0.3,,
Japan,2014,97737900000000.00,513876000000000.00,0.19,0.3,,
Japan,2015,103120000000000.00,531319800000000.00,0.19,0.3,,
Japan,2016,107203400000000.00,535986400000000.00,0.20,0.3,,
Japan,2017,111508100000000.00,545121900000000.00,0.20,0.3,,
Japan,2018,115207500000000.00,548904300000000.00,0.21,0.3,,
Nigeria,1960,154150000.00,2997268700.00,0.05,,,
Nigeria,1961,160190000.00,3190921200.00,0.05,,,
Nigeria,1962,174660000.00,3506715100.00,0.05,,,
Nigeria,1963,183300000.00,3689708800.00,0.05,,,
Nigeria,1964,214710000.00,3966381100.00,0.05,,,
Nigeria,1965,217890000.00,4196100000.00,0.05,,,
Nigeria,1966,236510000.00,4547800000.00,0.05,,,
Nigeria,1967,220950000.00,3716600000.00,0.06,,,
Nigeria,1968,202160000.00,3715000000.00,0.05,,,
Nigeria,1969,273230000.00,4738800000.00,0.06,,,
Nigeria,1970,370400000.00,8961500000.00,0.04,,,
Nigeria,1971,386400000.00,10375400000.00,0.04,,,
Nigeria,1972,414000000.00,11034700000.00,0.04,,,
Nigeria,1973,486300000.00,12251600000.00,0.04,,,
Nigeria,1974,638700000.00,19604000000.00,0.03,,,
Nigeria,1975,1155500000.00,22945400000.00,0.05,,,
Nigeria,1976,1540000000.00,28611400000.00,0.05,,,
Nigeria,1977,2162600000.00,33585000000.00,0.06,,,
Nigeria,1978,2381700000.00,36053000000.00,0.07,,,
Nigeria,1979,2703400000.00,42912000000.00,0.06,,,
Nigeria,1980,3589500000.00,50270000100.00,0.07,,,
Nigeria,1981,4347700000.00,139310502459.00,0.03,,,
Nigeria,1982,4728900000.00,149051215299.00,0.03,,,
Nigeria,1983,5299300000.00,158750180778.00,0.03,,,
Nigeria,1984,5347200000.00,165854199439.00,0.03,,,
Nigeria,1985,5375000000.00,187830606485.00,0.03,,,
Nigeria,1986,5696300000.00,198123157081.00,0.03,,,
Nigeria,1987,6854900000.00,244680214768.00,0.03,,,
Nigeria,1988,10210500000.00,315615326586.00,0.03,,,
Nigeria,1989,10722400000.00,414860860129.00,0.03,,,
Nigeria,1990,16212500000.00,494643670983.00,0.03,,,
Nigeria,1991,25331200000.00,590059736200.00,0.04,,,
Nigeria,1992,39725030000.00,906029290700.00,0.04,,,
Nigeria,1993,62570970000.00,1257174855700.00,0.05,,,
Nigeria,1994,96166500000.00,1768791487400.00,0.05,,,
Nigeria,1995,113940840000.00,3100235093700.00,0.04,,,
Nigeria,1996,126040280000.00,4086065207400.00,0.03,,,
Nigeria,1997,144825100000.00,4418708747600.00,0.03,,,
Nigeria,1998,172377760000.00,4805156414800.00,0.04,,,
Nigeria,1999,208561100000.00,5482354321300.00,0.04,,,
Nigeria,2000,310496300000.00,7062751068400.00,0.04,,,
Nigeria,2001,403505980000.00,8234493679700.00,0.05,,,
Nigeria,2002,463153000000.00,11501450399200.00,0.04,,,
Nigeria,2003,502254500000.00,13556973687800.00,0.04,,,
Nigeria,2004,545803000000.00,18124060020200.00,0.03,,,
Nigeria,2005,642388200000.00,23121878996800.00,0.03,,,
Nigeria,2006,779254200000.00,30375178716600.00,0.03,,,
Nigeria,2007,960774400000.00,34675943737100.00,0.03,,,
Nigeria,2008,1155334600000.00,39954211885800.00,0.03,,,
Nigeria,2009,1181541930000.00,43461458620700.00,0.03,,,
Nigeria,2010,1378134430000.00,54612264176600.00,0.03,,,
Nigeria,2011,1566046440000.00,63134734885000.00,0.02,,,
Nigeria,2012,1631717160000.00,72351452212200.00,0.02,,,
Nigeria,2013,1776413120000.00,81009964620100.00,0.02,,,
Nigeria,2014,1797978870000.00,90136984656200.00,0.02,,,
Nigeria,2015,1857941790000.00,95177735683700.00,0.02,,,
Nigeria,2016,2179174280000.00,102575418034600.00,0.02,,,
Nigeria,2017,2157229650000.00,114899249897700.00,0.02,,,
Nigeria,2018,2329706580000.00,129112625226295.00,0.02,,,
Hong Kong,1960,,7116188200.00,,,,
Hong Kong,1961,,7455000000.00,,,,
Hong Kong,1962,,8687000000.00,,,,
Hong Kong,1963,,10427000000.00,,,,
Hong Kong,1964,,11888000000.00,,,,
Hong Kong,1965,,13953000000.00,,,,
Hong Kong,1966,,14282000000.00,,,,
Hong Kong,1967,,15475000000.00,,,,
Hong Kong,1968,1820530000.00,16533000000.00,0.11,,,
Hong Kong,1969,1927920000.00,19437000000.00,0.10,,,
Hong Kong,1970,2221670000.00,23106000000.00,0.10,,,
Hong Kong,1971,2574110000.00,26681000000.00,0.10,,,
Hong Kong,1972,2912190000.00,32213000000.00,0.09,,,
Hong Kong,1973,3138410000.00,41327000000.00,0.08,,,
Hong Kong,1974,3209000000.00,47240000000.00,0.07,,,
Hong Kong,1975,3652000000.00,49589000000.00,0.07,,,
Hong Kong,1976,4383000000.00,63156000000.00,0.07,,,
Hong Kong,1977,5431000000.00,73284000000.00,0.07,,,
Hong Kong,1978,6548000000.00,85782000000.00,0.08,,,
Hong Kong,1979,7285000000.00,112691000000.00,0.06,,,
Hong Kong,1980,8372000000.00,143619000000.00,0.06,,,
Hong Kong,1981,9826000000.00,173578000000.00,0.06,,,
Hong Kong,1982,11441000000.00,196005000000.00,0.06,,,
Hong Kong,1983,12713000000.00,217281000000.00,0.06,,,
Hong Kong,1984,13273000000.00,261992000000.00,0.05,,,
Hong Kong,1985,16857000000.00,278128000000.00,0.06,,,
Hong Kong,1986,19294000000.00,320525000000.00,0.06,,,
Hong Kong,1987,24764000000.00,394770000000.00,0.06,,,
Hong Kong,1988,29877000000.00,466076000000.00,0.06,,,
Hong Kong,1989,34192000000.00,536558000000.00,0.06,,,
Hong Kong,1990,37693000000.00,599256000000.00,0.06,,,
Hong Kong,1991,42608000000.00,691323000000.00,0.06,,,
Hong Kong,1992,52172000000.00,807130000000.00,0.06,,,
Hong Kong,1993,63354000000.00,931010000000.00,0.07,,,
Hong Kong,1994,67783000000.00,1049610000000.00,0.06,,,
Hong Kong,1995,71335000000.00,1119006000000.00,0.06,,,
Hong Kong,1996,76516000000.00,1235301000000.00,0.06,,,
Hong Kong,1997,80589000000.00,1373083000000.00,0.06,,,
Hong Kong,1998,81174000000.00,1308074000000.00,0.06,,,
Hong Kong,1999,99519000000.00,1285946000000.00,0.08,,,
Hong Kong,2000,91761000000.00,1337501000000.00,0.07,,,
Hong Kong,2001,101627000000.00,1321142000000.00,0.08,,,
Hong Kong,2002,113233885000.00,1297341000000.00,0.09,,,
Hong Kong,2003,127866749000.00,1256669000000.00,0.10,,,
Hong Kong,2004,140803051000.00,1316949000000.00,0.11,,,
Hong Kong,2005,142307209000.00,1412125000000.00,0.10,,,
Hong Kong,2006,150230870000.00,1503351000000.00,0.10,,,
Hong Kong,2007,158013092000.00,1650756000000.00,0.10,,,
Hong Kong,2008,170480133000.00,1707487000000.00,0.10,,,
Hong Kong,2009,194319113000.00,1659245000000.00,0.12,,,
Hong Kong,2010,218805609000.00,1776332000000.00,0.12,,,
Hong Kong,2011,248301569000.00,1934430000000.00,0.13,,,
Hong Kong,2012,281864609000.00,2037059000000.00,0.14,,,
Hong Kong,2013,313878926000.00,2138305000000.00,0.15,,,
Hong Kong,2014,330085633000.00,2260005000000.00,0.15,,,
Hong Kong,2015,349340344000.00,2398280000000.00,0.15,,,
Hong Kong,2016,390469926000.00,2490617000000.00,0.16,,,
Hong Kong,2017,438753729000.00,2662532000000.00,0.16,,,
Hong Kong,2018,466539307000.00,2845317000000.00,0.16,,,
New Zeland,1935,10778000.00,,,,,
New Zeland,1940,28846000.00,,,,,
New Zeland,1945,67630000.00,,,,,
New Zeland,1950,87890000.00,,,,,
New Zeland,1955,120784000.00,,,,,
New Zeland,1960,130938000.00,2818149376.00,0.05,,,
New Zeland,1965,126832000.00,4066656256.00,0.03,,,
New Zeland,1966,124432000.00,4217161728.00,0.03,,,
New Zeland,1967,123686000.00,4373687296.00,0.03,,,
New Zeland,1968,12563000.00,4625532928.00,0.00,,,
New Zeland,1969,8729000.00,5144274944.00,0.00,,,
New Zeland,1970,7638000.00,5914147700.00,0.00,,,
New Zeland,1971,6869000.00,6855000000.00,0.00,,,
New Zeland,1972,6529000.00,7872000000.00,0.00,,,
New Zeland,1973,6333000.00,9201000000.00,0.00,,,
New Zeland,1974,6023000.00,10110000000.00,0.00,,,
New Zeland,1975,5913000.00,11388000000.00,0.00,,,
New Zeland,1976,5851000.00,13964000000.00,0.00,,,
New Zeland,1977,5804000.00,15643000000.00,0.00,,,
New Zeland,1978,5763000.00,17730000000.00,0.00,,,
New Zeland,1979,5703000.00,20696000000.00,0.00,,,
New Zeland,1980,5353000.00,24086000000.00,0.00,,,
New Zeland,1981,5262000.00,29328000000.00,0.00,,,
New Zeland,1982,5223000.00,33178000000.00,0.00,,,
New Zeland,1983,5201000.00,36989000000.00,0.00,,,
New Zeland,1984,5196000.00,41785000000.00,0.00,,,
New Zeland,1985,5190000.00,48249000000.00,0.00,,,
New Zeland,1986,5176000.00,57953000000.00,0.00,,,
New Zeland,1987,5158000.00,65228000000.00,0.00,,,
New Zeland,1988,5142000.00,70137000000.00,0.00,,,
New Zeland,1989,5138000.00,74212000000.00,0.00,,,
New Zeland,1990,5131000.00,76127000000.00,0.00,,,
New Zeland,1991,5131000.00,75967000000.00,0.00,,,
New Zeland,1992,5131000.00,78335000000.00,0.00,,,
New Zeland,1993,5130000.00,84575000000.00,0.00,,,
New Zeland,1994,5124000.00,90600000000.00,0.00,,,
New Zeland,1995,5120000.00,96236000000.00,0.00,,,
New Zeland,1996,5118000.00,101000000000.00,0.00,,,
New Zeland,1997,5112000.00,105000000000.00,0.00,,,
New Zeland,1998,5106000.00,107000000000.00,0.00,,,
New Zeland,1999,5105000.00,113000000000.00,0.00,,,
New Zeland,2000,5102000.00,120000000000.00,0.00,,,
New Zeland,2001,5100000.00,129000000000.00,0.00,,,
New Zeland,2002,5100000.00,135000000000.00,0.00,,,
New Zeland,2003,5100000.00,145000000000.00,0.00,,,
New Zeland,2004,5097000.00,155000000000.00,0.00,,,
New Zeland,2005,5095000.00,163000000000.00,0.00,,,
New Zeland,2006,5095000.00,172000000000.00,0.00,,,
New Zeland,2007,5095000.00,187000000000.00,0.00,,,
New Zeland,2008,5094000.00,190000000000.00,0.00,,,
New Zeland,2009,5094000.00,194000000000.00,0.00,,,
New Zeland,2010,5094000.00,203000000000.00,0.00,,,
New Zeland,2011,5094000.00,213000000000.00,0.00,,,
New Zeland,2012,5093000.00,217000000000.00,0.00,,,
New Zeland,2013,5093000.00,233000000000.00,0.00,,,
New Zeland,2014,5093000.00,242000000000.00,0.00,,,
New Zeland,2015,5090000.00,254000000000.00,0.00,,,
New Zeland,2016,5089596.00,270000000000.00,0.00,,,
New Zeland,2017,5089475.00,285000000000.00,0.00,,,
New Zeland,2018,5089132.00,296000000000.00,0.00,,,
Canada,1961,,42099000000.00,,,,
Canada,1962,,45816000000.00,,,,
Canada,1963,,49302000000.00,,,,
Canada,1964,,54067000000.00,,,,
Canada,1965,,59658000000.00,,,,
Canada,1966,,66810000000.00,,,,
Canada,1967,,71912000000.00,,,,
Canada,1968,,78569000000.00,,,,
Canada,1969,,86518000000.00,,,,
Canada,1970,,91842629900.00,,,,
Canada,1971,,100244826700.00,,,,
Canada,1972,,111940684500.00,,,,
Canada,1973,,131334991400.00,,,,
Canada,1974,,156879706300.00,,,,
Canada,1975,,176823975100.00,,,,
Canada,1976,,203683506500.00,,,,
Canada,1977,,225049528900.00,,,,
Canada,1978,,249394511900.00,,,,
Canada,1979,,284734660500.00,,,,
Canada,1980,11108000000.00,320189893800.00,0.03,,,
Canada,1981,11636000000.00,367121000000.00,0.03,,,
Canada,1982,12719000000.00,386773000000.00,0.03,,,
Canada,1983,14163000000.00,419691000000.00,0.03,,,
Canada,1984,15236000000.00,460243000000.00,0.03,,,
Canada,1985,16672000000.00,498075000000.00,0.03,,,
Canada,1986,17911000000.00,524450000000.00,0.03,,,
Canada,1987,19447000000.00,571926000000.00,0.03,,,
Canada,1988,21032000000.00,624401000000.00,0.03,,,
Canada,1989,22093000000.00,669026000000.00,0.03,,,
Canada,1990,22970000000.00,692997000000.00,0.03,,,
Canada,1991,24481000000.00,699253000000.00,0.04,,,
Canada,1992,25609000000.00,716019000000.00,0.04,,,
Canada,1993,27237000000.00,744608000000.00,0.04,,,
Canada,1994,28329000000.00,789507000000.00,0.04,,,
Canada,1995,28778000000.00,828973000000.00,0.03,,,
Canada,1996,29109000000.00,857023000000.00,0.03,,,
Canada,1997,30542000000.00,903900000000.00,0.03,,,
Canada,1998,32638000000.00,937295000000.00,0.03,,,
Canada,1999,40143000000.00,1004458000000.00,0.04,,,
Canada,2000,36775000000.00,1102383000000.00,0.03,,,
Canada,2001,38821000000.00,1140505000000.00,0.03,,,
Canada,2002,41147000000.00,1189452000000.00,0.03,,,
Canada,2003,42191000000.00,1250317000000.00,0.03,,,
Canada,2004,44241000000.00,1331179000000.00,0.03,,,
Canada,2005,46078000000.00,1417028000000.00,0.03,,,
Canada,2006,48762000000.00,1492207000000.00,0.03,,,
Canada,2007,50565000000.00,1573532000000.00,0.03,,,
Canada,2008,53731000000.00,1652923000000.00,0.03,,,
Canada,2009,55468000000.00,1567365000000.00,0.04,,,
Canada,2010,57874000000.00,1662131000000.00,0.03,,,
Canada,2011,61029000000.00,1769922000000.00,0.03,,,
Canada,2012,63700000000.00,1822808000000.00,0.03,,,
Canada,2013,66616000000.00,1897532000000.00,0.04,,,
Canada,2014,70024000000.00,1990180000000.00,0.04,,,
Canada,2015,75497000000.00,1985827000000.00,0.04,,,
Canada,2016,80479000000.00,2023824000000.00,0.04,,,
Canada,2017,85856000000.00,2137528000000.00,0.04,,,
Canada,2018,90193000000.00,2219061000000.00,0.04,,,
Austria,1870,296.89,3530.70,0.08,5.333,0.100708359,0.000225451
Austria,1871,317.33,3862.44,0.08,5.688,0.092246659,1.81E-06
Austria,1872,318.36,4158.19,0.08,6.083,0.088309011,0.004552048
Austria,1873,358.94,4121.23,0.09,5.25,0.096779794,0.004694282
Austria,1874,293.76,4239.13,0.07,4.594,0.094417464,0.005375677
Austria,1875,286.24,4092.28,0.07,4.354,0.095732406,0.011663688
Austria,1876,295.90,4042.24,0.07,4.125,0.094358032,0.019709631
Austria,1877,282.20,4196.65,0.07,4.125,0.092485726,0.036533661
Austria,1878,288.80,4135.69,0.07,4.083,0.099281281,0.0547224
Austria,1879,316.70,3991.10,0.08,3.542,0.098911504,0.09831192
Austria,1880,328.60,4079.80,0.08,3.188,0.103484704,0.100155865
Austria,1881,354.20,4150.45,0.09,3.552,0.106574734,0.106563169
Austria,1882,368.60,4154.97,0.09,3.76,0.116987134,0.116209151
Austria,1883,380.40,4254.30,0.09,3.729,0.114950051,0.117515455
Austria,1884,375.70,4313.84,0.09,3.667,0.118318046,0.125057287
Austria,1885,363.60,4105.75,0.09,3.313,0.127766057,0.134256461
Austria,1886,371.70,3997.60,0.09,3.292,0.131254654,0.161745176
Austria,1887,391.10,4286.03,0.09,3.583,0.123371307,0.206384978
Austria,1888,425.70,4224.39,0.10,3.563,0.121601724,0.250601448
Austria,1889,434.70,4308.74,0.10,3.729,0.130523949,0.245246752
Austria,1890,445.90,4539.13,0.10,4.094,0.128177649,0.233263628
Austria,1891,455.20,4657.26,0.10,4.068,0.128983326,0.226633617
Austria,1892,478.00,4564.23,0.10,3.682,0.135334586,0.235636937
Austria,1893,486.60,4594.47,0.11,3.807,0.143468545,0.267012938
Austria,1894,507.80,4822.95,0.11,3.594,0.136908956,0.264169244
Austria,1895,619.90,5026.19,0.12,4.203,0.138942928,0.285547928
Austria,1896,659.70,4839.59,0.14,3.859,0.146261904,0.296334461
Austria,1897,699.90,4973.33,0.14,3.714,0.149015237,0.29612913
Austria,1898,737.50,5280.60,0.14,3.974,0.148055931,0.280157232
Austria,1899,729.00,5525.03,0.13,4.833,0.144626107,0.286289693
Austria,1900,1494.00,11049.79,0.14,4.339,0.149707085,0.30556406
Austria,1901,1584.90,11042.47,0.14,3.693,0.152754348,0.327746388
Austria,1902,1635.20,11408.15,0.14,2.745,0.151434229,0.319122007
Austria,1903,1770.80,11684.00,0.15,3.099,0.15044433,0.32192674
Austria,1904,1751.30,12117.86,0.14,3.198,0.148359083,0.319575344
Austria,1905,1847.00,13514.16,0.14,3.396,0.139261443,0.29820802
Austria,1906,1982.00,14287.83,0.14,4.146,0.140573841,0.296983398
Austria,1907,2028.00,15559.21,0.13,4.734,0.144805076,0.29467217
Austria,1908,2112.90,15987.25,0.13,3.854,0.149393094,0.296109742
Austria,1909,2188.00,16357.11,0.13,3.339,0.170916726,0.337752717
Austria,1910,2375.90,16934.12,0.14,3.833,0.170985699,0.408144434
Austria,1911,2541.00,18120.26,0.14,4.13,0.170126275,0.389709021
Austria,1912,2815.80,19394.69,0.15,4.891,0.163617396,0.377049195
Austria,1913,2493.60,19140.80,0.13,5.698,0.182128124,0.390127163
Austria,1925,950.40,10296.00,0.09,,,
Austria,1926,1024.10,10283.00,0.10,,,
Austria,1927,1082.20,11110.00,0.10,,,
Austria,1928,1156.50,11678.00,0.10,,,
Austria,1929,1187.30,12087.00,0.10,,,
Austria,1930,1181.90,11560.00,0.10,,,
Austria,1931,1281.10,10360.00,0.12,,,
Austria,1932,1010.50,9550.00,0.11,,,
Austria,1933,1048.60,9020.00,0.12,,,
Austria,1934,1072.50,8980.00,0.12,,,
Austria,1935,1101.80,9140.00,0.12,,,
Austria,1936,1068.60,9316.00,0.11,,,
Austria,1937,1068.90,9822.00,0.11,,,
Austria,1947,4400.00,27764.00,0.16,,,
Austria,1948,5746.50,32111.00,0.18,,,
Austria,1949,5844.20,41606.00,0.14,,,
Austria,1950,6477.90,51993.00,0.12,,,
Austria,1951,8183.30,69190.00,0.12,,,
Austria,1952,9251.30,80128.00,0.12,,,
Austria,1953,10755.30,82652.00,0.13,,,
Austria,1954,12540.40,93574.00,0.13,,,
Austria,1955,13341.20,107296.00,0.12,,,
Austria,1956,14597.90,119303.00,0.12,,,
Austria,1957,15835.20,132068.00,0.12,,,
Austria,1958,17297.60,137178.00,0.13,,,
Austria,1959,18385.40,145900.00,0.13,,,
Austria,1960,19425.90,162893.00,0.12,,,
Austria,1961,21656.50,180726.00,0.12,,,
Austria,1962,23217.30,192134.00,0.12,,,
Austria,1963,24818.20,207083.00,0.12,,,
Austria,1964,26646.50,226730.00,0.12,,,
Austria,1965,28514.10,246491.00,0.12,,,
Austria,1966,30632.70,268532.00,0.11,,,
Austria,1967,32330.70,285593.00,0.11,,,
Austria,1968,33655.70,306833.00,0.11,,,
Austria,1969,35405.10,335000.00,0.11,,,
Austria,1970,36952.90,375885.00,0.10,,,
Austria,1971,40480.10,419624.00,0.10,,,
Austria,1972,46411.70,479544.00,0.10,,,
Austria,1973,50746.80,543458.00,0.09,,,
Austria,1974,54989.20,618563.00,0.09,,,
Austria,1975,57894.20,656116.00,0.09,,,
Austria,1976,60897.10,724745.00,0.08,,,
Austria,1977,64403.90,843169.00,0.08,,,
Austria,1978,69789.40,891817.00,0.08,,,
Austria,1979,74608.80,978249.00,0.08,,,
Austria,1980,79739.40,1050724.00,0.08,,,
Austria,1981,80925.50,1119680.00,0.07,,,
Austria,1982,83938.50,1203367.00,0.07,,,
Austria,1983,92309.00,1282178.00,0.07,,,
Austria,1984,93723.40,1346333.00,0.07,,,
Austria,1985,94525.20,1420861.00,0.07,,,
Austria,1986,98140.70,1496456.00,0.07,,,
Austria,1987,102853.10,1553728.00,0.07,,,
Austria,1988,108447.90,1629442.00,0.07,,,
Austria,1989,117816.70,1742967.00,0.07,,,
Austria,1990,124716.10,1873265.00,0.07,,,
Austria,1991,133367.20,2008306.00,0.07,,,
Austria,1992,141177.10,2121684.00,0.07,,,
Austria,1993,149753.80,2191666.00,0.07,,,
Austria,1994,158340.50,2300980.00,0.07,,,
Austria,1995,168607.30,2405201.00,0.07,,,
Austria,1996,176727.90,2506201.00,0.07,,,
Austria,1997,178845.90,2591198.00,0.07,,,
Austria,1998,176708.60,2694655.00,0.07,,,
Austria,1999,13328.00,203851.00,0.07,,,
Austria,2000,13934.00,213606.00,0.07,,,
Austria,2001,10172.00,220525.00,0.05,,,
Austria,2002,10238.00,226735.00,0.05,,,
Austria,2003,11691.00,231862.00,0.05,,,
Austria,2004,13416.00,242348.00,0.06,,,
Austria,2005,15128.00,254075.00,0.06,,,
Austria,2006,16815.00,267824.00,0.06,,,
Austria,2007,18053.00,283978.00,0.06,,,
Austria,2008,20297.00,293762.00,0.07,,,
Austria,2009,20640.00,288044.00,0.07,,,
Austria,2010,21492.00,295897.00,0.07,,,
Austria,2011,22687.00,310129.00,0.07,,,
Austria,2012,23298.00,318653.00,0.07,,,
Austria,2013,24497.00,323910.00,0.08,,,
Austria,2014,26237.00,333146.00,0.08,,,
Austria,2015,27795.00,344269.00,0.08,,,
Austria,2016,28893.00,357300.00,0.08,,,
Austria,2017,30035.00,370296.00,0.08,,,
Austria,2018,31585.00,385712.00,0.08,,,
Eurozone,2002,358534839000.00,7600606111800.00,0.05,,,
Eurozone,2003,436130692000.00,7821936450800.00,0.06,,,
Eurozone,2004,501259151000.00,8156128329700.00,0.06,,,
Eurozone,2005,565217276000.00,8448088116800.00,0.07,,,
Eurozone,2006,628242095000.00,8897758624600.00,0.07,,,
Eurozone,2007,676621275000.00,9390885453900.00,0.07,,,
Eurozone,2008,762774832000.00,9625374930600.00,0.08,,,
Eurozone,2009,806411528000.00,9281758016800.00,0.09,,,
Eurozone,2010,839702306000.00,9536667069100.00,0.09,,,
Eurozone,2011,888629021000.00,9795884856700.00,0.09,,,
Eurozone,2012,912593020000.00,9833891833600.00,0.09,,,
Eurozone,2013,956184806000.00,9929096539300.00,0.10,,,
Eurozone,2014,1016538111000.00,10163573555500.00,0.10,,,
Eurozone,2015,1083430316000.00,10516353033800.00,0.10,,,
Eurozone,2016,1126221690000.00,10805998005700.00,0.10,,,
Eurozone,2017,1170726053000.00,11183783040900.00,0.10,,,
Eurozone,2018,1231133049000.00,11543967163900.00,0.11,,,
India,1965,28410000000.00,284000000000.00,0.10,,,
India,1966,31120000000.00,321000000000.00,0.10,,,
India,1967,32890000000.00,376000000000.00,0.09,,,
India,1968,34680000000.00,398000000000.00,0.09,,,
India,1969,37940000000.00,438000000000.00,0.09,,,
India,1970,41600000000.00,468000000000.00,0.09,,,
India,1971,45570000000.00,501000000000.00,0.09,,,
India,1972,50060000000.00,552000000000.00,0.09,,,
India,1973,56800000000.00,672000000000.00,0.08,,,
India,1974,65950000000.00,794000000000.00,0.08,,,
India,1975,67010000000.00,852000000000.00,0.08,,,
India,1976,70530000000.00,918000000000.00,0.08,,,
India,1977,82880000000.00,1040000000000.00,0.08,,,
India,1978,91520000000.00,1130000000000.00,0.08,,,
India,1979,108350000000.00,1240000000000.00,0.09,,,
India,1980,124000000000.00,1470000000000.00,0.08,,,
India,1981,143000000000.00,1730000000000.00,0.08,,,
India,1982,154000000000.00,1930000000000.00,0.08,,,
India,1983,176000000000.00,2250000000000.00,0.08,,,
India,1984,206000000000.00,2520000000000.00,0.08,,,
India,1985,239000000000.00,2850000000000.00,0.08,,,
India,1986,265000000000.00,3180000000000.00,0.08,,,
India,1987,299000000000.00,3620000000000.00,0.08,,,
India,1988,351000000000.00,4290000000000.00,0.08,,,
India,1989,401000000000.00,4930000000000.00,0.08,,,
India,1990,483000000000.00,5760000000000.00,0.08,,,
India,1991,553000000000.00,6620000000000.00,0.08,,,
India,1992,637000000000.00,7610000000000.00,0.08,,,
India,1993,713000000000.00,8760000000000.00,0.08,,,
India,1994,854000000000.00,10300000000000.00,0.08,,,
India,1995,1050000000000.00,12100000000000.00,0.09,,,
India,1996,1230000000000.00,13900000000000.00,0.09,,,
India,1997,1370000000000.00,15500000000000.00,0.09,,,
India,1998,1510000000000.00,17700000000000.00,0.09,,,
India,1999,1760000000000.00,19900000000000.00,0.09,,,
India,2000,1970000000000.00,21400000000000.00,0.09,,,
India,2001,2180000000000.00,23200000000000.00,0.09,,,
India,2002,2510000000000.00,24900000000000.00,0.10,,,
India,2003,2820000000000.00,27900000000000.00,0.10,,,
India,2004,3270000000000.00,31900000000000.00,0.10,,,
India,2005,3690000000000.00,36300000000000.00,0.10,,,
India,2006,4295780500000.00,42500000000000.00,0.10,,,
India,2007,5040000000000.00,49000000000000.00,0.10,,,
India,2008,5910000000000.00,55100000000000.00,0.11,,,
India,2009,6910000000000.00,63700000000000.00,0.11,,,
India,2010,8000000000000.00,76300000000000.00,0.11,,,
India,2011,9500000000000.00,87400000000000.00,0.11,,,
India,2012,10700000000000.00,99400000000000.00,0.11,,,
India,2013,11900000000000.00,112000000000000.00,0.11,,,
India,2014,13000000000000.00,125000000000000.00,0.10,,,
India,2015,14500000000000.00,138000000000000.00,0.11,,,
India,2016,16634632338000.00,154000000000000.00,0.11,,,
Mexico,1985,1888131000.00,50151964000.00,0.04,,,
Mexico,1986,3385042000.00,82317749000.00,0.04,,,
Mexico,1987,8065284000.00,203000000000.00,0.04,,,
Mexico,1988,14522268000.00,413000000000.00,0.04,,,
Mexico,1989,19660245000.00,545000000000.00,0.04,,,
Mexico,1990,27077501000.00,735000000000.00,0.04,,,
Mexico,1991,36171727000.00,945000000000.00,0.04,,,
Mexico,1992,42015433000.00,1120000000000.00,0.04,,,
Mexico,1993,47192859000.00,1560000000000.00,0.03,,,
Mexico,1994,56920386000.00,1780000000000.00,0.03,,,
Mexico,1995,66808632000.00,2310000000000.00,0.03,,,
Mexico,1996,83991071000.00,3120000000000.00,0.03,,,
Mexico,1997,108736000000.00,3960000000000.00,0.03,,,
Mexico,1998,131109000000.00,4810000000000.00,0.03,,,
Mexico,1999,188718000000.00,5740000000000.00,0.03,,,
Mexico,2000,208880000000.00,6690000000000.00,0.03,,,
Mexico,2001,225223000000.00,7070000000000.00,0.03,,,
Mexico,2002,263937000000.00,7460000000000.00,0.04,,,
Mexico,2003,303614000000.00,7870000000000.00,0.04,,,
Mexico,2004,340178000000.00,8830000000000.00,0.04,,,
Mexico,2005,380034000000.00,9560000000000.00,0.04,,,
Mexico,2006,449821000000.00,10600000000000.00,0.04,,,
Mexico,2007,494743000000.00,11500000000000.00,0.04,,,
Mexico,2008,577542000000.00,12400000000000.00,0.05,,,
Mexico,2009,631938000000.00,12200000000000.00,0.05,,,
Mexico,2010,693423000000.00,13400000000000.00,0.05,,,
Mexico,2011,763491000000.00,14700000000000.00,0.05,,,
Mexico,2012,845396000000.00,15800000000000.00,0.05,,,
Mexico,2013,917875000000.00,16300000000000.00,0.06,,,
Mexico,2014,1062890000000.00,17500000000000.00,0.06,,,
Mexico,2015,1239330000000.00,18600000000000.00,0.07,,,
Mexico,2016,1419750000000.00,20100000000000.00,0.07,,,
Mexico,2017,1542610000000.00,21900000000000.00,0.07,,,
Mexico,2018,1673210000000.00,23500000000000.00,0.07,,,
Germany,1980,42900000000.00,,,,,
Germany,1981,43000000000.00,,,,,
Germany,1982,45300000000.00,,,,,
Germany,1983,49300000000.00,,,,,
Germany,1984,51000000000.00,,,,,
Germany,1985,53100000000.00,,,,,
Germany,1986,57300000000.00,,,,,
Germany,1987,63400000000.00,,,,,
Germany,1988,72900000000.00,,,,,
Germany,1989,75600000000.00,,,,,
Germany,1990,81100000000.00,,,,,
Germany,1991,87800000000.00,1590000000000.00,,,,
Germany,1992,103000000000.00,1700000000000.00,,,,
Germany,1993,108000000000.00,1750000000000.00,,,,
Germany,1994,115000000000.00,1830000000000.00,,,,
Germany,1995,121000000000.00,1890000000000.00,,,,
Germany,1996,126000000000.00,1920000000000.00,,,,
Germany,1997,126000000000.00,1960000000000.00,,,,
Germany,1998,124000000000.00,2010000000000.00,,,,
Germany,1999,131000000000.00,2060000000000.00,,,,
Germany,2000,126000000000.00,2110000000000.00,,,,
Germany,2001,68000000000.00,2170000000000.00,,,,
Germany,2002,94200000000.00,2200000000000.00,,,,
Germany,2003,108000000000.00,2210000000000.00,,,,
Germany,2004,126000000000.00,2260000000000.00,,,,
Germany,2005,143000000000.00,2290000000000.00,,,,
Germany,2006,160000000000.00,2390000000000.00,,,,
Germany,2007,172000000000.00,2500000000000.00,,,,
Germany,2008,195000000000.00,2550000000000.00,,,,
Germany,2009,191000000000.00,2450000000000.00,,,,
Germany,2010,200000000000.00,2560000000000.00,,,,
Germany,2011,213000000000.00,2690000000000.00,,,,
Germany,2012,216000000000.00,2750000000000.00,,,,
Germany,2013,227000000000.00,2810000000000.00,,,,
Germany,2014,230000000000.00,2930000000000.00,,,,
Germany,2015,244000000000.00,3030000000000.00,,,,
Germany,2016,248000000000.00,3130000000000.00,,,,
Germany,2017,253000000000.00,3240000000000.00,,,,
Germany,2018,260000000000.00,3340000000000.00,,,,