Data Source,World Development Indicators,,,,,,,,,,,,,,,,,,,,,,,,,,,,,,,,,,,,,,,,,,,,,,,,,,,,,,,,,,,,,,
,,,,,,,,,,,,,,,,,,,,,,,,,,,,,,,,,,,,,,,,,,,,,,,,,,,,,,,,,,,,,,,
Last Updated Date,10/28/19,,,,,,,,,,,,,,,,,,,,,,,,,,,,,,,,,,,,,,,,,,,,,,,,,,,,,,,,,,,,,,
,,,,,,,,,,,,,,,,,,,,,,,,,,,,,,,,,,,,,,,,,,,,,,,,,,,,,,,,,,,,,,,
Country Name,Country Code,Indicator Name,Indicator Code,1960,1961,1962,1963,1964,1965,1966,1967,1968,1969,1970,1971,1972,1973,1974,1975,1976,1977,1978,1979,1980,1981,1982,1983,1984,1985,1986,1987,1988,1989,1990,1991,1992,1993,1994,1995,1996,1997,1998,1999,2000,2001,2002,2003,2004,2005,2006,2007,2008,2009,2010,2011,2012,2013,2014,2015,2016,2017,2018,2019
Aruba,ABW,Tax revenue (% of GDP),GC.TAX.TOTL.GD.ZS,,,,,,,,,,,,,,,,,,,,,,,,,,,,,,,,,,,,,,,,,,,,,,,,,,,,,,,,,,,,
Afghanistan,AFG,Tax revenue (% of GDP),GC.TAX.TOTL.GD.ZS,,,,,,,,,,,,,,,,,,,,,,,,,,,,,,,,,,,,,,,,,,,,,,,6.967597575,5.283456604,6.08796493,8.481758361,9.169751919,8.916793996,7.707800603,7.12277329,6.882102943,7.585382331,8.842616158,9.250468049,,
Angola,AGO,Tax revenue (% of GDP),GC.TAX.TOTL.GD.ZS,,,,,,,,,,,,,,,,,,,,,,,,,,,,,,,,,,,,,,,,16.29397166,28.70338216,29.24667572,15.53281183,17.17157991,18.07456616,17.10911781,23.38516999,21.49916056,25.65014974,18.36108008,16.59994635,16.10341268,14.82271932,14.18476314,13.54263016,11.00201914,9.732512234,9.223777454,,
Albania,ALB,Tax revenue (% of GDP),GC.TAX.TOTL.GD.ZS,,,,,,,,,,,,,,,,,,,,,,,,,,,,,,,,,,,,13.6007883,8.861715246,9.904829782,14.56892858,,,,16.48423498,17.19614992,17.96508682,,,,,,,18.02201328,17.48323356,16.50327061,18.30193614,18.51578986,17.59022981,18.87974841,,
Andorra,AND,Tax revenue (% of GDP),GC.TAX.TOTL.GD.ZS,,,,,,,,,,,,,,,,,,,,,,,,,,,,,,,,,,,,,,,,,,,,,,,,,,,,,,,,,,,,
Arab World,ARB,Tax revenue (% of GDP),GC.TAX.TOTL.GD.ZS,,,,,,,,,,,,,,,,,,,,,,,,,,,,,,,,,,,,,,,,,,,,,,,,,,,,6.155689638,6.090189293,,5.150322984,5.316772027,,,,
United Arab Emirates,ARE,Tax revenue (% of GDP),GC.TAX.TOTL.GD.ZS,,,,,,,,,,,,,,,,,,,,,,,,,,,,,,,,,,,,,,0.992336344,1.075872392,1.122447005,,,,,,,,,,,,0.321413865,0.36378634,0.370450572,0.35572315,0.057734024,0.043494701,0.066983606,,
Argentina,ARG,Tax revenue (% of GDP),GC.TAX.TOTL.GD.ZS,,,,,,,,,,,,,,,,,,,,,,,,,,,,,,,4.838513147,5.008236547,5.547922134,8.015138006,8.126437228,8.054357652,8.171787775,8.690086356,9.030526186,9.076124336,9.622603502,9.324898794,9.818958347,12.5187797,13.1007799,13.10317565,12.8788867,12.44826845,13.31784636,12.38304156,12.85304269,12.6636277,12.95284151,12.45290276,12.61096661,12.33650694,12.09728364,10.95550149,,
Armenia,ARM,Tax revenue (% of GDP),GC.TAX.TOTL.GD.ZS,,,,,,,,,,,,,,,,,,,,,,,,,,,,,,,,,,,,,,,,,,,,,13.99640565,14.33566341,14.39598656,15.96253173,17.32175873,16.50586323,17.0700514,17.21941905,17.49164208,21.58621388,21.59917455,20.93122083,21.27737528,20.78065336,,
American Samoa,ASM,Tax revenue (% of GDP),GC.TAX.TOTL.GD.ZS,,,,,,,,,,,,,,,,,,,,,,,,,,,,,,,,,,,,,,,,,,,,,,,,,,,,,,,,,,,,
Antigua and Barbuda,ATG,Tax revenue (% of GDP),GC.TAX.TOTL.GD.ZS,,,,,,,,,,,,,,,,,,,,,,,,,,,,,,,,,,,,,,,,,,,,,,,,,,,,,,,,,,,,
Australia,AUS,Tax revenue (% of GDP),GC.TAX.TOTL.GD.ZS,,,,,,,,,,,,,17.86709828,17.04390126,18.08468277,19.90190981,20.32823125,20.56227491,20.43271064,19.79727963,20.44129025,21.49293757,21.61603508,21.74437108,21.04340654,22.54344116,22.60972479,23.26482468,23.17840515,22.69036748,22.47704605,22.37467821,20.68138616,20.01858438,20.04474475,21.21431474,21.92915453,22.43094161,22.27200615,22.47521128,23.07689981,24.82193156,23.52831212,24.32406113,24.33803811,24.84119731,24.60965647,24.11013139,24.26364102,22.0609533,20.53172007,20.33471173,21.19859309,22.02482967,21.98970304,22.002263,22.25264793,22.08996028,,
Austria,AUT,Tax revenue (% of GDP),GC.TAX.TOTL.GD.ZS,,,,,,,,,,,,,17.88878555,18.19695085,18.39734099,18.01092541,17.86233238,17.99929309,18.77754986,18.55011641,18.5780047,18.94982574,18.19042046,18.03258877,18.96407744,18.10378406,17.97233671,17.72008411,18.56280078,17.80575181,17.98108328,18.16717858,18.92048054,18.93545576,18.34557306,24.60010617,25.94003601,26.79771217,26.88984546,26.6278222,26.22507988,27.96557199,26.97550032,26.64696993,26.30867249,25.51395546,25.05044256,25.39199432,26.07751972,25.22516524,25.28163551,25.42798528,25.92819764,26.41517309,26.41789831,26.82700277,25.51657449,25.38010561,,
Azerbaijan,AZE,Tax revenue (% of GDP),GC.TAX.TOTL.GD.ZS,,,,,,,,,,,,,,,,,,,,,,,,,,,,,,,,,,,25.55916733,17.95407255,9.85045744,10.69380996,12.679335,12.73345872,,,,,,,,,16.42117537,14.10670899,12.15777699,12.22476095,12.77863937,13.38833316,14.21253565,15.60313423,14.55551657,13.16404551,,
Burundi,BDI,Tax revenue (% of GDP),GC.TAX.TOTL.GD.ZS,,,,,,,,,,,,,,10.34690886,10.67691572,8.855990613,11.36892511,13.47857673,14.96532248,14.09448674,13.00507156,11.60934802,,,,,,,,,,15.14266298,15.12278396,14.92891631,15.61605477,16.67820658,13.43899658,11.42036173,14.34765867,13.59744181,,,,,,,,,,,,,,,,,,,,
Belgium,BEL,Tax revenue (% of GDP),GC.TAX.TOTL.GD.ZS,,,,,,,,,,,,,,,,,,,,,,,,,,,,,,,,,,,,25.48599868,25.83036032,26.34749857,26.94690937,26.79739258,27.07979955,26.64002643,25.54322595,24.94918385,25.37628368,25.35331231,25.17081106,24.70989593,25.0875049,23.6206033,24.33288916,24.71130129,25.7045353,26.19038395,26.24864217,24.62727683,23.06992834,23.66287205,,
Benin,BEN,Tax revenue (% of GDP),GC.TAX.TOTL.GD.ZS,,,,,,,,,,,,,,,,,13.05749474,12.97267119,12.26007922,10.78914255,,,,,,,,,,,,,,,,,,,,,,,,,,,,,,,,,,,,,,,,
Burkina Faso,BFA,Tax revenue (% of GDP),GC.TAX.TOTL.GD.ZS,,,,,,,,,,,,,,,,,,,,,,,,,,,,,,,,,,,,,,,,,,,10.86615802,11.0910164,12.69900946,11.75281559,12.12247543,12.68569583,11.86432722,12.51525022,12.7204265,13.74683271,15.62609967,16.8171059,15.37169965,15.07492976,16.65659041,17.42699888,,
Bangladesh,BGD,Tax revenue (% of GDP),GC.TAX.TOTL.GD.ZS,,,,,,,,,,,,,,,,,,,,,,,,,,,,,,,,,,,,,,,,,,6.611160271,6.691384191,6.965213904,7.046448418,7.135670039,7.043304058,6.917262669,7.656029883,7.498116263,7.834684749,8.685924706,9.02456269,8.962413316,8.635377737,8.498348828,8.765027652,,,
Bulgaria,BGR,Tax revenue (% of GDP),GC.TAX.TOTL.GD.ZS,,,,,,,,,,,,,,,,,,,,,,,,,,,,,,,23.83312845,22.33382461,16.90338645,15.21378387,21.23896499,12.33496333,13.80767634,14.92163528,16.23058295,17.00384837,17.15913176,17.27190335,15.41408085,19.92464113,21.21665639,20.46719041,21.11192974,22.88226869,22.17890096,19.03347085,18.45090429,17.7392303,18.97682483,19.89304364,19.5253152,20.20137126,20.04102943,20.08552441,,
Bahrain,BHR,Tax revenue (% of GDP),GC.TAX.TOTL.GD.ZS,,,,,,,,,,,,,,,,,,,,,3.445298333,3.757956899,4.136270791,5.404443179,5.713312904,5.891777729,6.430251808,5.315979717,4.877523166,5.17656777,5.187374245,5.041193755,5.39072996,5.349562727,5.173401874,4.796762972,5.042932705,5.097809027,5.664272504,5.013055032,3.732774434,4.103637924,3.564633895,3.306810726,4.216838363,,,,,,,,,,,,,,,
Bahamas,BHS,Tax revenue (% of GDP),GC.TAX.TOTL.GD.ZS,,,,,,,,,,,,,,,,,,,,,,,,,,,,,,,13.86291851,13.63799997,15.43261499,15.39456662,16.71678429,17.34616506,17.04904406,10.39523969,9.972501983,10.32367804,10.67868759,9.859542693,8.999094713,9.288519057,9.428334156,10.00170798,11.24833165,11.35886589,12.12136614,11.25206873,10.87690278,12.87831229,11.90844643,11.43762468,11.36726201,12.72396394,14.15882522,15.10097643,,
Bosnia and Herzegovina,BIH,Tax revenue (% of GDP),GC.TAX.TOTL.GD.ZS,,,,,,,,,,,,,,,,,,,,,,,,,,,,,,,,,,,,,,,,,,,,,,19.88609239,21.68995499,21.39426966,20.30211318,18.94628629,19.68567609,20.30566528,20.47753979,19.75154464,19.77790156,19.9342164,19.95149151,20.25933741,,
Belarus,BLR,Tax revenue (% of GDP),GC.TAX.TOTL.GD.ZS,,,,,,,,,,,,,,,,,,,,,,,,,,,,,,,,,20.54347826,26.63959391,24.75018266,19.88764693,18.79977481,20.73459095,17.11232894,16.67247619,16.6247345,15.75466424,14.20103832,17.68812191,18.3713469,20.14965628,22.22309662,23.72669873,25.35338921,18.62947063,15.92008762,14.50907256,14.66297503,13.35496285,12.69772453,14.17309447,13.78823561,13.01900561,,
Belize,BLZ,Tax revenue (% of GDP),GC.TAX.TOTL.GD.ZS,,,,,,,,,,,,,,,,,,,,,,,,,,,,,,,21.45617769,20.71097425,19.93558572,19.52190577,19.91611802,18.75293079,19.5388471,19.65523146,19.69840163,17.40151093,17.82759422,18.70201498,19.29978478,19.17432106,19.6634102,21.3042923,21.78456693,22.92307216,21.6991117,22.51041497,23.60310144,22.57244446,22.51092078,23.37237917,25.08687219,24.51999099,25.59086177,25.97005649,,
Bermuda,BMU,Tax revenue (% of GDP),GC.TAX.TOTL.GD.ZS,,,,,,,,,,,,,,,,,,,,,,,,,,,,,,,,,,,,,,,,,,,,,,,,,,,,,,,,,,,,
Bolivia,BOL,Tax revenue (% of GDP),GC.TAX.TOTL.GD.ZS,,,,,,,,,,,,,,,,,,,,,,,,,,8.258112941,8.02206271,7.993788662,7.280551571,7.094742942,7.23622456,7.932729699,8.899788616,9.516345517,10.04546839,9.722329464,12.29385246,12.62034606,13.54652906,12.03978514,12.3308029,11.78254596,13.18410486,12.97300023,15.01634882,16.21516419,16.81616822,16.9648658,,,,,,,,,,,,
Brazil,BRA,Tax revenue (% of GDP),GC.TAX.TOTL.GD.ZS,,,,,,,,,,,,,,,,,,,,,12.11338741,12.22892747,11.87154101,12.536462,10.30843258,10.56762864,10.83888428,10.09747096,9.830105077,9.930851062,12.00912428,9.529726486,9.733795399,10.50015032,11.64282051,,,10.19550483,11.9522879,13.16767827,13.77485584,14.55976349,15.7200793,15.24438358,15.75277073,16.5289705,15.38131159,15.77553383,15.49281373,14.41753153,13.62344738,14.22012315,13.65145753,13.44169278,12.76168468,12.82486326,12.77294815,12.70473972,,
Barbados,BRB,Tax revenue (% of GDP),GC.TAX.TOTL.GD.ZS,,,,,,,,,,,,,,,,,,,,,,,,,,,,,,,,,,,,,,,,,,,,24.73968273,25.26213951,26.20104944,25.53288097,25.96947789,25.44473978,24.63494329,24.71347605,25.93406288,24.22759402,23.39379334,23.9660927,26.11659204,,,,
Brunei Darussalam,BRN,Tax revenue (% of GDP),GC.TAX.TOTL.GD.ZS,,,,,,,,,,,,,,,,,,,,,,,,,,,,,,,,,,,,,,,,,,,,,,,,,,,,,,,,,,,,
Bhutan,BTN,Tax revenue (% of GDP),GC.TAX.TOTL.GD.ZS,,,,,,,,,,,,,,,,,,,,,,,5.429695452,6.278334723,7.208049425,6.379291852,6.753702397,,5.970227521,5.191277127,4.41394271,4.952478019,5.048772651,6.233570391,5.924630112,6.6117056,7.530244676,6.538898393,8.013737704,7.015197896,10.01785033,8.527339576,9.249166293,9.365507829,7.682696858,8.346577891,9.030990682,7.51946727,8.41593234,9.235527025,13.14329652,13.50757775,14.70414816,14.37788345,13.2146602,12.75611754,12.49202496,12.03019512,,
Botswana,BWA,Tax revenue (% of GDP),GC.TAX.TOTL.GD.ZS,,,,,,,,,,,,,,,,,,,,,,,,,,,,,,,27.50161294,25.55719349,27.84554007,23.68479922,19.91674392,16.76579585,14.93710789,,,,,,,,,,26.93255733,25.71281584,27.37420135,27.28605335,23.60443208,23.66745472,27.11535993,25.60989266,25.79128205,24.68749465,20.85071443,22.14413374,,
Central African Republic,CAF,Tax revenue (% of GDP),GC.TAX.TOTL.GD.ZS,,,,,,,,,,,,,,,,,,,,,,,,,,,,,,,,,,,,,,,,,,,,,6.211979957,,,,8.28435089,7.908503384,8.407892197,7.540403624,8.172377281,,1.778666635,5.821059757,6.93594314,,,
Canada,CAN,Tax revenue (% of GDP),GC.TAX.TOTL.GD.ZS,,,,,,,,,,,,,,,,,,,,,,,,,,,,,,,14.16312048,14.4495626,14.35716091,13.69687137,13.11451323,13.3295053,13.92401371,14.61599734,14.71916526,14.75054208,14.90734164,14.23159039,13.42525802,13.27575327,13.39031039,13.34214991,13.38728474,13.36941352,12.42102627,12.33554405,11.76044487,11.83153834,11.69256444,11.65239901,11.83636656,12.41860444,12.45503562,12.52123949,12.85025513,
Central Europe and the Baltics,CEB,Tax revenue (% of GDP),GC.TAX.TOTL.GD.ZS,,,,,,,,,,,,,,,,,,,,,,,,,,,,,,,,,,,20.66769749,20.35411241,19.6427644,19.33894888,19.27281207,18.48143934,17.92855823,17.19676599,17.36477651,17.74237855,17.36240247,17.50709204,17.75265558,18.28804758,18.10014585,16.70171419,16.97584183,17.13997719,17.15357546,17.13847391,17.10602735,17.55702302,17.62239734,17.63260184,,
Switzerland,CHE,Tax revenue (% of GDP),GC.TAX.TOTL.GD.ZS,,,,,,,,,,,,,,,,,,,,,7.509693014,7.525481184,7.827330895,7.863137602,8.025193849,7.900915052,8.557086004,8.204254583,8.587306664,8.058247787,8.093884386,7.850519626,8.014187019,7.388247864,7.922784785,8.004037549,8.442040011,8.418192142,9.392100659,9.037787214,10.20461941,9.210830796,9.19319936,9.190743119,9.223924063,9.429327005,9.521761742,9.359673913,9.912922452,9.681537369,9.719225458,9.651738909,9.520371529,9.602815894,9.401768206,9.8416036,9.747283671,10.4934186,,
Channel Islands,CHI,Tax revenue (% of GDP),GC.TAX.TOTL.GD.ZS,,,,,,,,,,,,,,,,,,,,,,,,,,,,,,,,,,,,,,,,,,,,,,,,,,,,,,,,,,,,
Chile,CHL,Tax revenue (% of GDP),GC.TAX.TOTL.GD.ZS,,,,,,,,,,,,,16.22327115,17.4205001,16.33795193,20.6011544,18.39775425,18.75577342,18.68081482,17.9453589,19.04662355,20.12058615,19.75349856,18.84345471,20.0281873,18.13121158,17.97950397,16.80831626,14.37403174,13.94036449,13.30738435,15.22796307,15.74288974,16.31458996,15.62474421,15.10075395,16.17060719,15.92535405,15.85207689,15.17975701,16.15269282,16.03355182,16.20169514,15.94896337,16.40223152,18.02512363,19.49190685,20.25693262,18.71185961,14.5230955,17.3565144,18.85899085,18.99486687,17.3869727,16.9701562,17.44376183,17.39631147,17.41872002,,
China,CHN,Tax revenue (% of GDP),GC.TAX.TOTL.GD.ZS,,,,,,,,,,,,,,,,,,,,,,,,,,,,,,,,,,,,,,,,,,,,,,8.569243858,9.057253983,9.771406923,10.10142693,10.30944303,10.21204751,10.31279448,10.2567678,9.907733077,9.713067852,9.416086828,9.20099957,,,
Cote d'Ivoire,CIV,Tax revenue (% of GDP),GC.TAX.TOTL.GD.ZS,,,,,,,,,,,,,,,,,,,,,,,,,,,,,,,18.01090743,,,,,18.81907459,,,,,,14.31030335,14.63369618,13.3776189,14.19479364,13.88408806,14.65785867,15.05841675,15.05350275,14.59903171,14.32551466,10.93161991,14.39046854,14.54269745,13.97364016,15.44802829,15.70656503,16.18321331,,
Cameroon,CMR,Tax revenue (% of GDP),GC.TAX.TOTL.GD.ZS,,,,,,,,,,,,,,,,,,,,,,,,,,,,,,,9.76735862,8.905155245,9.753700886,7.297624028,6.332247723,7.789029331,,,10.11252313,10.48617806,,,,,,,,,,,,,11.75459417,12.01041469,12.77587041,12.61280732,12.06988655,12.24545233,,
Congo DR,COD,Tax revenue (% of GDP),GC.TAX.TOTL.GD.ZS,,,,,,,,,,,,,9.375919042,9.43446478,10.50315947,8.032897554,6.109294845,6.223399336,5.48574084,7.219107393,8.115150604,7.405317757,6.982668716,7.04959166,8.315511677,10.10003836,8.707175337,8.745043787,9.320710132,10.7040628,,,,,,,,,,,,,,,,,,,,,,,,,,,,,,
"Congo, Rep.",COG,Tax revenue (% of GDP),GC.TAX.TOTL.GD.ZS,,,,,,,,,,,,,,,,,,,,,,,,,,,,,,,,,,,,,,,,,,9.070936874,8.142904651,8.647504676,7.813594406,6.211754555,5.523672884,6.297847296,5.769274586,8.301704858,7.551216727,8.794722634,9.415221494,10.99299983,12.09352171,17.71580737,15.07745321,,,
Colombia,COL,Tax revenue (% of GDP),GC.TAX.TOTL.GD.ZS,,,,,,,,,,,,,,,,,,,,,,,,,,,,,,,,,,,,,,,13.74373215,13.47692128,11.21975419,,,11.25882686,,,,,13.05717289,12.66997734,12.16166442,14.59722865,13.23937265,14.03127662,15.69974837,15.79726266,14.9553969,15.19461717,,
Comoros,COM,Tax revenue (% of GDP),GC.TAX.TOTL.GD.ZS,,,,,,,,,,,,,,,,,,,,,,,,,,,,,,,,,,,,,,,,,,,,,,,,,,,,,,,,,,,,
Cabo Verde,CPV,Tax revenue (% of GDP),GC.TAX.TOTL.GD.ZS,,,,,,,,,,,,,,,,,,,,,,,,,,,,,,,,,,,,,,,,,,,,,,21.07697136,22.74444386,20.90676315,21.28379768,18.42064171,18.44614056,19.7309446,17.88198499,17.83930625,17.05275837,18.7780858,18.60381766,20.05367447,,
Costa Rica,CRI,Tax revenue (% of GDP),GC.TAX.TOTL.GD.ZS,,,,,,,,,,,,,11.44136907,12.49704782,13.620164,12.43707088,12.1882799,12.3050282,12.65156228,11.8839706,11.61681397,12.38120078,12.65574835,15.21876982,14.71680728,13.27305302,13.25739833,14.43415782,14.70223261,13.70475078,13.05733465,10.62663018,12.02633088,12.09277299,11.64091362,12.31429725,12.70825619,12.67600016,12.88681993,13.18856959,12.89477953,13.41377052,13.42806575,13.64479512,13.41778747,13.69854319,13.91075261,14.93464546,15.32646268,13.26216038,13.08808511,13.36523403,13.31919766,13.74171499,13.41665899,13.65709299,13.91010125,13.77717057,,
Caribbean small states,CSS,Tax revenue (% of GDP),GC.TAX.TOTL.GD.ZS,,,,,,,,,,,,,,,,,,,,,,,,,,,,,,,,,,,,,,,,,,19.4742764,18.7816529,20.25253675,20.68413541,22.51890096,24.54509446,22.99637667,24.55631802,23.29510937,22.76957138,22.7150027,22.91832998,22.4079484,23.09821618,23.50231574,,,,
Cuba,CUB,Tax revenue (% of GDP),GC.TAX.TOTL.GD.ZS,,,,,,,,,,,,,,,,,,,,,,,,,,,,,,,,,,,,,,,,,,,,,,,,,,,,,,,,,,,,
Curacao,CUW,Tax revenue (% of GDP),GC.TAX.TOTL.GD.ZS,,,,,,,,,,,,,,,,,,,,,,,,,,,,,,,,,,,,,,,,,,,,,,,,,,,,,,,,,,,,
Cayman Islands,CYM,Tax revenue (% of GDP),GC.TAX.TOTL.GD.ZS,,,,,,,,,,,,,,,,,,,,,,,,,,,,,,,,,,,,,,,,,,,,,,,,,,,,,,,,,,,,
Cyprus,CYP,Tax revenue (% of GDP),GC.TAX.TOTL.GD.ZS,,,,,,,,,,,,,,,,13.38910416,12.12039578,13.23091413,13.5794674,14.19974579,14.78758357,13.79337865,14.24138954,15.40599949,16.13204632,16.55646917,16.70123085,16.33131155,17.38664219,18.35703743,30.80590284,29.01243177,30.86814909,33.24434306,35.54473205,31.49810558,30.48481574,29.24650378,31.2949457,32.20188648,35.53317152,36.38576429,36.61749147,37.61498585,37.29678604,39.58565304,41.53925274,48.56341892,46.05431067,23.25162945,23.24722234,23.29889342,23.34153595,23.41336976,24.56391205,24.12766355,23.99757709,24.52682471,,
Czech Republic,CZE,Tax revenue (% of GDP),GC.TAX.TOTL.GD.ZS,,,,,,,,,,,,,,,,,,,,,,,,,,,,,,,,,,18.8647223,16.75560545,16.3390898,15.38786433,15.17936413,14.43578028,14.94012933,14.51693772,14.80355362,14.61554927,15.05549779,15.49079755,14.36541844,14.08293332,14.50234459,13.44185569,13.36082326,13.44956068,14.31395809,14.68783067,14.94643408,14.17155545,14.55582215,14.67547122,14.87735838,,
Germany,DEU,Tax revenue (% of GDP),GC.TAX.TOTL.GD.ZS,,,,,,,,,,,,,10.82506092,10.96086611,10.51500995,10.08302773,10.20896071,10.53070957,10.53311266,10.41930126,10.32161956,10.09493194,9.831625343,9.787434645,10.22956262,10.23570846,9.975626997,10.12293532,9.853756441,10.28965366,9.869626192,11.67388277,11.80060402,11.47579423,11.67312284,11.45196116,10.87301175,10.69910375,10.81576431,11.479408,11.66384752,10.92510953,10.78197068,10.95640698,10.38910077,10.59881957,10.81462446,11.27234674,11.39089057,11.55803404,11.115788,11.44177839,11.57120794,11.55000991,11.43902348,11.34788085,11.18186565,11.35655745,,
Djibouti,DJI,Tax revenue (% of GDP),GC.TAX.TOTL.GD.ZS,,,,,,,,,,,,,,,,,,,,,,,,,,,,,,,,,,,,,,,,,,,,,,,,,,,,,,,,,,,,
Dominica,DMA,Tax revenue (% of GDP),GC.TAX.TOTL.GD.ZS,,,,,,,,,,,,,,,,,,,,,,,,,,,,,,,,,,,,,,,,,,,,,,,,,,,,,,,,,,,,
Denmark,DNK,Tax revenue (% of GDP),GC.TAX.TOTL.GD.ZS,,,,,,,,,,,,,29.0073425,28.92177263,29.10840133,26.71837402,26.48581,27.07072012,28.13558182,28.60343479,28.5258746,28.04775221,27.09919336,27.80652075,29.0103743,30.5028086,32.74336013,32.22169217,32.44583801,31.39666031,29.72460684,29.12939079,29.48600415,30.84808287,31.56028067,31.66083202,31.87982065,31.7470264,32.04662624,31.92657078,31.59411903,30.16719583,30.11718967,30.14077788,31.29221449,33.07176767,31.86029116,35.09300117,33.42154071,33.18383922,32.73723667,32.75348927,33.44639821,33.81975266,36.50029166,33.92161929,33.45179544,33.32344521,,
Dominican Republic,DOM,Tax revenue (% of GDP),GC.TAX.TOTL.GD.ZS,,,,,,,,,,,,,13.8522693,13.43824633,14.42048057,16.08135141,13.26331773,12.53733296,11.35096316,11.03149778,10.30718945,9.712615556,7.978324503,8.457150294,9.022770398,9.69124559,11.28189554,11.2446214,11.70088735,12.3845918,10.29678928,7.590817698,10.87033538,11.15446274,10.53415802,10.57462484,10.34434253,11.40878793,11.43166966,11.52929548,12.16441366,13.38050699,13.21672761,11.74514298,12.52188432,13.69816112,13.99475989,14.88626837,14.16105352,12.63590935,12.20740113,12.29762551,13.02648297,13.50353563,13.61038485,13.24999603,13.50684437,13.71421056,,
Algeria,DZA,Tax revenue (% of GDP),GC.TAX.TOTL.GD.ZS,,,,,,,,,,,,,,,,,,,,,,,,,,,,,,,,,,,,,,,,,,,,,,,,,,,,,,,,,,,,
East Asia & Pacific (excluding high income),EAP,Tax revenue (% of GDP),GC.TAX.TOTL.GD.ZS,,,,,,,,,,,,,,,,,,,,,,,,,,,,,,,,,,,,,,,,,,,,,,9.254160609,9.761572632,10.341549,10.88297133,10.76246647,10.6297737,10.88177334,10.81491114,10.61032374,10.37456567,10.12401788,9.868961469,,,
Early-demographic dividend,EAR,Tax revenue (% of GDP),GC.TAX.TOTL.GD.ZS,,,,,,,,,,,,,,,,12.60607971,12.92876175,13.45446523,13.68596745,13.85758873,,13.90030281,,13.77852114,13.11600128,13.56740966,12.96439681,12.88912567,12.37680475,12.68850343,12.29566167,12.06119296,12.43483205,11.52213044,11.96685594,11.93031072,12.24192951,13.04493393,11.73317385,,,,,,,,,,13.30870295,12.50610081,12.41816362,12.39757425,12.4826039,12.70333357,12.44055455,12.99274251,13.14084159,13.05854392,,
East Asia & Pacific,EAS,Tax revenue (% of GDP),GC.TAX.TOTL.GD.ZS,,,,,,,,,,,,,,,,,,,,,,,,,,,,,,,,,,,,,,,,,,,,,,11.26727931,11.67960227,11.85026058,11.6484302,11.14861402,11.09728872,11.43309944,11.61052436,11.77487791,12.0300284,11.88534138,11.74564114,,,
Europe & Central Asia (excluding high income),ECA,Tax revenue (% of GDP),GC.TAX.TOTL.GD.ZS,,,,,,,,,,,,,,,,,,,,,,,,,,,,,,,,,,,,,,,,11.96306535,14.02839139,15.17730655,13.79736223,13.98490431,14.00126209,,,,16.98788451,15.17492676,15.47860256,16.05384628,15.69283118,15.3305911,15.27930944,14.10879585,13.17876129,13.53998494,,
Europe & Central Asia,ECS,Tax revenue (% of GDP),GC.TAX.TOTL.GD.ZS,,,,,,,,,,,,,,16.35632969,16.86803713,16.59708233,17.25559801,17.38154743,17.22387946,17.12959027,17.45581435,17.49250278,17.98815742,17.84184648,17.84558404,17.97916045,18.2106932,18.02526955,18.06269059,17.97211332,18.44215121,19.22577467,19.10032054,18.86644499,19.09330705,19.06863161,19.21572746,19.54130533,19.84791481,19.71915712,19.91631004,19.59240903,19.05669564,18.84243491,18.81211424,19.39614567,19.7126106,19.88616028,19.45983535,18.43664837,18.86830288,19.04513382,19.16444386,19.38107977,19.36369278,19.16006133,19.03648896,19.27407783,,
Ecuador,ECU,Tax revenue (% of GDP),GC.TAX.TOTL.GD.ZS,,,,,,,,,,,,,,,,,,,,,,,,,,,,,,,,,,,,,,,,,,,,,,,,,,,,,,,,,,,,
"Egypt, Arab Rep.",EGY,Tax revenue (% of GDP),GC.TAX.TOTL.GD.ZS,,,,,,,,,,,,,,,,20.52161459,17.33138442,25.5179722,23.07109664,21.28519787,,26.24429969,21.6957606,21.08270677,18.44620253,17.25469169,16.31972789,14.57087379,14.34902597,13.83896104,13.2348643,14.73777778,18.48023005,18.76417526,19.04742857,17.62303922,17.46294682,15.96464836,,,,,13.4077593,13.34994012,13.83597775,14.0686351,15.82951271,15.34985231,15.32052485,15.66136058,14.13007625,14.0086354,12.38490476,13.49806493,12.22014085,12.5192111,,,,
Euro area,EMU,Tax revenue (% of GDP),GC.TAX.TOTL.GD.ZS,,,,,,,,,,,,,,14.79154464,14.99980991,14.5060941,15.26953489,15.46423053,15.57354315,15.65740212,16.14109847,16.11404442,16.45921898,16.7697071,16.86326072,16.74635716,17.14928799,17.15473944,17.34337374,17.38041856,17.45315273,18.42552746,18.51118781,18.51914772,18.35867953,18.20731143,18.39843386,18.72241595,19.04579688,19.50581191,19.30240596,18.94022934,18.46859479,18.23031048,18.0088828,18.2463782,18.65872107,18.79891631,18.25898864,17.6008799,17.97453035,18.05466873,18.49257414,18.95858735,18.99756216,18.91659131,18.79257805,18.99061311,,
Eritrea,ERI,Tax revenue (% of GDP),GC.TAX.TOTL.GD.ZS,,,,,,,,,,,,,,,,,,,,,,,,,,,,,,,,,,,,,,,,,,,,,,,,,,,,,,,,,,,,
Spain,ESP,Tax revenue (% of GDP),GC.TAX.TOTL.GD.ZS,,,,,,,,,,,,,,,,,,,,,,,,,,,,,,,,,,,,15.90836358,16.34985819,15.66859506,15.8349006,16.10439564,16.23226306,15.85783557,15.00371019,14.62739212,14.96261986,15.65864216,16.12144758,16.72491018,13.25736299,11.00743986,12.96645959,12.44776725,12.23833086,13.99444083,14.25247153,14.41500604,13.855461,13.80711452,,
Estonia,EST,Tax revenue (% of GDP),GC.TAX.TOTL.GD.ZS,,,,,,,,,,,,,,,,,,,,,,,,,,,,,,,,,,,,23.51424422,22.03281641,22.34953814,22.33157026,21.03425462,19.68894845,19.25056298,19.75741413,19.91014707,20.37814068,19.23764104,20.02898229,20.41584936,19.419855,21.49971156,19.85705451,19.25498267,19.93181749,20.14432738,20.73396681,21.64646569,21.82584093,21.12405908,,
Ethiopia,ETH,Tax revenue (% of GDP),GC.TAX.TOTL.GD.ZS,,,,,,,,,,,,,,,,,,,,,,,,,,,,,,,8.639189666,7.450608324,5.600781003,5.91191031,7.678250936,8.429521526,8.952488388,10.52276441,11.26214538,10.88481898,,8.083871673,9.709831679,9.116895507,9.680762203,8.724416385,8.262845855,7.812529666,7.814144254,6.581181381,8.16344108,9.209358617,9.377594715,8.764725377,8.811955393,8.351338267,8.087065533,7.604891881,,
European Union,EUU,Tax revenue (% of GDP),GC.TAX.TOTL.GD.ZS,,,,,,,,,,,,,,16.32653311,16.94101205,16.57346168,17.17401227,17.2751938,17.12033678,17.09936336,17.79510751,17.75122993,18.18754597,18.24422117,18.39521775,18.49137522,18.70543162,18.55003655,18.67341225,18.63149389,19.12839415,19.97169149,19.81809085,19.5309499,19.61097488,19.55904868,19.66207795,19.9560772,20.44500366,20.82841841,20.71625826,20.25336845,19.76061366,19.54982679,19.47937119,19.77864197,20.11248835,20.33890235,19.9377716,19.02206058,19.50297819,19.62655985,19.85201886,20.20441746,20.23803696,20.20960633,20.18730692,20.37197988,,
Fragile and conflict affected situations,FCS,Tax revenue (% of GDP),GC.TAX.TOTL.GD.ZS,,,,,,,,,,,,,,,,,,,,,,,,,,,,,,,,,,,,,,,,,,,,,,,,,,,,,,,,,,,,
Finland,FIN,Tax revenue (% of GDP),GC.TAX.TOTL.GD.ZS,,,,,,,,,,,,,21.74936567,21.98738845,21.33243522,22.1430188,24.68373448,24.20252726,22.40203851,21.17203895,21.44218796,22.51159236,22.14782617,22.31982943,22.72225237,23.46176126,23.95645878,22.654269,24.1794522,24.63738114,24.40489789,24.42169458,24.86347655,22.40884245,23.10378987,20.70058038,21.91575142,22.63080758,22.72628059,22.38583779,24.27304922,21.91870954,22.49674622,22.08433123,21.85112035,21.83262667,21.45538601,21.12024611,20.54968484,18.95773605,18.7049706,20.13267706,20.2609701,20.74329442,20.77440455,20.61042524,20.95264101,20.93712877,,
Fiji,FJI,Tax revenue (% of GDP),GC.TAX.TOTL.GD.ZS,,,,,,,,,,,,,,,,,,,,,,,,,,,,,,,22.75707071,21.87169442,21.60100769,21.41066825,21.49565933,22.20614241,21.2021419,,,,,,,,22.19001559,21.34806423,23.18702332,,,,21.77904686,23.02285286,23.23332967,23.64554489,22.72446579,23.73875088,23.50197382,25.00269863,,
France,FRA,Tax revenue (% of GDP),GC.TAX.TOTL.GD.ZS,,,,,,,,,,,,,18.67533827,17.84425111,18.8734544,17.72182016,18.83999014,18.24079445,18.25723641,18.83168971,19.29191915,19.36757322,19.60021256,19.44421465,19.56741343,19.65146058,19.65976909,19.87064584,19.21244995,18.90600144,18.73424732,18.91822615,18.46669257,18.38407657,19.08411698,19.56014785,20.47504284,21.18826371,23.13225278,23.74555585,23.50321422,23.48673775,22.66956958,22.21644408,22.26530338,22.41077521,22.68494295,22.26269213,22.14848573,20.83089327,22.08943166,21.95942516,22.68250157,23.36867422,23.31789754,23.36046782,23.20483732,23.80610031,,
Faroe Islands,FRO,Tax revenue (% of GDP),GC.TAX.TOTL.GD.ZS,,,,,,,,,,,,,,,,,,,,,,,,,,,,,,,,,,,,,,,,,,,,,,,,,,,,,,,,,,,,
"Micronesia, Fed. Sts.",FSM,Tax revenue (% of GDP),GC.TAX.TOTL.GD.ZS,,,,,,,,,,,,,,,,,,,,,,,,,,,,,,,,,,,,,,,,,,,,,,,,,4.292526761,4.401007691,4.667719078,4.976854907,4.908601114,5.486844728,12.59423508,5.440767283,6.046613838,11.34337799,,
Gabon,GAB,Tax revenue (% of GDP),GC.TAX.TOTL.GD.ZS,,,,,,,,,,,,,,,,,,,,,,,,,,,,,,,,,,,,,,,,,,,,,,,,,,,,,14.06052433,16.05883561,15.10522888,12.83006855,11.46806371,,,
United Kingdom,GBR,Tax revenue (% of GDP),GC.TAX.TOTL.GD.ZS,,,,,,,,,,,,,23.01848532,21.07158307,23.74607351,24.26560756,23.80069525,23.32577445,22.15422207,21.90377871,23.87606593,24.6394262,25.86613933,24.6485305,24.7776311,25.13357342,24.50068363,23.15879508,22.99074992,22.76227158,24.1512946,24.84713704,24.28031599,22.98109177,23.79709499,23.37726925,23.23251778,23.7638745,25.0763187,25.63894185,26.22392804,25.79076589,24.94987134,24.53438799,25.18436932,25.51533642,25.70130882,25.83340794,26.42037326,24.1084352,25.37144103,25.8601462,25.11866914,25.11299591,24.83523514,25.09121291,25.47717113,25.71953266,,
Georgia,GEO,Tax revenue (% of GDP),GC.TAX.TOTL.GD.ZS,,,,,,,,,,,,,,,,,,,,,,,,,,,,,,,,,,,,,,8.334065162,7.241990402,7.903185972,7.651828562,7.352412346,7.616582396,7.032846417,9.927424855,12.10997332,15.44826286,17.7152844,23.80929913,23.13868086,22.13919675,23.83348601,24.11826975,23.4202322,23.48844788,23.77407449,23.47091409,23.75721994,23.60403435,
Ghana,GHA,Tax revenue (% of GDP),GC.TAX.TOTL.GD.ZS,,,,,,,,,,,,,,,,,,,,,,,,,,,,,,,11.43679869,13.15959562,10.76865718,13.14924718,,,,,,,,17.19292789,17.49311121,18.47768613,21.75210552,21.32150832,12.80707166,13.87798455,13.89596791,12.61246152,13.3883874,14.86579036,,,10.94021522,18.26215239,,,,
Gibraltar,GIB,Tax revenue (% of GDP),GC.TAX.TOTL.GD.ZS,,,,,,,,,,,,,,,,,,,,,,,,,,,,,,,,,,,,,,,,,,,,,,,,,,,,,,,,,,,,
Guinea,GIN,Tax revenue (% of GDP),GC.TAX.TOTL.GD.ZS,,,,,,,,,,,,,,,,,,,,,,,,,,,,,,11.41003544,12.1055382,10.74553241,10.84178387,,,,,,,,,,,,,,,,,,,,,,,,,,,
"Gambia, The",GMB,Tax revenue (% of GDP),GC.TAX.TOTL.GD.ZS,,,,,,,,,,,,,,,,,,,,,,,,,,,,,,,18.20477998,8.746332472,9.557741512,10.81569281,,,,,,,,4.203636894,4.867506871,5.583837732,7.848800414,7.214622113,7.976067446,13.02954054,14.67829982,15.12564071,,,,,,,,,,
Guinea-Bissau,GNB,Tax revenue (% of GDP),GC.TAX.TOTL.GD.ZS,,,,,,,,,,,,,,,,,,,,,,,,,,,,,,,,,,,,,,,,,,,,,,,,,,,,,,,,,,10.3228332,,
Equatorial Guinea,GNQ,Tax revenue (% of GDP),GC.TAX.TOTL.GD.ZS,,,,,,,,,,,,,,,,,,,,,,,,,,,,,,,,,,,,,,,,,,,,,,,9.668882886,7.546688154,7.786359889,12.76309665,7.586159224,7.015790112,8.742219053,8.516349943,8.298900808,11.45673493,6.384406989,5.924105485,,
Greece,GRC,Tax revenue (% of GDP),GC.TAX.TOTL.GD.ZS,,,,,,,,,,,,,12.90268281,12.48364291,12.63641015,12.70294236,14.09975026,13.96490977,14.2863228,13.896055,13.7711688,12.32282929,14.93487071,15.59785012,13.97016197,13.81211862,15.59258362,16.35545701,15.09763665,13.00029732,15.12129074,,,,,18.58084125,18.63608847,19.52190172,20.52808211,21.43304626,22.47052181,20.93777286,21.26687719,19.70767671,19.1347301,20.32650577,19.97920072,20.24284254,20.21361262,19.77568016,20.21400144,22.07373244,23.91007616,24.02046654,24.6394646,25.05100523,26.65167842,26.26214167,,
Grenada,GRD,Tax revenue (% of GDP),GC.TAX.TOTL.GD.ZS,,,,,,,,,,,,,,,,,,,,,,,,,,,,,,,,,,,,,,,,,,,,,,,,,,,,,,,,,,,,
Greenland,GRL,Tax revenue (% of GDP),GC.TAX.TOTL.GD.ZS,,,,,,,,,,,,,,,,,,,,,,,,,,,,,,,,,,,,,,,,,,,,,,,,,,,,,,,,,,,,
Guatemala,GTM,Tax revenue (% of GDP),GC.TAX.TOTL.GD.ZS,,,,,,,,,,,,,,,,,,,,,,,,,,,,,,,6.86521167,7.325686438,8.313948701,7.81982717,6.765227236,7.714731243,8.529663739,8.697669273,9.371933975,10.24715093,10.06497645,10.86302489,11.88054915,11.67385578,11.55273704,11.20539142,11.85697131,12.05936254,11.27381464,10.33551691,10.43529828,10.83781428,10.8359592,10.92610255,10.81807024,10.21308967,10.39394223,,,
Guam,GUM,Tax revenue (% of GDP),GC.TAX.TOTL.GD.ZS,,,,,,,,,,,,,,,,,,,,,,,,,,,,,,,,,,,,,,,,,,,,,,,,,,,,,,,,,,,,
Guyana,GUY,Tax revenue (% of GDP),GC.TAX.TOTL.GD.ZS,,,,,,,,,,,,,,,,,,,,,,,,,,,,,,,,,,,,,,,,,,,,,,,,,,,,,,,,,,,,
High income,HIC,Tax revenue (% of GDP),GC.TAX.TOTL.GD.ZS,,,,,,,,,,,,,13.94151563,13.82547144,14.21963226,13.61233497,13.71069704,14.09146646,14.00821822,14.27909569,14.61236357,14.92522614,14.8841391,14.24690953,14.2180213,14.39102315,14.35108036,14.69470024,14.61377802,14.54579735,14.58717139,14.80167014,14.43002409,14.4349919,14.58321869,15.02541314,15.24983687,15.4324749,15.72357363,15.86874535,16.34514719,15.68980411,14.62891194,14.3665791,14.4443868,15.11112499,15.54095217,15.59052436,14.90557457,13.50637397,13.80756799,14.18554424,14.40883646,14.86560485,15.13906162,15.22144503,15.17860749,15.67940338,,
"Hong Kong SAR, China",HKG,Tax revenue (% of GDP),GC.TAX.TOTL.GD.ZS,,,,,,,,,,,,,,,,,,,,,,,,,,,,,,,,,,,,,,,,,,,,,,,,,,,,,,,,,,,,
Honduras,HND,Tax revenue (% of GDP),GC.TAX.TOTL.GD.ZS,,,,,,,,,,,,,10.67247887,10.82739785,11.12131464,11.08540925,11.6617215,13.09374103,7.900577115,8.137050097,8.813908611,8.643894327,,,,,,,,,,,,,,,,,,,,,,13.74646578,14.49585933,14.53495396,15.23835608,16.38500055,16.13051598,14.16197019,14.4250984,14.78797879,14.74747232,15.06324191,16.54263824,17.34447206,,,,
Heavily indebted poor countries (HIPC),HPC,Tax revenue (% of GDP),GC.TAX.TOTL.GD.ZS,,,,,,,,,,,,,,,,,,,,,,,,,,,,,,,,,,,,,,,,,,,,,,,,,,,,,,,11.81882969,12.6962946,,,,
Croatia,HRV,Tax revenue (% of GDP),GC.TAX.TOTL.GD.ZS,,,,,,,,,,,,,,,,,,,,,,,,,,,,,,,,,,,,22.78130074,22.65221159,21.80455157,24.99658837,23.03830761,22.15867684,20.84307151,22.07431497,21.65442091,20.88763501,20.90466364,21.26386267,21.2361881,20.70134323,19.86377029,19.75236685,19.21979874,19.73058196,20.3387268,19.91596468,20.81223042,21.39799273,21.61075223,,
Haiti,HTI,Tax revenue (% of GDP),GC.TAX.TOTL.GD.ZS,,,,,,,,,,,,,,,,,,,,,,,,,,,,,,,,,,,,,,,,,,,,,,,,,,,,,,,,,,,,
Hungary,HUN,Tax revenue (% of GDP),GC.TAX.TOTL.GD.ZS,,,,,,,,,,,,,,,,,,,,,,,,,,,,,,,,25.55325167,24.07793127,25.01413307,24.19830954,23.05708738,22.7908207,20.79605628,20.63492549,21.60238074,22.19916534,21.26238088,20.74522526,20.61046502,20.36215533,19.91096141,19.78170634,21.38955696,23.25006628,23.32356996,22.84823001,21.13499065,22.89203415,22.7502927,22.9914327,23.39414753,23.32075217,23.21622292,,
IBRD only,IBD,Tax revenue (% of GDP),GC.TAX.TOTL.GD.ZS,,,,,,,,,,,,,,,,,,,,,,,,,,,,,,,,,,,,,,,,,,,,,,12.50162149,12.83921066,13.30518349,13.2588825,12.46019473,12.62165223,12.92313594,12.79934014,12.62328977,12.28993245,12.17337127,11.98077836,,,
IDA & IBRD total,IBT,Tax revenue (% of GDP),GC.TAX.TOTL.GD.ZS,,,,,,,,,,,,,,,,,,,,,,,,,,,,,,,,,,,,,,,,,,,,,,12.44251274,12.78725884,13.24403009,13.21132731,12.40052783,12.57033881,12.87612223,12.74555312,12.58303023,12.27262243,12.17461884,11.97641049,,,
IDA total,IDA,Tax revenue (% of GDP),GC.TAX.TOTL.GD.ZS,,,,,,,,,,,,,,,,,,,,,,,,,,,,,,,,,,,,,,,,,,,,,,,,,,,,,,,,,,,,
IDA blend,IDB,Tax revenue (% of GDP),GC.TAX.TOTL.GD.ZS,,,,,,,,,,,,,,,,,,,,,,,,,,,,,,,,,,,,,,,,,,,,,,,,,,,,,,,,,,,,
Indonesia,IDN,Tax revenue (% of GDP),GC.TAX.TOTL.GD.ZS,,,,,,,,,,,,,12.44522349,13.81526342,15.9693687,16.55526992,17.89004765,17.72159889,17.89325596,20.28389965,21.77983836,21.94643419,20.05614379,18.82286533,17.48438914,18.75089737,14.62076982,15.0836946,15.08393805,15.95720183,19.13708376,17.18969691,17.1229527,14.35642033,15.94841919,14.96477227,14.23480194,16.01184841,15.02758818,16.31583561,,11.57818458,11.82695959,12.38553206,12.3307679,,,,13.31061783,11.05778652,10.53748506,11.15812785,11.38058994,11.28530146,10.83552375,10.75348778,10.3363487,9.879192687,,
IDA only,IDX,Tax revenue (% of GDP),GC.TAX.TOTL.GD.ZS,,,,,,,,,,,,,,,,,,,,,,,,,,,,,,,,,,,,,,,,,,,,,,,,,,,,,,,10.78396099,11.29733602,,,,
Isle of Man,IMN,Tax revenue (% of GDP),GC.TAX.TOTL.GD.ZS,,,,,,,,,,,,,,,,,,,,,,,,,,,,,,,,,,,,,,,,,,,,,,,,,,,,,,,,,,,,
India,IND,Tax revenue (% of GDP),GC.TAX.TOTL.GD.ZS,,,,,,,,,,,,,,,8.18112069,9.024502692,9.181837771,8.597094001,9.302274308,9.689048691,9.026071522,9.213690094,9.26912113,9.268497184,9.306539642,10.0754183,10.42730861,10.40830972,10.35673776,10.46834426,9.993591157,10.17092218,9.805228208,8.535233416,8.981771801,9.22682447,9.23146847,9.008577517,8.113143317,8.638299821,8.810143285,8.079454251,8.676273723,9.108084104,9.570816851,10.08093058,11.12933701,12.10834714,10.97717292,9.8097247,10.38803993,10.1773872,10.83677172,11.00162569,9.984654191,10.56970905,11.08709284,11.18207933,,
Not classified,INX,Tax revenue (% of GDP),GC.TAX.TOTL.GD.ZS,,,,,,,,,,,,,,,,,,,,,,,,,,,,,,,,,,,,,,,,,,,,,,,,,,,,,,,,,,,,
Ireland,IRL,Tax revenue (% of GDP),GC.TAX.TOTL.GD.ZS,,,,,,,,,,,,,21.83383994,22.1427783,21.97095466,21.27014615,23.63663558,22.50607755,22.08292594,21.93796728,24.19790254,25.28394866,26.35286281,27.50232026,28.08581443,27.17303638,27.32082265,27.41521788,28.71686763,25.79825809,25.32958493,25.59856945,25.90136704,25.80962405,27.02414005,26.49554139,27.17918904,26.88281461,26.529338,26.69692661,26.37746284,24.23444413,23.5231751,24.1638566,25.08846738,25.47492044,26.80739475,25.91960891,23.74938733,21.98699547,21.79544457,21.9701815,22.53824716,22.88250723,23.12771547,18.81648095,19.04531469,18.38550333,,
"Iran, Islamic Rep.",IRN,Tax revenue (% of GDP),GC.TAX.TOTL.GD.ZS,,,,,,,,,,,,,8.265513269,7.547810911,5.417790964,8.194078453,7.562058504,8.216323008,8.870858569,5.993374742,5.170284876,6.9790356,5.922931727,6.033980969,6.437096596,7.329809638,6.784250891,6.005338425,5.434552423,5.369750444,5.572236546,6.161890812,6.881180646,3.860245992,4.371236116,6.220798678,7.94631514,10.1579621,8.644376054,8.327823337,5.861282096,5.746903558,4.994377712,5.20132535,5.195323352,6.657593715,6.21768141,5.93768769,6.197809288,7.358478041,,,,,,,,,,
Iraq,IRQ,Tax revenue (% of GDP),GC.TAX.TOTL.GD.ZS,,,,,,,,,,,,,,,,,,,,,,,,,,,,,,,,,,,,,,,,,,,,,,,,,,,,,,,0.890475146,1.241369451,2.033648174,,,
Iceland,ISL,Tax revenue (% of GDP),GC.TAX.TOTL.GD.ZS,,,,,,,,,,,,,22.78388949,22.83935393,23.73560123,22.84798783,21.73757095,20.71765286,21.11715374,21.86509151,21.17980376,22.51777143,22.91624581,20.5423824,20.91327253,20.07427315,20.27341615,20.66277507,22.27238599,23.40647174,23.4722253,22.82261537,23.12619337,22.47257123,22.22138652,22.47955748,23.40968999,21.96406924,23.98244862,25.89048293,25.1669752,22.84588028,22.65042491,23.70877507,24.74940591,27.22692895,27.14521056,25.93059448,22.87047705,19.74382702,20.09199901,20.59430065,21.43933883,21.97133999,24.6430829,22.91581915,37.75291422,24.15649925,,
Israel,ISR,Tax revenue (% of GDP),GC.TAX.TOTL.GD.ZS,,,,,,,,,,,,,25.67760342,24.31530317,30.6424183,30.42585328,33.8038388,35.16356824,33.22642585,37.79775038,35.9175554,34.41186955,39.02487555,39.00645974,37.46809039,35.19762248,34.22858809,31.50727555,29.75148592,27.90176526,26.88019806,20.1440954,26.69044054,27.04827368,27.52536337,27.07614559,26.37001397,26.64385378,25.7117163,25.58999824,27.14243867,26.68944428,25.73076705,24.99349852,24.86527295,25.37165305,26.08284557,26.05086885,23.77375868,21.85499718,22.52228242,22.72172307,22.11041791,22.91812881,23.17181773,23.28071506,23.25358259,24.57841214,,
Italy,ITA,Tax revenue (% of GDP),GC.TAX.TOTL.GD.ZS,,,,,,,,,,,,,,12.59214258,13.5428428,12.75590002,14.11996024,14.95878342,15.6736828,15.83207322,17.42573167,17.84319667,19.45245786,21.19826071,21.02518773,20.4636096,22.24978332,21.56346748,23.31731997,24.02692825,24.25774581,24.89062703,25.58219014,26.36189467,25.1770518,23.18363944,23.07211928,24.56450737,23.4775973,23.9270983,22.51138436,22.28117511,21.67998643,21.47392957,20.96753803,20.75261516,22.12404811,22.37674014,21.89233985,22.43530221,22.26324536,22.30059686,23.6317654,23.72804522,23.47833357,23.36217002,23.51605848,23.17750885,,
Jamaica,JAM,Tax revenue (% of GDP),GC.TAX.TOTL.GD.ZS,,,,,,,,,,,,,,,,,,,,,,,,,,,,,23.47793848,24.49417583,23.48643138,23.08287653,23.46812117,21.32874552,21.1031413,21.74404001,20.10919957,19.91409421,20.85185729,21.89223451,22.49466254,21.41481302,21.85901019,24.07110007,24.16749731,23.21597284,24.01438994,24.78654643,24.68475662,24.9559702,24.27817173,23.3643683,24.33289303,24.01202523,24.05563302,24.81937684,26.02650689,26.18952271,,
Jordan,JOR,Tax revenue (% of GDP),GC.TAX.TOTL.GD.ZS,,,,,,,,,,,,,,,,,,,,,,,,,,,,,,,18.00727897,17.94996619,22.97071033,20.91683427,19.98619373,20.70909766,21.68699456,19.05481092,18.12333296,18.11061609,18.99893687,18.68029646,17.4817064,18.21787761,20.99608415,24.41581176,24.5549491,24.68963512,17.5084111,16.94258148,15.86135458,14.92809438,15.26485994,15.29736974,15.77154465,15.21582467,15.28710025,15.02715981,,
Japan,JPN,Tax revenue (% of GDP),GC.TAX.TOTL.GD.ZS,,,,,,,,,,,,,10.49696523,11.69104007,11.28771453,9.353491528,9.130877353,9.162325615,9.253830231,9.945268975,10.53000745,10.97977277,10.96142005,10.85695109,11.13029638,11.4448913,11.31142806,12.14666957,12.45397461,12.4177461,12.94728825,13.13318922,11.62717415,11.59076179,11.07304595,10.95823033,10.81457851,10.65163323,10.06753658,9.773313592,10.37225701,9.895928337,9.061598934,8.91896344,9.352694056,10.13701108,10.51274133,10.10618629,8.931591654,8.36891038,8.809784435,9.356818207,9.682412944,10.36061765,11.46920658,11.42357202,11.15496587,11.64194651,,
Kazakhstan,KAZ,Tax revenue (% of GDP),GC.TAX.TOTL.GD.ZS,,,,,,,,,,,,,,,,,,,,,,,,,,,,,,,,,,,,,,6.787220587,7.294793896,7.745369934,10.22139507,9.642300653,12.13435978,13.08323765,13.90867797,,,,,,15.71238046,18.25783421,13.31209815,16.03017776,14.19343274,9.835711552,9.924250197,10.55089391,,
Kenya,KEN,Tax revenue (% of GDP),GC.TAX.TOTL.GD.ZS,,,,,,,,,,,,,,,,,,,,,,,,,,,,,,,,,,,,,,,,,,,,,,,,,,,,,,,16.87697939,16.25663539,16.18353249,15.6790484,,
Kyrgyz Republic,KGZ,Tax revenue (% of GDP),GC.TAX.TOTL.GD.ZS,,,,,,,,,,,,,,,,,,,,,,,,,,,,,,,,,,,,,,,,,,,,,,,,,,,,,,,17.54865309,16.80166806,16.94917318,17.04628506,,
Cambodia,KHM,Tax revenue (% of GDP),GC.TAX.TOTL.GD.ZS,,,,,,,,,,,,,,,,,,,,,,,,,,,,,,,,,,,,,,,,,,,8.172911274,7.537844416,8.117265035,7.893242769,8.178822069,9.696979265,10.55519636,9.64778105,10.00304014,10.15469287,11.08248635,12.07885296,14.62663089,14.5828781,14.82589055,15.78871893,,
Kiribati,KIR,Tax revenue (% of GDP),GC.TAX.TOTL.GD.ZS,,,,,,,,,,,,,,,,,,,,,,,,,,,,,,,,,,,,,,,,,,,,,,,,,,,,17.62902327,18.31625184,18.03955638,17.74193925,22.08746918,24.92104996,22.16941777,,
St. Kitts and Nevis,KNA,Tax revenue (% of GDP),GC.TAX.TOTL.GD.ZS,,,,,,,,,,,,,,,,,,,,,,,,,,,,,,,14.38631717,14.58544414,14.52355336,15.19790594,15.24608925,,,,,,16.07751647,15.17450298,20.33798815,20.77554105,20.35716143,19.57004569,20.44357308,20.59664269,19.64070816,19.04623952,16.56562583,18.45852924,18.46353395,18.36626873,19.18348403,20.07358314,19.26983943,18.55310228,,
"Korea, Rep.",KOR,Tax revenue (% of GDP),GC.TAX.TOTL.GD.ZS,,,,,,,,,,,,,11.17423353,10.50149633,11.61182249,13.26022599,14.52141093,14.2006339,14.63048144,14.82980487,14.75755802,14.75549428,14.80690696,14.92685441,14.02596602,13.6371556,13.38764064,13.6234047,13.55281405,13.01508091,13.61220319,12.72494822,12.92982624,12.705689,12.91092958,13.23628188,13.50145321,13.18532712,12.9267388,13.11519957,14.63112487,13.92003864,13.64515711,14.14009836,13.446495,13.85802067,14.28949254,15.47643564,15.1477747,14.28674756,14.04546126,14.43565579,14.7179218,14.31121469,13.92590169,13.94804577,14.82501283,15.37580886,,
Kuwait,KWT,Tax revenue (% of GDP),GC.TAX.TOTL.GD.ZS,,,,,,,,,,,,,37.43169399,37.2171311,32.67768247,,,4.615802221,7.597964496,2.178426333,2.699909503,3.73615037,3.444779017,3.23829933,3.128614104,1.938002524,2.095021769,1.267380316,1.229820571,1.175992911,1.545070847,0.255607395,0.08581481,1.092624066,1.422764285,1.146167119,0.965076951,1.173084234,1.49232966,,,1.037286235,1.182053494,1.324735403,1.324427699,1.029966515,0.970478453,1.08652282,0.875820293,0.971192335,0.979470421,0.799781707,0.716305914,0.777452265,0.890139117,1.380778748,,,,
Latin America & Caribbean (excluding high income),LAC,Tax revenue (% of GDP),GC.TAX.TOTL.GD.ZS,,,,,,,,,,,,,,,,,,,,,12.07766049,11.74482209,11.72190643,12.62149162,11.19722118,11.31068691,11.28999606,11.00115452,10.45153421,10.68013951,11.05575115,9.645572512,9.93179618,9.911498721,10.34646723,,,9.900599896,10.83416265,11.50004312,11.95836354,,,,,,,,13.65749879,12.79192852,12.57166232,12.9942502,12.63784379,12.67782249,12.5763102,13.08384298,13.13566314,12.87485081,,
Lao PDR,LAO,Tax revenue (% of GDP),GC.TAX.TOTL.GD.ZS,,,,,,,,,,,,,,,,,,,,,,,,,,,,,,,,,,,,,,,,,,,,,,,,,,,,,,,,,,,,
Lebanon,LBN,Tax revenue (% of GDP),GC.TAX.TOTL.GD.ZS,,,,,,,,,,,,,,,,,,,,,,,,,,,,,,,,,,,,,,11.93272577,12.6332288,13.3726881,11.90122982,11.8780772,14.43059019,15.37671346,16.51981552,15.17330881,14.99061862,14.91640553,16.35737364,16.81938081,16.85512209,16.31662712,15.12451921,14.07017322,14.05087769,13.45304621,13.50114033,15.25455972,,
Liberia,LBR,Tax revenue (% of GDP),GC.TAX.TOTL.GD.ZS,,,,,,,,,,,,,,,,,,,,,,,,,,,,,,,,,,,,,,,,,,,,,,,,,,,,,,,,,,,,
Libya,LBY,Tax revenue (% of GDP),GC.TAX.TOTL.GD.ZS,,,,,,,,,,,,,,,,,,,,,,,,,,,,,,,,,,,,,,,,,,,,,,,,,,,,,,,,,,,,
St. Lucia,LCA,Tax revenue (% of GDP),GC.TAX.TOTL.GD.ZS,,,,,,,,,,,,,,,,,,,,,,,,,,,,,,,,,,,,,,,,,19.05960104,18.43679718,18.62945566,18.07212876,19.23839615,19.71649117,19.71136882,19.07818278,20.87778149,20.97076295,19.2972029,19.59966615,19.0671561,20.36107417,20.54277912,20.61618653,21.18944184,20.12162882,,
Latin America & Caribbean,LCN,Tax revenue (% of GDP),GC.TAX.TOTL.GD.ZS,,,,,,,,,,,,,,,,,,,,,12.63708192,12.39003967,12.18344555,12.98663675,11.70637167,11.72848057,11.70931298,11.3673662,10.71226748,10.89596818,11.21461983,9.982380401,10.28382469,10.31109553,10.68755416,,,10.24808322,11.10559645,11.69192161,12.16458197,,,,,,,,14.00568237,12.99736715,12.91151302,13.37844329,13.04668654,13.01044622,12.89990293,13.3998559,13.41529248,13.14048205,,
Least developed countries: UN classification,LDC,Tax revenue (% of GDP),GC.TAX.TOTL.GD.ZS,,,,,,,,,,,,,,,,,,,,,,,,,,,,,,,,,,,,,,,,,,,,,,,,,,,10.85800416,10.98761642,10.53209594,10.69383857,10.77487304,10.39126297,10.3617459,,,
Low income,LIC,Tax revenue (% of GDP),GC.TAX.TOTL.GD.ZS,,,,,,,,,,,,,,,,,,,,,,,,,,,,,,,,,,,,,,,,,,,,,,,,,,,,,,,,,,,,
Liechtenstein,LIE,Tax revenue (% of GDP),GC.TAX.TOTL.GD.ZS,,,,,,,,,,,,,,,,,,,,,,,,,,,,,,,,,,,,,,,,,,,,,,,,,,,,,,,,,,,,
Sri Lanka,LKA,Tax revenue (% of GDP),GC.TAX.TOTL.GD.ZS,,,,,,,,,,,,,,,,,,,,,,,,,,,,,,,19.02083385,18.30479797,17.95345687,17.4699989,17.16797563,17.75201716,16.95069051,16.00769203,14.47642698,15.01207545,14.50276551,14.62550039,14.02036178,12.71067585,13.46596896,13.73252902,14.57725918,14.22160859,13.27733443,12.80032048,11.30003056,11.25639334,10.40841476,10.48662317,10.13750624,12.37995191,12.20138961,12.44702968,,
Lower middle income,LMC,Tax revenue (% of GDP),GC.TAX.TOTL.GD.ZS,,,,,,,,,,,,,,,,,,,,,,,,,,,,,,,13.02148939,12.7831452,12.96194709,11.73337937,12.26239916,12.1367064,11.81492427,12.2372329,10.81455929,11.54116936,,10.28889113,10.68805838,11.0498866,11.34073154,11.73683984,,,13.16638067,11.61638266,11.64637348,11.85946227,12.06923974,12.04521461,11.47774624,11.87532261,11.84428162,12.04370912,,
Low & middle income,LMY,Tax revenue (% of GDP),GC.TAX.TOTL.GD.ZS,,,,,,,,,,,,,,,,,,,,,,,,,,,,,,,,,,,,,,,,,,,,,,12.15876639,12.47061009,12.9194128,12.94941911,12.21649241,12.34287245,12.64482952,12.52598126,12.38233229,12.06806017,11.95541304,11.72834181,,,
Lesotho,LSO,Tax revenue (% of GDP),GC.TAX.TOTL.GD.ZS,,,,,,,,,,,,,,,,,,,,,,,28.98835475,34.95877761,38.69351651,35.58108988,31.6971536,31.91319159,30.64371313,34.1989954,,27.75657635,28.30152625,29.67252716,29.87079575,28.75049718,26.96189969,29.21247489,25.08054334,24.72221533,22.93955586,25.78220615,24.19416305,27.11488202,28.961325,28.57390073,33.91959335,38.53203276,38.44059876,39.25776933,28.66595987,27.94908379,35.23783167,33.62804413,33.9174092,31.74390073,26.65188211,29.10837828,,
Late-demographic dividend,LTE,Tax revenue (% of GDP),GC.TAX.TOTL.GD.ZS,,,,,,,,,,,,,,,,,,,,,,,,,,,,,,,,,,,,,,,,,,,,,,12.62827833,12.76673928,13.26378025,13.26541053,12.48329838,12.39174311,12.55825968,12.31433044,11.99883995,11.83152231,11.30394657,11.08583367,,,
Lithuania,LTU,Tax revenue (% of GDP),GC.TAX.TOTL.GD.ZS,,,,,,,,,,,,,,,,,,,,,,,,,,,,,,,,,,,,19.81537394,18.90312819,21.64257803,22.1851044,22.21119614,20.27497916,19.38069762,19.17685814,19.04270901,19.34284114,19.73353411,20.46218072,20.34870279,20.45934789,17.01621141,15.96848998,15.50309451,15.55868691,15.63686882,15.84198082,16.65347172,16.94692465,16.66561399,,
Luxembourg,LUX,Tax revenue (% of GDP),GC.TAX.TOTL.GD.ZS,,,,,,,,,,,,,16.09744224,16.61010659,17.05781183,19.961523,19.64152306,22.03984469,22.86777491,21.13709072,21.57554168,22.01996298,22.15287056,24.58563304,24.04653434,24.01885405,23.33811343,23.53081296,22.75881375,21.82813265,22.09734243,20.87230338,21.43039556,22.94553015,24.17609984,23.70617055,23.76686865,25.07889356,25.57443926,24.75653481,25.42283235,25.15272636,24.76225767,24.71170343,24.23608562,25.59576025,24.23872497,24.65648567,24.68836173,25.13892804,25.01762416,24.59234578,25.71065373,25.89443212,25.70804014,25.32859005,25.63728087,25.98080987,,
Latvia,LVA,Tax revenue (% of GDP),GC.TAX.TOTL.GD.ZS,,,,,,,,,,,,,,,,,,,,,,,,,,,,,,,,,,,12.20393797,19.34561082,18.67260207,22.25833147,23.63521481,22.67019026,20.77011164,20.69071393,19.9848332,20.24507912,20.41890536,21.54194514,22.24995347,21.71634808,20.83255649,18.84301799,19.82230322,20.05232142,21.11317489,21.7129406,22.05040277,22.6014852,23.80102424,23.4264913,,
"Macao SAR, China",MAC,Tax revenue (% of GDP),GC.TAX.TOTL.GD.ZS,,,,,,,,,,,,,,,,,,,,,,,,,,,,,,,,,,,,,13.20323928,16.07125469,14.33851959,14.31723014,15.0420963,16.51565524,17.35024525,20.17363127,21.38427737,21.09794368,21.2552181,25.60047511,30.39433858,29.45998397,34.53298726,37.56298736,36.93783946,36.37696818,34.80529208,28.94865146,27.62106221,28.93623373,,
St. Martin (French part),MAF,Tax revenue (% of GDP),GC.TAX.TOTL.GD.ZS,,,,,,,,,,,,,,,,,,,,,,,,,,,,,,,,,,,,,,,,,,,,,,,,,,,,,,,,,,,,
Morocco,MAR,Tax revenue (% of GDP),GC.TAX.TOTL.GD.ZS,,,,,,,,,,,,,,,,,,,,,,,,,,,,,,,18.67672148,18.41541938,20.65142956,20.24770334,18.85493515,18.35120904,,19.40548746,19.16524702,19.87323876,,,19.07256603,18.78977248,18.97885165,20.97294126,21.45102144,23.90540285,26.49262558,23.45630398,22.81923338,23.29675614,23.90364037,22.34908936,22.02695111,21.21149899,21.44890129,21.75019124,,
Monaco,MCO,Tax revenue (% of GDP),GC.TAX.TOTL.GD.ZS,,,,,,,,,,,,,,,,,,,,,,,,,,,,,,,,,,,,,,,,,,,,,,,,,,,,,,,,,,,,
Moldova,MDA,Tax revenue (% of GDP),GC.TAX.TOTL.GD.ZS,,,,,,,,,,,,,,,,,,,,,,,,,,,,,,,,,,,,,12.08967623,18.2831061,18.08024084,15.05735397,14.72574961,12.17120031,12.88135437,14.67291369,16.35750648,18.48540374,19.57105102,20.56670079,20.4460968,17.68531332,15.16064079,15.24032716,15.59534633,15.46963596,16.63749486,16.40123682,16.24579227,17.44261223,,
Madagascar,MDG,Tax revenue (% of GDP),GC.TAX.TOTL.GD.ZS,,,,,,,,,,,,,,,,,,,,,,,,,,,,,,,9.430555247,6.902187648,8.587152929,8.161450912,7.689793863,8.315172807,,,,,,,,10.00898251,10.87752385,10.1041884,10.66965596,11.4329106,12.97937359,9.384942667,9.760166123,10.17114271,9.767940427,10.29536574,9.903760452,10.39464329,10.99934463,11.45086924,,
Maldives,MDV,Tax revenue (% of GDP),GC.TAX.TOTL.GD.ZS,,,,,,,,,,,,,,,,,,,,,5.115408609,6.891452233,12.21995927,12.63183714,9.261658031,9.99113868,10.28976937,12.2840691,13.57065658,15.0869616,13.96231926,14.6140953,14.95898236,13.73453732,13.00458215,13.59638849,13.45217883,14.44550444,14.20024047,14.09157047,13.79611004,9.826307389,9.507925449,9.420701834,10.48943585,11.56937388,11.75644071,12.14744951,11.57888281,9.100667992,8.84762793,12.07813398,,,19.46368533,,,,,
Middle East & North Africa,MEA,Tax revenue (% of GDP),GC.TAX.TOTL.GD.ZS,,,,,,,,,,,,,,,,,,,,,,,,,,,,,,,,,,,,,,,,,,,,,,,,,,,,,,,,,,,,
Mexico,MEX,Tax revenue (% of GDP),GC.TAX.TOTL.GD.ZS,,,,,,,,,,,,,7.610619469,7.091172214,8,9.181818182,9.044493071,9.951325041,10.7402653,11.34289439,11.4238505,10.54584204,11.21787245,12.99939446,12.6232738,12.31257863,11.86499888,12.74757437,11.41196198,12.13921122,11.84836466,11.59449261,11.60243534,9.070611435,8.491921675,8.479624617,8.742981656,8.987730676,8.155611883,8.608136185,9.572861438,,,,,,,,10.02376741,9.679796263,10.11091331,10.01240267,9.773015605,10.29457862,10.63196811,12.79662196,13.54268202,13.04335906,,
Marshall Islands,MHL,Tax revenue (% of GDP),GC.TAX.TOTL.GD.ZS,,,,,,,,,,,,,,,,,,,,,,,,,,,,,,,,,,,,,,,,,,,,,,,,,18.43017383,18.07050371,17.12037648,16.74290879,15.7817451,15.92474036,15.907718,17.49887172,17.79191138,18.16798858,,
Middle income,MIC,Tax revenue (% of GDP),GC.TAX.TOTL.GD.ZS,,,,,,,,,,,,,,,,,,,,,,,,,,,,,,,,,,,,,,,,,,,,,,12.17080543,12.49059749,12.94268439,12.96890885,12.23241175,12.35498138,12.65543942,12.5328788,12.38429042,12.06554073,11.95300902,11.71637064,,,
North Macedonia,MKD,Tax revenue (% of GDP),GC.TAX.TOTL.GD.ZS,,,,,,,,,,,,,,,,,,,,,,,,,,,,,,,,,,,,,,,,,,,,,,18.42509865,18.08266169,19.07483022,18.52394611,17.12957827,16.8656928,16.999651,16.41665042,15.668958,16.23528371,16.81823312,16.95115782,17.20302834,,
Mali,MLI,Tax revenue (% of GDP),GC.TAX.TOTL.GD.ZS,,,,,,,,,,,,,,,,,,,,,,,,,,,,,,,,,,,,,,,,,10.78507803,10.58547675,11.1732839,12.76795381,13.68704434,13.30025843,13.31614483,13.05597059,11.89578767,12.98622793,12.89285053,12.54521403,12.99131346,13.02560318,12.64663997,14.09510924,15.40227657,15.87056853,,
Malta,MLT,Tax revenue (% of GDP),GC.TAX.TOTL.GD.ZS,,,,,,,,,,,,,21.17118907,22.01439629,20.6659997,18.87472189,17.73263658,18.35483092,19.15855318,,19.69424242,19.23403601,18.51096646,17.86284418,16.84151879,17.67666555,17.18032161,16.55215345,17.59891218,17.8970137,42.43432684,43.05083437,44.17204003,45.26292291,42.31400954,51.11117863,45.41982837,47.73310156,43.65175549,47.59669507,45.91492891,48.53345988,51.21400714,53.98873167,55.34448959,59.01567007,60.21603875,62.85861149,26.13144713,26.52748184,26.13967725,26.14727413,26.38972017,26.74287891,26.75166208,25.21312855,25.70966485,26.43386269,,
Myanmar,MMR,Tax revenue (% of GDP),GC.TAX.TOTL.GD.ZS,,,,,,,,,,,,,,9.424797534,7.612796448,7.92264763,8.805191868,10.4564792,10.0094338,10.21141674,9.611748954,9.927705224,9.831022455,9.236698189,8.584435744,8.255193264,7.411736702,6.365541807,4.493526715,4.261787377,6.197784146,5.610206293,5.037396545,4.728010353,4.25171345,3.7444872,3.959317154,4.415239181,3.519309519,2.752748457,2.966507458,2.257140411,2.00104717,2.210411864,3.272456656,3.881778356,,,,,,,4.524093697,5.529567589,5.835822256,6.00602943,6.406103741,6.017069344,,
Middle East & North Africa (excluding high income),MNA,Tax revenue (% of GDP),GC.TAX.TOTL.GD.ZS,,,,,,,,,,,,,,,,,,,,,,,,,,,,,,,,,,,,,,,,,,,,,,,,,,,,,,,,,,,,
Montenegro,MNE,Tax revenue (% of GDP),GC.TAX.TOTL.GD.ZS,,,,,,,,,,,,,,,,,,,,,,,,,,,,,,,,,,,,,,,,,,,,,,,,,,,,,,,,,,,,
Mongolia,MNG,Tax revenue (% of GDP),GC.TAX.TOTL.GD.ZS,,,,,,,,,,,,,,,,,,,,,,,,,,,,,,,,,11.08136574,17.51732902,11.32416493,9.773956356,9.602347816,10.57243315,8.358672087,9.805817878,13.9101607,14.66205919,13.36924022,18.03874557,,,28.70997468,23.47917648,21.65181536,16.5402944,19.59311925,18.46699109,15.31214218,15.73120804,12.90163424,11.76281408,11.34553018,13.60284646,,
Northern Mariana Islands,MNP,Tax revenue (% of GDP),GC.TAX.TOTL.GD.ZS,,,,,,,,,,,,,,,,,,,,,,,,,,,,,,,,,,,,,,,,,,,,,,,,,,,,,,,,,,,,
Mozambique,MOZ,Tax revenue (% of GDP),GC.TAX.TOTL.GD.ZS,,,,,,,,,,,,,,,,,,,,,,,,,,,,,,,,,,,,,,,,,,,,,,,,,,,16.1235136,18.7033648,20.36511647,23.12637099,25.40253745,21.91347128,22.23639055,23.18297441,,
Mauritania,MRT,Tax revenue (% of GDP),GC.TAX.TOTL.GD.ZS,,,,,,,,,,,,,,,,,,,,,,,,,,,,,,,,,,,,,,,,,,,,,,,,,,,,,,,,,,,,
Mauritius,MUS,Tax revenue (% of GDP),GC.TAX.TOTL.GD.ZS,,,,,,,,,,,,,,,,,20.12117347,19.71517824,17.72930649,16.5013089,18.41439577,17.64227642,16.66012793,19.09033926,19.51740947,18.01059093,17.77817259,17.81273223,19.26611582,20.09316584,19.64680527,20.29344156,19.15028933,18.1006276,18.28150661,16.11421661,14.81298708,15.9934846,15.99336207,16.74865649,16.95366403,15.14080128,15.00654881,16.09532762,16.24026706,17.25638711,16.02867142,15.10546176,16.96721946,18.07301307,18.01671337,18.00451841,18.62170749,18.36660875,18.46618647,8.993956959,18.12841351,18.54687111,,
Malawi,MWI,Tax revenue (% of GDP),GC.TAX.TOTL.GD.ZS,,,,,,,,,,,,,,,,,,,,,,,,,,,,,,,,,,,,,,,,,,,,,,,,,,14.4658536,15.3729139,15.45184375,13.55707479,14.1290373,15.934136,15.24219537,15.48908132,17.28792384,17.0257091,
Malaysia,MYS,Tax revenue (% of GDP),GC.TAX.TOTL.GD.ZS,,,,,,,,,,,,,,,,,,,,,,,,,,,,,,,,,,,,,19.37800269,19.75336681,16.73009843,14.0936143,13.6669089,17.79488881,17.44700062,15.49565512,15.1990617,14.82639106,14.51622131,14.30372284,14.6629773,14.94050441,13.33219531,14.79435317,15.61314674,15.31023528,14.84079071,14.28046125,13.75632402,13.12704248,,
North America,NAC,Tax revenue (% of GDP),GC.TAX.TOTL.GD.ZS,,,,,,,,,,,,,11.8199373,11.49521249,11.83762036,11.1858005,10.74883688,11.61864632,11.54235905,12.00380309,12.13835265,12.55050604,11.97862664,10.34826823,10.15971565,10.38424016,10.16304589,10.94884573,10.59594327,10.78244038,10.80087656,10.69508391,10.38102713,10.61276472,10.84957438,11.19412528,11.60534518,12.08119942,12.54666992,12.48659743,13.14494084,12.07347727,10.18496563,9.742415074,9.888761205,10.92569244,11.49962312,11.49434971,10.50718082,8.320377174,8.883082471,9.778606386,9.968912425,10.622411,11.03183557,11.31477815,11.11654154,11.99948757,9.963590887,
Namibia,NAM,Tax revenue (% of GDP),GC.TAX.TOTL.GD.ZS,,,,,,,,,,,,,,,,,,,,,,,,,,,,,,,23.04509174,26.99547971,25.14092885,26.39627635,24.28637318,25.24727211,24.25333463,27.00872028,26.00619214,28.27759153,28.05988293,26.92156198,26.6468982,23.74657245,24.75508788,26.26115968,29.67155273,30.90927303,30.08915621,29.44723827,25.91213351,29.98127587,32.93275144,31.53881738,33.64857399,32.51737375,28.59192414,30.10901003,,
New Caledonia,NCL,Tax revenue (% of GDP),GC.TAX.TOTL.GD.ZS,,,,,,,,,,,,,,,,,,,,,,,,,,,,,,,,,,,,,,,,,,,,,,,,,,,,,,,,,,,,
Niger,NER,Tax revenue (% of GDP),GC.TAX.TOTL.GD.ZS,,,,,,,,,,,,,,,,,9.421033141,9.154545384,9.496598531,10.90978353,11.7645286,,,,,,,,,,,,,,,,,,,,,,,,,,,,,,,,,,,,,,,
Nigeria,NGA,Tax revenue (% of GDP),GC.TAX.TOTL.GD.ZS,,,,,,,,,,,,,,,,,,,,,,,,,,,,,,,,,,,,,,,,,,,,,,,,,,,,,,,,,,,,
Nicaragua,NIC,Tax revenue (% of GDP),GC.TAX.TOTL.GD.ZS,,,,,,,,,,,,,,,,,,,,,,,,,,,,,,,26.26583735,18.23936737,19.84950915,18.98088283,8.993665941,9.402734402,9.494441288,10.58909176,11.03648306,10.71894637,10.64687011,9.802508066,10.39549911,11.7208159,12.18817918,12.89980348,13.68420847,13.86208708,13.20167605,13.13766095,13.67836655,14.51970305,15.00914108,15.02043496,15.31622783,15.58957524,16.16648211,16.50469593,,
Netherlands,NLD,Tax revenue (% of GDP),GC.TAX.TOTL.GD.ZS,,,,,,,,,,,,,,22.4606258,21.21627073,22.336713,22.30434383,23.39492907,23.18971754,23.12002326,23.07480856,21.90411844,21.685928,20.78608679,20.15772631,20.34225055,21.25864666,22.53524002,22.6090817,21.89338929,23.28621811,24.49111682,23.63651011,24.31606555,21.84675626,20.8701642,21.47957925,20.93776928,20.70809927,21.22066757,20.93795008,21.21415868,21.15808651,20.35373725,20.17000261,21.23481756,21.60001095,21.59520003,21.14391577,20.94433473,20.98619027,20.22944251,19.40774864,19.69209479,20.63642861,21.16062422,21.90511014,23.10030807,,
Norway,NOR,Tax revenue (% of GDP),GC.TAX.TOTL.GD.ZS,,,,,,,,,,,,,22.95167975,20.68992057,20.46229859,20.3859202,21.53182507,22.08057275,21.81944171,22.23869891,25.11381524,26.25029793,25.31305262,24.5587192,24.53236615,25.65460294,25.62118392,23.62811577,22.15427566,20.47767892,21.30451018,21.57610491,20.73649632,20.73649755,21.74282775,23.46904448,24.44766403,24.29678163,24.13427878,24.36452211,26.78935941,26.1294209,27.12845497,25.86407988,27.32436541,28.19891178,28.89692287,28.11028036,27.86564893,25.88094429,26.8212029,27.67624488,26.96184092,25.07716443,23.46595523,22.08936422,21.84428794,22.47830872,,
Nepal,NPL,Tax revenue (% of GDP),GC.TAX.TOTL.GD.ZS,,,,,,,,,,,,,,,,,,,,,,,,,,,,,,,6.996692968,6.620301936,6.483344072,6.654637356,7.729134048,8.985513859,8.719914187,8.723659866,8.639332547,8.422505233,8.735981111,8.802574747,8.560583141,8.651811853,8.9749585,9.179453421,8.77975841,9.772473404,10.44008641,11.84403686,13.39611544,13.25974385,13.86216857,15.29282111,15.90397662,16.70976224,18.68745181,20.952273,,
Nauru,NRU,Tax revenue (% of GDP),GC.TAX.TOTL.GD.ZS,,,,,,,,,,,,,,,,,,,,,,,,,,,,,,,,,,,,,,,,,,,,,,,,,,,,,,,16.97066844,14.41370558,24.12737673,21.69704907,,
New Zealand,NZL,Tax revenue (% of GDP),GC.TAX.TOTL.GD.ZS,,,,,,,,,,,,,24.46646341,26.05151614,28.35806133,27.9768177,27.55657405,29.60429585,28.21206994,29.15539235,29.32408868,30.05319149,30.50816806,28.30571251,28.65860955,29.69387967,30.18307939,33.24645858,32.70028658,,,,,,,,,,,,,28.55763254,28.20805365,29.24813843,29.25793128,30.31290683,31.96581296,30.08199266,31.49015389,29.59184625,26.06159031,25.55528881,26.82136875,26.6464712,26.82236744,27.46937792,27.39266309,27.76920602,,
OECD members,OED,Tax revenue (% of GDP),GC.TAX.TOTL.GD.ZS,,,,,,,,,,,,,13.66649436,13.5823822,13.97703758,13.50154576,13.61376522,14.03454069,13.96819585,14.22941215,14.54369745,14.83286694,14.80940559,14.22160702,14.13542517,14.31692611,14.28864787,14.65329361,14.51576234,14.46290604,14.49601806,14.71444372,14.3560112,14.29761413,14.45722588,14.87081197,15.11707801,15.4574914,15.65438769,15.78442815,16.18029686,15.71668638,14.64945258,14.37990575,14.46206224,15.12807101,15.55728139,15.59734314,14.83773558,13.49640812,13.94623473,14.39298177,14.5982006,15.06393415,15.3336403,15.46578848,15.40337045,15.8769143,,
Oman,OMN,Tax revenue (% of GDP),GC.TAX.TOTL.GD.ZS,,,,,,,,,,,,,,,,,,,,,,,,,,,,,,,,,,,,,,,,,,,,,,,,,,,,,,,,,,,,
Other small states,OSS,Tax revenue (% of GDP),GC.TAX.TOTL.GD.ZS,,,,,,,,,,,,,,,,,,,,,,,,,,,,,,,,,,,,,,,,,,,,,,,,,,,,,,,,,,,,
Pakistan,PAK,Tax revenue (% of GDP),GC.TAX.TOTL.GD.ZS,,,,,,,,,,,,,,,,,,,,,,,,,,,,,,,,,,,,,,,,,,,,,,,,,,,,,,,,,,,,
Panama,PAN,Tax revenue (% of GDP),GC.TAX.TOTL.GD.ZS,,,,,,,,,,,,,,,,,,,,,,,,,,,,,,,,,,,,,,,,,,,,,,,,,,,,,,,,,,,,
Peru,PER,Tax revenue (% of GDP),GC.TAX.TOTL.GD.ZS,,,,,,,,,,,,,12.65359002,10.81125344,11.00086063,11.55773155,11.22907434,11.6716743,12.4930216,13.80688285,17.96171377,15.11632987,14.79299342,11.89773092,13.04040973,14.96299404,13.38210985,9.974415853,9.663582676,7.921659024,10.72389521,10.92277447,11.92571454,12.05260808,12.97214417,13.68475757,14.19981417,14.39876053,14.23480496,12.9941893,12.6086475,12.89710563,12.48714263,13.41152116,13.66336894,14.10474219,15.6699876,16.40746835,16.51217092,14.45652681,15.46657176,15.96889515,16.5466871,16.43300669,16.70375816,14.92330459,13.7978046,13.20350199,,
Philippines,PHL,Tax revenue (% of GDP),GC.TAX.TOTL.GD.ZS,,,,,,,,,,,,,,,,,,,,,,,,,,,,,,,14.08232357,14.60523986,15.44179721,15.61049254,16.02574705,16.29197183,16.93863776,16.98428717,14.10831608,13.30640421,12.84626379,12.69319142,12.09116828,12.10175226,11.81598762,12.42728273,13.71187088,13.53488654,13.58939442,12.22990875,12.14699206,12.38154015,12.88795126,13.3095109,13.60544233,13.62760378,13.67639707,14.2379464,,
Palau,PLW,Tax revenue (% of GDP),GC.TAX.TOTL.GD.ZS,,,,,,,,,,,,,,,,,,,,,,,,,,,,,,,,,,,,,,,,,,,,,,,,,16.65173858,15.98318376,17.01852534,18.30878368,17.9828529,18.35611907,19.20106067,19.3116872,19.58873923,19.63871115,,
Papua New Guinea,PNG,Tax revenue (% of GDP),GC.TAX.TOTL.GD.ZS,,,,,,,,,,,,,,,,,,,,,,,,,,,,,,,20.07346726,17.73352563,18.28415818,19.86439564,20.59600745,19.72715386,22.46318454,23.7232047,20.48029115,21.78816746,18.975965,24.6964497,21.01324696,,,,,,,,,,,,17.9100167,15.22739434,12.94864123,12.86806006,,
Poland,POL,Tax revenue (% of GDP),GC.TAX.TOTL.GD.ZS,,,,,,,,,,,,,,,,,,,,,,,,,,,,,,,,,,,22.78268073,22.39361964,21.68970579,20.93642319,20.1871071,18.09763147,16.9937379,16.08835679,16.87391595,16.74547539,15.70174329,16.51704043,17.18591095,18.1252184,18.16356665,15.93045661,16.54994333,16.69128122,15.96452736,15.56236213,15.49688159,15.6016349,16.37246979,16.8060447,,
Pre-demographic dividend,PRE,Tax revenue (% of GDP),GC.TAX.TOTL.GD.ZS,,,,,,,,,,,,,,,,,,,,,,,,,,,,,,,,,,,,,,,,,,,,,,,,,,,,,,,,,,,,
Puerto Rico,PRI,Tax revenue (% of GDP),GC.TAX.TOTL.GD.ZS,,,,,,,,,,,,,,,,,,,,,,,,,,,,,,,,,,,,,,,,,,,,,,,,,,,,,,,,,,,,
"Korea, Dem. People’s Rep.",PRK,Tax revenue (% of GDP),GC.TAX.TOTL.GD.ZS,,,,,,,,,,,,,,,,,,,,,,,,,,,,,,,,,,,,,,,,,,,,,,,,,,,,,,,,,,,,
Portugal,PRT,Tax revenue (% of GDP),GC.TAX.TOTL.GD.ZS,,,,,,,,,,,,,,11.48520587,11.77853187,12.31293776,13.84242464,14.11137515,13.45565008,13.76633375,15.17935645,16.08977948,16.5930848,18.33616923,18.00886141,17.6141849,17.54952655,15.57289422,16.98506011,17.73737566,17.6667632,18.28933793,20.02429196,18.58478879,19.35183338,19.78972974,20.61201798,20.38898481,20.53204972,21.05742784,21.01215412,20.63181937,20.94156972,20.90846966,19.9329892,20.47417275,21.06590959,21.3312418,21.03196341,19.17956064,19.69832159,21.23463396,20.88257905,22.7506508,22.72343063,22.86070611,22.40247102,22.61456872,,
Paraguay,PRY,Tax revenue (% of GDP),GC.TAX.TOTL.GD.ZS,,,,,,,,,,,,,,,,,,,,,,,,,,,,,,,,,,,,,,,,,,,,,,8.264764504,8.350504183,7.837877891,8.106741196,8.332744007,8.878323961,9.378146269,9.454565134,8.97252021,9.769710003,9.749454783,9.568414221,9.953470067,,
West Bank and Gaza,PSE,Tax revenue (% of GDP),GC.TAX.TOTL.GD.ZS,,,,,,,,,,,,,,,,,,,,,,,,,,,,,,,,,,,,,,,,,,,,,,4.940211045,4.600788518,4.633400535,5.059761418,5.218103385,5.450001319,5.251954108,4.562387893,4.805542849,5.712687509,5.596604103,6.097454816,6.386103326,,
Pacific island small states,PSS,Tax revenue (% of GDP),GC.TAX.TOTL.GD.ZS,,,,,,,,,,,,,,,,,,,,,,,,,,,,,,,,,,,,,,,,,,,,,,,,,,,19.3408091,21.02620794,21.10223732,21.5395708,21.3864835,21.68938023,21.89394101,23.09140097,,
Post-demographic dividend,PST,Tax revenue (% of GDP),GC.TAX.TOTL.GD.ZS,,,,,,,,,,,,,13.71647743,13.62243885,14.00612202,13.43513523,13.50239947,13.91586082,13.83662739,14.10928525,14.44637779,14.76037127,14.70110406,14.04716862,14.01860062,14.22415441,14.18718463,14.56358405,14.49583244,14.45413391,14.51288982,14.76244056,14.34258539,14.34359095,14.39368237,14.83301697,15.0744582,15.37560965,15.68638142,15.81455041,16.21364963,15.60072973,14.50757022,14.2485405,14.33505701,15.004924,15.42698659,15.46694504,14.79957188,13.42231442,13.84226067,14.32653465,14.56704195,15.04252652,15.32216197,15.43005776,15.32736311,15.84824321,,
French Polynesia,PYF,Tax revenue (% of GDP),GC.TAX.TOTL.GD.ZS,,,,,,,,,,,,,,,,,,,,,,,,,,,,,,,,,,,,,,,,,,,,,,,,,,,,,,,,,,,,
Qatar,QAT,Tax revenue (% of GDP),GC.TAX.TOTL.GD.ZS,,,,,,,,,,,,,,,,,,,,,,,,,,,,,,,,,,,,,,,,,,,,,,,,,,,,,,,,,,,,
Romania,ROU,Tax revenue (% of GDP),GC.TAX.TOTL.GD.ZS,,,,,,,,,,,,,,,,,,,,,,4.388327722,4.074786912,4.024977234,4.052199485,4.201834862,4.46458383,4.463377115,4.526254376,5.1175,23.05630027,22.52189301,22.41292377,19.66235439,17.78714284,17.40204452,16.10773027,17.03601162,17.73603872,17.05661897,17.96270948,16.63341608,16.48910006,17.77476375,17.42126616,17.46805693,17.94705723,17.53952573,16.78534499,15.27296201,16.61503047,18.07745016,17.93047125,17.60828465,17.88468002,18.87805264,16.74751946,15.4607666,,
Russian Federation,RUS,Tax revenue (% of GDP),GC.TAX.TOTL.GD.ZS,,,,,,,,,,,,,,,,,,,,,,,,,,,,,,,,,,,,,,,,11.24287265,13.72553445,15.7786996,13.63496607,13.3140302,13.23402539,16.62290968,16.56821576,16.55131306,15.81806782,12.95635241,13.04834885,13.91518992,13.74246826,12.90728463,13.25058552,10.64121052,9.140619348,10.25956864,,
Rwanda,RWA,Tax revenue (% of GDP),GC.TAX.TOTL.GD.ZS,,,,,,,,,,,,,,8.631147895,10.18131049,7.521318803,9.906255355,10.90185737,9.71992482,11.70219398,10.46763593,,,,,,,,,10.82692927,8.78380627,9.260063961,9.048258736,,,,,,,,,,,,,,,,,,,,,,13.31802943,13.7000979,14.78964789,13.62459572,,
South Asia,SAS,Tax revenue (% of GDP),GC.TAX.TOTL.GD.ZS,,,,,,,,,,,,,,,8.18112069,9.024502692,9.181837771,8.597094001,9.302274308,9.689048691,9.021133602,9.210757848,9.269321295,9.269996865,9.304557816,10.07192106,10.42376484,10.4106782,10.3567679,10.46932944,10.23799087,10.38435859,10.02242541,8.791288909,9.218878002,9.484046147,9.462640616,9.220930101,8.316556781,8.833233482,8.987795457,8.171567664,8.691608369,9.060158753,9.502912702,9.97579625,10.89497106,11.73791611,10.77116389,9.741802677,10.25682545,10.12699245,10.70517446,10.85627672,9.934984996,10.50871206,11.00743218,11.29086596,,
Saudi Arabia,SAU,Tax revenue (% of GDP),GC.TAX.TOTL.GD.ZS,,,,,,,,,,,,,,,,,,,,,,,,,,,,,,,,,,,,,,,,,,,,,,,,,,,2.529613379,2.331966765,2.538420097,2.733928686,2.77137882,3.334403723,3.389982246,3.384836237,,
Sudan,SDN,Tax revenue (% of GDP),GC.TAX.TOTL.GD.ZS,,,,,,,,,,,,,,,,,,,,,,,,,,,,,,,,,,,,,,,6.197163282,6.386617224,,,,,,,,,,7.098291722,6.623224702,4.490601977,6.395470935,7.040072995,7.464107744,7.198603026,7.961450793,,,
Senegal,SEN,Tax revenue (% of GDP),GC.TAX.TOTL.GD.ZS,,,,,,,,,,,,,,,,,,,,,,,,,,,,,,,,,,,,,,,,,,,,,,,,,,,,,,,,15.77426099,,,,
Singapore,SGP,Tax revenue (% of GDP),GC.TAX.TOTL.GD.ZS,,,,,,,,,,,,,14.55018489,14.78510139,15.06460714,16.57112472,15.99637416,16.72455544,15.93464722,16.03977068,16.99291833,17.88020559,18.91634198,18.76083872,17.66338209,15.66216706,12.73576946,13.07807989,14.07201262,15.68787362,14.54626959,15.1815316,16.1033535,16.29033395,16.61315228,15.76850365,15.89736716,15.31234109,14.03102564,14.53171741,14.85578908,14.58551915,12.68873934,12.44607416,11.60451158,11.5770274,11.83102218,12.8204282,13.75439145,12.95492653,12.78582397,13.10572195,13.58066874,13.27125008,13.55655713,13.13977453,13.35034682,14.19087441,,
Solomon Islands,SLB,Tax revenue (% of GDP),GC.TAX.TOTL.GD.ZS,,,,,,,,,,,,,,,,,,,,,,,,,,,,,,,,,,,,,,,,,,,,,,,,,,,,28.69651185,29.16214069,30.28309942,29.16146469,29.15552725,26.6821965,27.55168002,,
Sierra Leone,SLE,Tax revenue (% of GDP),GC.TAX.TOTL.GD.ZS,,,,,,,,,,,,,,,,,,,,,,,,,,,,,,,,,,,,,,,,,,,,,,,,,,,,,,,,,,,,
El Salvador,SLV,Tax revenue (% of GDP),GC.TAX.TOTL.GD.ZS,,,,,,,,,,,,,,,,,,,,,,,,,,,,,,,,,,,,,,,9.879789825,10.43175691,10.6054957,13.30670083,12.09947074,12.67829709,12.65445486,14.51081642,15.67011126,16.74489602,17.0602069,14.97703393,15.81208071,15.34403351,16.18242826,17.05472746,16.7087952,16.75268491,17.38158292,17.79023005,,
San Marino,SMR,Tax revenue (% of GDP),GC.TAX.TOTL.GD.ZS,,,,,,,,,,,,,,,,,,,,,,,,,,,,,,,,,,,,,,,,,,,16.5085467,15.41523672,14.52427954,15.44050465,15.70469071,15.49411779,15.3668311,14.73831958,13.69974029,14.24046369,16.06160278,15.35354228,,16.6656748,15.65491583,,,
Somalia,SOM,Tax revenue (% of GDP),GC.TAX.TOTL.GD.ZS,,,,,,,,,,,,,,,,,,,,,,,,,,,,,,,,,,,,,,,,,,,,,,,,,,,,,,,,,,0.000107574,,
Serbia,SRB,Tax revenue (% of GDP),GC.TAX.TOTL.GD.ZS,,,,,,,,,,,,,,,,,,,,,,,,,,,,,,,,,,,,,,,,,,,,,,,,21.30211447,21.14784382,20.00480647,20.22926705,19.05474094,18.55250021,,,,,,,
Sub-Saharan Africa (excluding high income),SSA,Tax revenue (% of GDP),GC.TAX.TOTL.GD.ZS,,,,,,,,,,,,,,,,,,,,,,,,,,,,,,,,,,,,,,,,,,,,,,,,,,,,,,,18.93543237,18.86331845,18.7072888,,,
South Sudan,SSD,Tax revenue (% of GDP),GC.TAX.TOTL.GD.ZS,,,,,,,,,,,,,,,,,,,,,,,,,,,,,,,,,,,,,,,,,,,,,,,,,,,,,,,,,,,,
Sub-Saharan Africa,SSF,Tax revenue (% of GDP),GC.TAX.TOTL.GD.ZS,,,,,,,,,,,,,,,,,,,,,,,,,,,,,,,,,,,,,,,,,,,,,,,,,,,,,,,18.94860884,18.87540444,18.72272308,,,
Small states,SST,Tax revenue (% of GDP),GC.TAX.TOTL.GD.ZS,,,,,,,,,,,,,,,,,,,,,,,,,,,,,,,,,,,,,,,,,,,,,,,,,,,,,,,,,,,,
Sao Tome and Principe,STP,Tax revenue (% of GDP),GC.TAX.TOTL.GD.ZS,,,,,,,,,,,,,,,,,,,,,,,,,,,,,,,,,,,,,,,,,,,,,,,,,,,,,,,,,,,,
Suriname,SUR,Tax revenue (% of GDP),GC.TAX.TOTL.GD.ZS,,,,,,,,,,,,,,,,,,,,,,,,,,,,,,,,,,,,,,,,,,,,,,,,,,,,,,,,,,,,
Slovak Republic,SVK,Tax revenue (% of GDP),GC.TAX.TOTL.GD.ZS,,,,,,,,,,,,,,,,,,,,,,,,,,,,,,,,,,,,23.25539788,21.42004028,20.42270573,20.10885592,19.69795439,18.46661873,17.23454329,17.07472634,17.63927149,17.24557193,17.96072494,16.75461081,16.71579872,16.40637863,15.48443927,14.99047283,15.50155071,14.97135083,15.92241367,16.69956003,17.54446226,17.42511915,17.74488616,,
Slovenia,SVN,Tax revenue (% of GDP),GC.TAX.TOTL.GD.ZS,,,,,,,,,,,,,,,,,,,,,,,,,,,,,,,,,18.00783634,18.91371773,20.62339686,19.49776296,20.12843477,19.81502828,20.5213458,20.85848727,20.04390177,19.95027883,20.43915302,20.62191523,20.60106635,21.06720118,20.83755211,20.02955902,19.39492279,18.04130246,18.11282925,17.91762013,17.95506951,18.00613113,18.18379736,18.4861393,18.63167872,18.43742575,,
Sweden,SWE,Tax revenue (% of GDP),GC.TAX.TOTL.GD.ZS,,,,,,,,,,,,,19.28215038,17.81952283,17.29640752,16.69787927,19.62033361,20.23362877,18.55345174,17.02563613,16.51770425,16.93198463,16.58611911,17.05693922,17.92379945,20.45925026,19.39887058,21.85416723,21.95778267,21.56790022,21.90468427,19.92612135,17.36758429,15.65014771,14.99835089,26.82303378,27.42002856,27.6431791,29.86585427,30.43007302,29.98054225,27.93551434,26.8101007,26.87988905,27.19022163,28.4714275,28.46220584,28.4166262,26.99572867,26.91593492,27.07751579,26.45355436,26.04981307,26.21171142,26.27641988,26.97516127,27.75667159,27.85329799,,
Eswatini,SWZ,Tax revenue (% of GDP),GC.TAX.TOTL.GD.ZS,,,,,,,,,,,,,,,,,,,,,,,,,,,,,,,,,,,,,,,,,,,,,,,,,,,,,,,,,,,,
Sint Maarten (Dutch part),SXM,Tax revenue (% of GDP),GC.TAX.TOTL.GD.ZS,,,,,,,,,,,,,,,,,,,,,,,,,,,,,,,,,,,,,,,,,,,,,,,,,,,,,,,,,,,,
Seychelles,SYC,Tax revenue (% of GDP),GC.TAX.TOTL.GD.ZS,,,,,,,,,,,,,,,,,,,,,,,,,,30.6581459,31.95856214,34.85929304,35.99450292,36.78675189,,,,35.35999348,31.96714646,27.63522169,26.93784497,26.96494204,26.43613532,27.21809933,26.08089261,,,,,27.30000996,24.69255027,23.25125933,22.36789046,25.2417028,27.85138935,31.49106655,30.40517837,28.06605578,30.08247274,29.5985834,31.6735115,,,
Syrian Arab Republic,SYR,Tax revenue (% of GDP),GC.TAX.TOTL.GD.ZS,,,,,,,,,,,,,,,,,,,,,,,,,,,,,,,,,,,,,,,,,,,,,,,,,,,,,,,,,,,,
Turks and Caicos Islands,TCA,Tax revenue (% of GDP),GC.TAX.TOTL.GD.ZS,,,,,,,,,,,,,,,,,,,,,,,,,,,,,,,,,,,,,,,,,,,,,,,,,,,,,,,,,,,,
Chad,TCD,Tax revenue (% of GDP),GC.TAX.TOTL.GD.ZS,,,,,,,,,,,,,,,,,,,,,,,,,,,,,,,,,,,,,,,,,,,,,,,,,,,,,,,,,,,,
East Asia & Pacific (IDA & IBRD countries),TEA,Tax revenue (% of GDP),GC.TAX.TOTL.GD.ZS,,,,,,,,,,,,,,,,,,,,,,,,,,,,,,,,,,,,,,,,,,,,,,9.254160609,9.761572632,10.341549,10.88311772,10.76259895,10.62993568,10.88196163,10.81509152,10.61051865,10.37478749,10.12424878,9.869205745,,,
Europe & Central Asia (IDA & IBRD countries),TEC,Tax revenue (% of GDP),GC.TAX.TOTL.GD.ZS,,,,,,,,,,,,,,,,,,,,,,,,,,,,,,,,,,,,,,,,13.37237748,14.7892919,15.48703717,14.58078456,14.6921258,14.48658018,16.96402924,17.23549021,17.4711757,17.23181575,15.37465062,15.70890351,16.19992189,15.80275175,15.45361222,15.39347662,14.44198885,13.78183437,14.15072073,,
Togo,TGO,Tax revenue (% of GDP),GC.TAX.TOTL.GD.ZS,,,,,,,,,,,,,,,,,,,,,,,,,,,,,,,,,,,,,,,,,,,,,13.14635208,12.8777438,13.88591562,15.36898502,14.2474836,14.41500542,14.54323347,15.97026891,15.87966385,16.86006417,18.39938624,18.95427306,19.05680326,17.45855792,,
Thailand,THA,Tax revenue (% of GDP),GC.TAX.TOTL.GD.ZS,,,,,,,,,,,,,11.04115235,10.17334549,12.58381061,11.193868,10.7838382,11.60892172,11.66140898,12.37412805,13.14314967,13.47697636,12.64055577,14.13958244,14.10679378,13.6878369,13.61614666,13.64999061,14.80673226,15.58057288,16.90732301,17.41350398,15.59178399,15.39921537,16.03568902,16.44095031,16.72621402,16.10551687,13.78814985,12.88922905,12.97672522,13.07018898,13.47031276,14.4815711,14.8533544,16.06186448,15.63697224,15.14314655,15.38488165,14.194247,14.93263926,16.36185216,15.44094067,17.01195985,15.80834265,16.12835781,15.40052396,14.81478406,,
Tajikistan,TJK,Tax revenue (% of GDP),GC.TAX.TOTL.GD.ZS,,,,,,,,,,,,,,,,,,,,,,,,,,,,,,,,,,,,,,,7.689066615,8.209442379,7.703083898,8.201926827,,9.702188432,9.821023787,,,,,,,,,,,,,,,
Turkmenistan,TKM,Tax revenue (% of GDP),GC.TAX.TOTL.GD.ZS,,,,,,,,,,,,,,,,,,,,,,,,,,,,,,,,,,,,,,,,,,,,,,,,,,,,,,,,,,,,
Latin America & the Caribbean (IDA & IBRD countries),TLA,Tax revenue (% of GDP),GC.TAX.TOTL.GD.ZS,,,,,,,,,,,,,,,,,,,,,12.63708192,12.39003967,12.18344555,12.98663675,11.70637167,11.72848057,11.70931298,11.3673662,10.71226748,10.89596818,11.20929323,9.975027739,10.27346877,10.30087099,10.67542738,,,10.24778719,11.10772508,11.69449198,12.16737213,,,14.45662046,,,,,13.99710936,12.98832565,12.90283655,13.36611392,13.03699711,13.00240824,12.89106896,13.38768361,13.41389639,13.13676568,,
Timor-Leste,TLS,Tax revenue (% of GDP),GC.TAX.TOTL.GD.ZS,,,,,,,,,,,,,,,,,,,,,,,,,,,,,,,,,,,,,,,,,,,,,,,,,,,24.29686671,24.90232971,25.72098388,23.23831664,22.48883333,18.59725643,9.886530856,12.88953582,,
Middle East & North Africa (IDA & IBRD countries),TMN,Tax revenue (% of GDP),GC.TAX.TOTL.GD.ZS,,,,,,,,,,,,,,,,,,,,,,,,,,,,,,,,,,,,,,,,,,,,,,,,,,,,,,,,,,,,
Tonga,TON,Tax revenue (% of GDP),GC.TAX.TOTL.GD.ZS,,,,,,,,,,,,,,,,,,,,,,,,,,,,,,,,,,,,,,,,,,,,,,,,,,,,,,17.3695633,17.63213387,19.01872252,20.36919309,22.25817321,,
South Asia (IDA & IBRD),TSA,Tax revenue (% of GDP),GC.TAX.TOTL.GD.ZS,,,,,,,,,,,,,,,8.18112069,9.024502692,9.181837771,8.597094001,9.302274308,9.689048691,9.021133602,9.210757848,9.269321295,9.269996865,9.304557816,10.07192106,10.42376484,10.4106782,10.3567679,10.46932944,10.23799087,10.38435859,10.02242541,8.791288909,9.218878002,9.484046147,9.462640616,9.220930101,8.316556781,8.833233482,8.987795457,8.171567664,8.691608369,9.060158753,9.502912702,9.97579625,10.89497106,11.73791611,10.77116389,9.741802677,10.25682545,10.12699245,10.70517446,10.85627672,9.934984996,10.50871206,11.00743218,11.29086596,,
Sub-Saharan Africa (IDA & IBRD countries),TSS,Tax revenue (% of GDP),GC.TAX.TOTL.GD.ZS,,,,,,,,,,,,,,,,,,,,,,,,,,,,,,,,,,,,,,,,,,,,,,,,,,,,,,,18.94860884,18.87540444,18.72272308,,,
Trinidad and Tobago,TTO,Tax revenue (% of GDP),GC.TAX.TOTL.GD.ZS,,,,,,,,,,,,,,,,,29.58870323,32.62133602,28.74988203,29.18213284,35.6508085,34.844169,,,,,,,,,,,,,,,,,,,,22.12128594,20.45549831,21.30154983,22.02505646,26.3787008,30.25758765,25.99529034,29.48840531,26.82740606,26.24401846,25.6437422,26.29598978,25.55905922,26.8507529,26.40165833,,,,
Tunisia,TUN,Tax revenue (% of GDP),GC.TAX.TOTL.GD.ZS,,,,,,,,,,,,,17.78922717,18.95248849,17.86406512,20.22510624,19.94826694,21.26921849,22.61765772,21.79671458,20.9913854,21.63863527,22.78120057,23.06769464,22.97891585,21.99962954,22.5168985,20.56177118,20.50088908,20.1514093,19.95340107,20.38441075,20.49935064,21.00797927,20.76414271,20.48581381,19.83761925,18.44103315,19.18316383,19.13116645,19.29243408,19.59743594,19.54050588,18.74521178,18.67214575,18.87750472,18.51010868,19.07081883,20.50181118,20.04816181,20.13908603,21.19310552,21.12788966,,,,,,,
Turkey,TUR,Tax revenue (% of GDP),GC.TAX.TOTL.GD.ZS,,,,,,,,,,,,,13.4209616,14.31318681,13.17063332,14.72230841,16.26579203,16.66193316,16.51178962,14.59270725,14.33869919,15.2689533,,13.93806901,10.80096922,11.34561411,11.72819518,12.14195571,11.0271659,11.24919113,11.55833127,12.49517351,12.9688266,13.34277157,15.2014677,13.9767747,15.19952105,19.05053839,14.67894917,,,,,,,,,,17.69632423,18.26135795,19.40536961,18.74408606,18.39275841,18.53188787,18.0698217,18.23818729,18.32477429,17.8731079,17.97697336,
Tuvalu,TUV,Tax revenue (% of GDP),GC.TAX.TOTL.GD.ZS,,,,,,,,,,,,,,,,,,,,,,,,,,,,,,,,,,,,,,,,,,,,,,,,,,,,,,,,,,,,
Tanzania,TZA,Tax revenue (% of GDP),GC.TAX.TOTL.GD.ZS,,,,,,,,,,,,,,,,,,,,,,,,,,,,,,,,,,,,,,,,,,,,,,,,,,11.53417446,9.912261583,9.793982,10.43300402,10.72192345,11.36379689,10.49249549,11.39033994,11.82656497,11.60684417,
Uganda,UGA,Tax revenue (% of GDP),GC.TAX.TOTL.GD.ZS,,,,,,,,,,,,,,,,,,,,,,,,,,,,,,,,,,,,,,,,,,,,,,,,,,,,,,,,12.92853065,13.45577038,13.7303273,,
Ukraine,UKR,Tax revenue (% of GDP),GC.TAX.TOTL.GD.ZS,,,,,,,,,,,,,,,,,,,,,,,,,,,,,,,,,,,,,,,,12.99175088,14.10037044,12.07313068,13.11147594,13.66777031,13.28863237,17.13981874,17.76488074,16.50071456,17.88010191,16.38775215,15.57052141,18.5150528,18.31655714,17.56138078,17.29434784,20.45136542,19.63011981,20.03452549,,
Upper middle income,UMC,Tax revenue (% of GDP),GC.TAX.TOTL.GD.ZS,,,,,,,,,,,,,,,,,,,,,,,,,,,,,,,,,,,,,,,,,,,,,,12.27245527,12.38452022,12.82031843,12.92188446,12.38194495,12.53129205,12.85555623,12.65095455,12.46962698,12.21563366,11.9729675,11.68592543,,,
Uruguay,URY,Tax revenue (% of GDP),GC.TAX.TOTL.GD.ZS,,,,,,,,,,,,,13.68094992,10.44732195,12.71035527,12.23612691,15.52333454,15.84769476,16.02307268,14.44700072,15.82577762,16.73906481,14.00555378,15.12129764,13.86925665,15.94975265,16.76322844,15.96544635,15.18910308,14.53217809,16.2025864,16.79324032,17.24085747,19.38949411,19.03440938,16.87875803,17.35110223,16.78079246,16.98284177,15.27828517,14.69913704,15.30598158,15.77767622,17.2060059,17.84620462,17.89692197,18.98805557,18.41050909,18.24184127,18.72222095,18.88638874,19.1018313,18.82188561,19.04141239,18.56672287,18.5094794,23.70930472,19.74034508,,
United States,USA,Tax revenue (% of GDP),GC.TAX.TOTL.GD.ZS,,,,,,,,,,,,,11.8199373,11.49521249,11.83762036,11.1858005,10.74883688,11.61864632,11.54235905,12.00380309,12.13835265,12.55050604,11.97862664,10.34826823,10.15971565,10.38424016,10.16304589,10.94884573,10.59594327,10.78244038,10.46528476,10.32034243,9.984161837,10.30493432,10.62350664,10.98098904,11.37391458,11.82819654,12.32982913,12.26062892,12.96903235,11.858072,9.861546039,9.389746033,9.539265084,10.68450134,11.31121212,11.30719612,10.31615636,7.919615919,8.595887591,9.573699439,9.79687152,10.51960599,10.95153383,11.2046032,10.98294396,11.94741055,9.675467574,
Uzbekistan,UZB,Tax revenue (% of GDP),GC.TAX.TOTL.GD.ZS,,,,,,,,,,,,,,,,,,,,,,,,,,,,,,,,,,,,,,,,,,,,,,,,,,,,16.20787858,17.16468708,17.50574004,14.20610227,14.27812755,14.14901355,12.21662786,,
St. Vincent and the Grenadines,VCT,Tax revenue (% of GDP),GC.TAX.TOTL.GD.ZS,,,,,,,,,,,,,,,,,,,,,,,,,,,,,,,18.25924779,19.57735015,18.48160121,18.70558636,19.770081,19.2212375,19.95481229,20.56489016,21.17422581,20.69308664,21.27421136,20.80516156,21.87741288,20.9498669,20.64118567,20.77100009,21.92823649,21.78499289,23.8571432,23.73980128,22.91476962,22.57613368,23.01422454,21.6012816,23.83515431,23.59226088,25.72777946,25.58227451,,
"Venezuela, RB",VEN,Tax revenue (% of GDP),GC.TAX.TOTL.GD.ZS,,,,,,,,,,,,,,,,,,,,,,,,,,,,,,,,,,,,,,,,,,,,,,,,,,,,,,,,,,,,
British Virgin Islands,VGB,Tax revenue (% of GDP),GC.TAX.TOTL.GD.ZS,,,,,,,,,,,,,,,,,,,,,,,,,,,,,,,,,,,,,,,,,,,,,,,,,,,,,,,,,,,,
Virgin Islands (U.S.),VIR,Tax revenue (% of GDP),GC.TAX.TOTL.GD.ZS,,,,,,,,,,,,,,,,,,,,,,,,,,,,,,,,,,,,,,,,,,,,,,,,,,,,,,,,,,,,
Vietnam,VNM,Tax revenue (% of GDP),GC.TAX.TOTL.GD.ZS,,,,,,,,,,,,,,,,,,,,,,,,,,,,,,,,,,,,,,,,,,,,,,,,,,,,,,,,,,,,
Vanuatu,VUT,Tax revenue (% of GDP),GC.TAX.TOTL.GD.ZS,,,,,,,,,,,,,,,,,,,,,,,,,,,,,,,21.52087153,,,,,19.08248484,19.79847395,19.28499157,17.73499163,17.1253469,,,,,,,,,,16.02450898,15.4991754,15.98577738,16.62893558,17.24116592,17.37814446,16.74526205,16.64980502,17.74106443,,
World,WLD,Tax revenue (% of GDP),GC.TAX.TOTL.GD.ZS,,,,,,,,,,,,,,,13.77130518,13.38973177,13.49466347,13.89211284,13.85851445,14.09675271,14.26992117,14.56229484,14.46583809,13.97676495,13.79264477,14.00684153,13.91987865,14.18129123,14.06329577,14.06068969,14.21859535,14.29128274,14.00769731,13.91757515,14.15239822,14.62930074,14.86765935,14.93556091,15.05923093,15.13187232,15.61907405,15.21905693,14.321376,14.12131211,14.25569588,14.38161787,14.78293649,14.92970572,14.35761244,13.14353981,13.4043793,13.76247215,13.89052056,14.1847916,14.28877134,14.31577323,14.22984342,15.20432835,,
Samoa,WSM,Tax revenue (% of GDP),GC.TAX.TOTL.GD.ZS,,,,,,,,,,,,,,,,,,,,,,,,,,,,,,,,,,,,,,,,,,,,,,,,,,,,,19.82051972,22.49454632,23.43395465,23.10091868,24.64370849,24.69081492,,
Kosovo,XKX,Tax revenue (% of GDP),GC.TAX.TOTL.GD.ZS,,,,,,,,,,,,,,,,,,,,,,,,,,,,,,,,,,,,,,,,,,,,,,,,,,,,,,,,,,,,
"Yemen, Rep.",YEM,Tax revenue (% of GDP),GC.TAX.TOTL.GD.ZS,,,,,,,,,,,,,,,,,,,,,,,,,,,,,,,,,,,,,,,,,,,,,,,,,,,,,,,,,,,,
South Africa,ZAF,Tax revenue (% of GDP),GC.TAX.TOTL.GD.ZS,,,,,,,,,,,,,17.24936046,17.79144122,17.43702519,18.33534379,18.22551761,19.08681999,19.14720862,19.29994437,19.17589899,18.59773579,19.85719822,19.75459493,20.95894973,22.70725113,21.85509012,21.69525172,22.76539992,25.30204908,23.11194062,22.90376777,20.62164634,21.7752299,21.53464199,22.42023871,23.20649973,23.53245619,24.3884263,24.13044338,23.34368567,24.18558057,23.27841514,23.03754961,24.28209502,25.74329543,27.26987061,27.59603925,26.81321687,24.3968023,25.04150129,25.17982275,25.58813186,26.04390961,26.54119201,27.3427766,27.10558769,26.96606681,,
Zambia,ZMB,Tax revenue (% of GDP),GC.TAX.TOTL.GD.ZS,,,,,,,,,,,,,,,,,,,,,,,,,,,,,,,19.48288336,17.4938312,18.71092625,15.04017112,17.23651829,15.68950016,16.10561795,16.05009567,16.18818713,16.95430849,,16.54070446,15.44001287,14.85951988,15.31705863,14.7947686,13.7115293,14.08251458,13.25930378,11.68751583,12.83484444,14.71557758,14.89218311,14.34715672,15.76108694,14.39395608,13.35318143,15.18487062,,
Zimbabwe,ZWE,Tax revenue (% of GDP),GC.TAX.TOTL.GD.ZS,,,,,,,,,,,,,,,,,,,,,,,,,,,,,,,,,,,,,,,,,,,,,,,,,,9.196892339,17.43492371,17.9282542,17.83548922,,,18.0602201,15.75324773,15.79314989,,