country,country_code,year,cic,gdp,cd,bank_rate,treasury_bill_rate,interest_rates_imf,debt_gdp,tax_gdp,urban_pop_growth,crime
United States,USA,1918,4.370333333,NA,NA,NA,,NA,NA,NA,NA,NA
United States,USA,1919,4.728,NA,NA,NA,,NA,NA,NA,NA,NA
United States,USA,1920,5.190333333,NA,NA,NA,,NA,NA,NA,NA,NA
United States,USA,1921,4.664333333,NA,NA,NA,,NA,NA,NA,NA,NA
United States,USA,1922,4.246833333,NA,NA,NA,,NA,NA,NA,NA,NA
United States,USA,1923,4.53375,NA,NA,NA,,NA,NA,NA,NA,NA
United States,USA,1924,4.591583333,NA,NA,NA,,NA,NA,NA,NA,NA
United States,USA,1925,4.580416667,NA,NA,NA,,NA,NA,NA,NA,NA
United States,USA,1926,4.644416667,NA,NA,NA,,NA,NA,NA,NA,NA
United States,USA,1927,4.605,NA,NA,NA,,NA,NA,NA,NA,NA
United States,USA,1928,4.495416667,NA,NA,NA,,NA,NA,NA,NA,NA
United States,USA,1929,4.474916667,104.556,0.042799234,NA,,NA,NA,NA,NA,NA
United States,USA,1930,4.2585,92.16,0.046207682,NA,,NA,NA,NA,NA,NA
United States,USA,1931,4.669833333,77.391,0.06034078,NA,,NA,NA,NA,NA,NA
United States,USA,1932,5.328083333,59.522,0.089514521,NA,,NA,NA,NA,NA,NA
United States,USA,1933,5.57525,57.154,0.097547853,NA,,NA,NA,NA,NA,NA
United States,USA,1934,5.40225,66.8,0.080872006,NA,0.27833333,NA,NA,NA,NA,NA
United States,USA,1935,5.584416667,74.241,0.075220116,NA,0.1675,NA,NA,NA,NA,NA
United States,USA,1936,6.102666667,84.83,0.071939958,NA,0.1725,NA,NA,NA,NA,NA
United States,USA,1937,6.474416667,93.003,0.069615138,NA,0.27583333,NA,NA,NA,NA,NA
United States,USA,1938,6.505083333,87.352,0.07446977,NA,0.065,NA,NA,NA,NA,NA
United States,USA,1939,7.056083333,93.437,0.075517015,NA,0.04583333,NA,NA,NA,NA,NA
United States,USA,1940,7.87775,102.899,0.076558081,NA,0.03583333,NA,NA,NA,NA,NA
United States,USA,1941,9.588,129.309,0.074147971,NA,0.12916667,NA,NA,NA,NA,NA
United States,USA,1942,12.67925,165.952,0.076403117,NA,0.3425,NA,NA,NA,NA,NA
United States,USA,1943,17.60666667,203.084,0.086696474,NA,0.38,NA,NA,NA,NA,NA
United States,USA,1944,22.55058333,224.447,0.100471752,NA,0.38,NA,NA,NA,NA,NA
United States,USA,1945,26.84683333,228.007,0.117745654,NA,0.38,NA,NA,NA,NA,NA
United States,USA,1946,28.28991667,227.535,0.124332154,NA,0.38,NA,NA,NA,NA,NA
United States,USA,1947,28.42025,249.616,0.113855883,NA,0.60083333,NA,NA,NA,NA,NA
United States,USA,1948,28.06366667,274.468,0.102247499,NA,1.045,NA,NA,NA,NA,NA
United States,USA,1949,27.5185,272.475,0.100994587,NA,1.115,NA,NA,NA,NA,NA
United States,USA,1950,27.17333333,299.827,0.090630041,NA,1.20333333,NA,78.199645,NA,NA,NA
United States,USA,1951,27.736,346.914,0.079950651,NA,1.5175,NA,68.201929,NA,NA,NA
United States,USA,1952,29.06258333,367.341,0.079116089,NA,1.7225,NA,66.341449,NA,NA,NA
United States,USA,1953,30.13358333,389.218,0.077420837,NA,1.89083333,NA,64.602206,NA,NA,NA
United States,USA,1954,30.02816667,390.549,0.076887066,NA,0.93833333,NA,64.955715,NA,NA,NA
United States,USA,1955,30.24858333,425.478,0.071093178,NA,1.725,NA,59.520558,NA,NA,NA
United States,USA,1956,30.68625,449.353,0.068289852,NA,2.6275,NA,55.370304,NA,NA,NA
United States,USA,1957,31.00275,474.039,0.065401264,NA,3.225,NA,52.249566,NA,NA,NA
United States,USA,1958,31.17616667,481.229,0.064784472,NA,1.77083333,NA,53.659927,NA,NA,NA
United States,USA,1959,31.79208333,521.654,0.060944771,NA,3.38583333,NA,50.901287,NA,NA,NA
United States,USA,1960,32.0555,542.382,0.059101334,NA,2.88333333,NA,48.843131,NA,2.449104465,NA
United States,USA,1961,32.50275,562.21,0.057812472,NA,2.35416667,NA,48.71073,NA,2.200570878,NA
United States,USA,1962,33.76741667,603.921,0.055913632,NA,2.77333333,NA,46.683625,NA,2.076494302,NA
United States,USA,1963,35.4965,637.451,0.055685064,NA,3.15916667,NA,45.101255,NA,1.970559363,NA
United States,USA,1964,37.70666667,684.46,0.055089657,NA,3.54666667,NA,43.08586,NA,1.913437108,NA
United States,USA,1965,39.884,742.289,0.053731094,NA,3.94916667,NA,40.284211,NA,1.767653287,NA
United States,USA,1966,42.50716667,813.414,0.052257727,NA,4.8625,NA,37.597638,NA,1.665558704,NA
United States,USA,1967,44.75825,859.958,0.052047019,NA,4.30666667,NA,37.44479,NA,1.592820422,NA
United States,USA,1968,47.72908333,940.651,0.05074048,NA,5.33833333,NA,35.810768,NA,1.495762638,NA
United States,USA,1969,50.87941667,1017.615,0.04999869,NA,6.66666667,NA,32.959059,NA,1.467992726,NA
United States,USA,1970,54.17308333,1073.303,0.050473243,NA,6.39166667,NA,32.588675,NA,1.531151622,NA
United States,USA,1971,58.07183333,1164.85,0.049853486,NA,4.3325,NA,32.445719,NA,1.279277894,NA
United States,USA,1972,62.17583333,1279.11,0.048608668,NA,4.0725,NA,31.069127,11.8199373,1.084106289,NA
United States,USA,1973,67.60608333,1425.376,0.047430351,NA,7.03166667,NA,28.572192,11.49521249,0.968058589,NA
United States,USA,1974,73.97008333,1545.243,0.047869548,NA,7.83,NA,27.511703,11.83762036,0.927239982,NA
United States,USA,1975,80.76175,1684.904,0.047932553,NA,5.775,NA,31.083993,11.1858005,0.999564503,NA
United States,USA,1976,88.36808333,1873.412,0.047169594,NA,4.97416667,NA,32.216335,10.74883688,0.963796081,NA
United States,USA,1977,96.47058333,2081.826,0.046339407,NA,5.26916667,NA,32.125633,11.61864632,1.019346153,NA
United States,USA,1978,106.139,2351.599,0.045134821,NA,7.18833333,NA,31.204295,11.54235905,1.071788951,NA
United States,USA,1979,116.642,2627.334,0.044395574,NA,10.0691667,NA,29.793497,12.00380309,1.117147538,NA
United States,USA,1980,127.5426667,2857.307,0.044637369,NA,11.4341667,NA,30.59302,12.13835265,1.021992478,NA
United States,USA,1981,137.4699167,3207.042,0.042865019,NA,14.025,NA,30.326736,12.55050604,1.187337971,NA
United States,USA,1982,147.44775,3343.789,0.044096009,NA,10.6141667,NA,34.479185,11.97862664,1.158817769,NA
United States,USA,1983,160.6590833,3634.038,0.044209522,NA,8.61083333,9.38,37.391818,10.34826823,1.119456627,NA
United States,USA,1984,173.9805833,4037.613,0.04308996,NA,9.5225,8.13,39.204934,10.15971565,1.067786202,NA
United States,USA,1985,185.4145833,4338.979,0.042732307,NA,7.47916667,7.75,42.897649,10.38424016,1.087690787,NA
United States,USA,1986,198.78775,4579.631,0.043406936,NA,5.97833333,5.88,46.37764,10.16304589,1.125320221,NA
United States,USA,1987,214.6169167,4855.215,0.044203381,NA,5.775,6.81,47.564265,10.94884573,1.093244264,NA
United States,USA,1988,233.0936667,5236.438,0.044513783,NA,6.6675,8.69,47.956631,10.59594327,1.107017474,NA
United States,USA,1989,247.3764167,5641.58,0.043848783,NA,8.11166667,8.25,47.996295,10.78244038,1.140364939,NA
United States,USA,1990,266.8675833,5963.144,0.044752832,NA,7.49333333,7,50.079413,10.46528476,1.410256285,9.3
United States,USA,1991,291.81875,6158.129,0.047387567,NA,5.375,4,53.553833,10.32034243,1.867384399,9.7
United States,USA,1992,312.6661667,6520.327,0.047952529,NA,3.43166667,3,55.797709,9.984161837,1.908632997,9.2
United States,USA,1993,343.5631667,6858.559,0.050092617,NA,2.9975,3,57.389579,10.30493432,1.831182276,9.4
United States,USA,1994,379.1286667,7287.236,0.052026402,NA,4.24666667,5.5,56.698261,10.62350664,1.73098223,8.9
United States,USA,1995,407.9183333,7639.749,0.053394206,NA,5.49,5.5,56.353742,10.98098904,1.686466663,8.1
United States,USA,1996,425.7430833,8073.122,0.052735866,NA,5.00583333,5.25,55.722561,11.37391458,1.652782978,7.3
United States,USA,1997,453.8421667,8577.552,0.052910454,NA,5.06083333,5.5,53.095523,11.82819654,1.681975267,6.7
United States,USA,1998,485.664,9062.817,0.053588636,NA,4.77666667,4.75,50.067424,12.32982913,1.637627657,6.2
United States,USA,1999,535.6471667,9630.663,0.05561893,NA,4.63833333,5.5,46.85378,12.26062892,1.612956772,5.6
United States,USA,2000,572.01975,10252.347,0.055794029,NA,5.81666667,6.5,41.378347,12.96903235,1.512011391,5.5
United States,USA,2001,601.0930833,10581.822,0.056804309,NA,3.38833333,1.8306,40.6636,11.858072,1.213380422,6.7
United States,USA,2002,653.9599167,10936.418,0.059796536,NA,1.6025,1.25,42.100453,9.861546039,1.148418847,5.6
United States,USA,2003,693.5033333,11458.246,0.060524389,NA,1.01083333,1,44.669945,9.389746033,1.078360384,5.7
United States,USA,2004,729.3506667,12213.73,0.059715637,NA,1.37166667,2.25,45.489038,9.539265084,1.143885301,5.5
United States,USA,2005,761.86775,13036.637,0.058440513,NA,3.14666667,4.25,45.621831,10.68450134,1.135884591,5.7
United States,USA,2006,794.0215833,13814.609,0.057476949,NA,4.72666667,5.25,44.830592,11.31121212,1.17796816,5.8
United States,USA,2007,811.7314167,14451.86,0.056167955,NA,4.35333333,4.25,45.238248,11.30719612,1.163067761,5.7
United States,USA,2008,832.3643333,14712.845,0.056573989,NA,1.365,0.125,53.613096,10.31615636,1.156185671,5.4
United States,USA,2009,907.3975833,14448.932,0.062800322,NA,0.15,0.125,65.10121,7.919615919,1.085290294,5
United States,USA,2010,945.6419167,14992.052,0.063076216,NA,0.13666667,0.125,73.926408,8.595887591,1.035002594,4.8
United States,USA,2011,1023.447167,15542.582,0.06584795,NA,0.0525,0.125,78.816105,9.573699439,0.938733055,4.7
United States,USA,2012,1112.7995,16197.007,0.06870402,NA,0.08583333,0.125,83.081135,9.79687152,0.949582719,4.7
United States,USA,2013,1193.20175,16784.851,0.071088016,NA,0.05833333,0.125,85.431799,10.51960599,0.914905301,4.5
United States,USA,2014,1279.127417,17527.258,0.072979323,NA,0.0325,0.125,86.036021,10.95153383,0.960162155,4.5
United States,USA,2015,1371.52375,18224.78,0.075255984,NA,0.0525,0.375,86.828902,11.2046032,0.967792647,5
United States,USA,2016,1457.525,18715.04,0.077879876,NA,0.3175,0.625,89.26581,10.98294396,0.956993485,5.4
United States,USA,2017,1555.442667,19519.424,0.079686914,NA,0.93083333,NA,88.805993,11.94741055,0.879600123,5.3
United States,NA,2018,1661.464,20580.223,0.080731098,NA,1.93916667,NA,90.497535,9.675467574,0.860433167,NA
United Kingdom,GBR,1875,25377365,1245828338,0.02037,4,,4,57.46885574,5.607674722,NA,NA
United Kingdom,GBR,1876,26196835,1229404387,0.02131,2,,2,58.20848145,5.789619403,NA,NA
United Kingdom,GBR,1877,27216605,1212413224,0.02245,4,,4,58.99003313,5.932696588,NA,NA
United Kingdom,GBR,1878,26529445,1190624638,0.02228,5,,5,60.23700995,6.270988334,NA,NA
United Kingdom,GBR,1879,29384465,1143697139,0.02569,3,,3,62.52744693,6.105530636,NA,NA
United Kingdom,GBR,1880,26305410,1229476011,0.0214,3,,3,58.25296999,6.060497497,NA,NA
United Kingdom,GBR,1881,25259150,1246862361,0.02026,5,,5,57.0249318,6.25328409,NA,NA
United Kingdom,GBR,1882,24532660,1283575035,0.01911,5,,5,54.98222472,6.299591672,NA,NA
United Kingdom,GBR,1883,24835615,1290341594,0.01925,3,,3,54.18333024,6.268576675,NA,NA
United Kingdom,GBR,1884,24180600,1255920950,0.01925,5,,5,55.28568795,6.529203763,NA,NA
United Kingdom,GBR,1885,23418840,1230757485,0.01903,4,,4,56.51923221,6.79930613,NA,NA
United Kingdom,GBR,1886,23441560,1240626641,0.01889,5,,5,55.88687009,6.856587464,NA,NA
United Kingdom,GBR,1887,23245785,1291547090,0.018,4,,4,51.97321047,6.568684355,NA,NA
United Kingdom,GBR,1888,23183670,1337360296,0.01734,5,,5,49.18423958,6.320774336,NA,NA
United Kingdom,GBR,1889,23042465,1408963646,0.01635,6,,6,46.23892304,6.249587883,NA,NA
United Kingdom,GBR,1890,23069860,1442909308,0.01599,5,,5,44.76767367,6.276559883,NA,NA
United Kingdom,GBR,1891,23615300,1441379836,0.01638,3.5,,3.5,44.27559739,6.398009746,NA,NA
United Kingdom,GBR,1892,24590555,1409542375,0.01745,3,,3,44.93290412,6.541859406,NA,NA
United Kingdom,GBR,1893,24511490,1410475907,0.01738,3,,3,44.67214641,6.566287439,NA,NA
United Kingdom,GBR,1894,24308400,1488136585,0.01633,2,,2,42.02909278,6.41808708,NA,NA
United Kingdom,GBR,1895,24794165,1519498830,0.01632,2,,2,40.67265259,6.685745102,NA,NA
United Kingdom,GBR,1896,24919335,1571419872,0.01586,4,,4,39.00027471,6.725848217,NA,NA
United Kingdom,GBR,1897,25563940,1610681187,0.01587,3,,3,37.67283594,6.77393357,NA,NA
United Kingdom,GBR,1898,26353465,1699938082,0.0155,4,,4,35.54670695,6.561824333,NA,NA
United Kingdom,GBR,1899,26225355,1804817756,0.01453,6,,6,33.67066763,6.696928369,NA,NA
United Kingdom,GBR,1900,28437985,1875030802,0.01517,4,,4,34.99418456,6.989948694,NA,NA
United Kingdom,GBR,1901,28603125,1890361274,0.01513,4,,4,37.94170785,7.539447941,NA,NA
United Kingdom,GBR,1902,28487485,1897990764,0.01501,4,,4,39.66224818,7.981850344,NA,NA
United Kingdom,GBR,1903,28106400,1870482528,0.01503,4,,4,40.38025163,7.80750858,NA,NA
United Kingdom,GBR,1904,27629180,1874081466,0.01474,3,,3,40.35432999,7.741148085,NA,NA
United Kingdom,GBR,1905,26986870,1944106758,0.01388,4,,4,38.77276111,7.5359139,NA,NA
United Kingdom,GBR,1906,28265930,2021576044,0.01398,6,,6,36.90686657,7.305590649,NA,NA
United Kingdom,GBR,1907,27885190,2094482594,0.01331,7,,7,34.92302605,7.113084952,NA,NA
United Kingdom,GBR,1908,27810505,1992953883,0.01395,2.5,,2.5,36.02603814,7.281199867,NA,NA
United Kingdom,GBR,1909,28649325,2035113165,0.01408,4.5,,4.5,35.55100789,6.389971073,NA,NA
United Kingdom,GBR,1910,27748220,2121940371,0.01308,4.5,,4.5,33.29513358,8.356945878,NA,NA
United Kingdom,GBR,1911,27110320,2208451964,0.01228,4,,4,31.23298785,8.209702724,NA,NA
United Kingdom,GBR,1912,27988795,2303628322,0.01215,5,,5,29.62630035,7.805688292,NA,NA
United Kingdom,GBR,1913,27707990,2404537406,0.01152,5,,5,28.26622733,7.824927555,NA,NA
United Kingdom,GBR,1914,28210060,2433852663,0.01159,5,,5,41.38195156,8.669855458,NA,NA
United Kingdom,GBR,1915,34222880,2916456549,0.01173,5,,5,63.70901956,10.19406939,NA,NA
United Kingdom,GBR,1916,32507860,3381059675,0.00961,6,,6,102.2486443,14.6256388,NA,NA
United Kingdom,GBR,1917,38584710,4184401064,0.00922,5,,5,125.437477,15.48795297,NA,NA
United Kingdom,GBR,1918,47251225,4968237588,0.00951,5,,5,137.3330407,16.336998,NA,NA
United Kingdom,GBR,1919,70335745,5337207075,0.01318,6,,6,140.2476963,22.12645803,NA,NA
United Kingdom,GBR,1920,96526440,5842722983,0.01652,7,,7,125.6050236,22.95010816,NA,NA
United Kingdom,GBR,1921,127697910,4799506653,0.02661,5,,5,160.3529395,25.00621599,NA,NA
United Kingdom,GBR,1922,121545695,4361473437,0.02787,3,,3,178.5996203,22.16510117,NA,NA
United Kingdom,GBR,1923,123940440,4162624390,0.02977,4,3.213,4,185.7908443,20.57355937,NA,NA
United Kingdom,GBR,1924,125579195,4271644204,0.0294,4,3.772,4,179.7036371,18.93533172,NA,NA
United Kingdom,GBR,1925,124803065,4410606203,0.0283,5,4.902,5,173.2584966,18.34044943,NA,NA
United Kingdom,GBR,1926,141138190,4255178999,0.03317,5,4.478,5,179.7327446,18.97217485,NA,NA
United Kingdom,GBR,1927,136603685,4500028046,0.03036,4.5,4.267,4.5,169.6972757,18.52266233,NA,NA
United Kingdom,GBR,1928,135349460,4500230401,0.03008,4.5,4.795,4.5,169.4007711,18.62126881,NA,NA
United Kingdom,GBR,1929,352253215,4590654925,0.07673,5,4.603,5,165.6054555,17.86999924,NA,NA
United Kingdom,GBR,1930,346812165,4515478798,0.07681,3,1.268,3,168.0048859,18.75991535,NA,NA
United Kingdom,GBR,1931,347665402,4223786063,0.08231,6,5.511,6,180.6844591,20.19692729,NA,NA
United Kingdom,GBR,1932,346404346,4132592802,0.08382,2,0.968,2,188.9074335,20.15986186,NA,NA
United Kingdom,GBR,1933,356249195,4206436489,0.08469,2,0.967,2,189.8929182,19.34654195,NA,NA
United Kingdom,GBR,1934,367402301,4420603523,0.08311,2,0.325,2,179.4868044,18.22828028,NA,NA
United Kingdom,GBR,1935,377437751,4618915095,0.08172,2,0.568,2,171.0748052,18.07242573,NA,NA
United Kingdom,GBR,1936,399881499,4880576242,0.08193,2,0.649,2,162.0264618,18.10544403,NA,NA
United Kingdom,GBR,1937,455067116,5219979899,0.08718,2,0.548,2,154.9665929,17.92487746,NA,NA
United Kingdom,GBR,1938,474523750,5383652819,0.08814,2,0.687,2,153.4845444,18.42290046,NA,NA
United Kingdom,GBR,1939,472734976,5791478319,0.08163,2,1.219,2,153.4612496,19.00551015,NA,NA
United Kingdom,GBR,1940,531215913,7029795827,0.07557,2,1.006,2,155.5567938,19.97959876,NA,NA
United Kingdom,GBR,1941,603248922,8470321049,0.07122,2,1.009,2,160.0635905,23.6682292,NA,NA
United Kingdom,GBR,1942,749571795,9280885326,0.08077,2,1.103,2,175.7499358,29.47402003,NA,NA
United Kingdom,GBR,1943,917446872,9878094668,0.09288,2,1.009,2,192.9390296,31.30664469,NA,NA
United Kingdom,GBR,1944,1077464198,9963707093,0.10814,2,1.003,2,219.2125862,33.15357396,NA,NA
United Kingdom,GBR,1945,1217141164,9696727960,0.12552,2,0.502,2,241.9965796,34.95586361,NA,NA
United Kingdom,GBR,1946,1323113723,9756250981,0.13562,2,0.501,2,259.0280329,36.27417957,NA,NA
United Kingdom,GBR,1947,1375574579,10544029386,0.13046,2,0.511,2,244.4243472,34.10460905,NA,NA
United Kingdom,GBR,1948,1231610932,11581000000,0.10635,2,0.52,2,219.6876349,36.42172524,NA,NA
United Kingdom,GBR,1949,1228029806,12343000000,0.09949,2,0.521,2,208.6834643,36.87920279,NA,NA
United Kingdom,GBR,1950,1247156890,12920000000,0.09653,2,0.515,2,200.5893963,35.66563467,NA,NA
United Kingdom,GBR,1951,1288980991,14508000000,0.08885,2.5,0.967,2.5,178.5128894,34.15357044,NA,NA
United Kingdom,GBR,1952,1367027466,15759000000,0.08675,4,2.418,4,165.0548893,32.74953995,NA,NA
United Kingdom,GBR,1953,1464747486,16903000000,0.08666,3.5,2.131,3.5,156.481098,30.91758859,NA,NA
United Kingdom,GBR,1954,1547887977,17833000000,0.0868,3,1.866,3,150.5425335,30.63982504,NA,NA
United Kingdom,GBR,1955,1658946375,19388000000,0.08557,4.5,4.073,4.5,139.3271611,30.29709098,NA,NA
United Kingdom,GBR,1956,1787882333,21052000000,0.08493,5.5,4.858,5.5,128.3286624,28.97586928,NA,NA
United Kingdom,GBR,1957,1873368446,22323000000,0.08392,7,6.375,7,121.7399095,28.91636429,NA,NA
United Kingdom,GBR,1958,1962114543,23452000000,0.08367,4,3.152,4,116.5785434,29.464438,NA,NA
United Kingdom,GBR,1959,2006062831,24597000000,0.08156,4,3.687,4,112.3866732,29.12956865,NA,NA
United Kingdom,GBR,1960,2111915274,26412000000,0.07996,5,4.35,5,106.4752764,27.83204604,0.277313858,NA
United Kingdom,GBR,1961,2205960632,28069000000,0.07859,6,5.4,6,101.7795433,28.54750793,0.671184467,NA
United Kingdom,GBR,1962,2302141403,29374000000,0.07837,4.5,3.72,4.5,100.614489,29.77122625,0.673704361,NA
United Kingdom,GBR,1963,2309448249,31229000000,0.07395,4,3.72,4,96.48563835,28.72009991,0.571825966,NA
United Kingdom,GBR,1964,2429044275,34127000000,0.07118,7,6.63,7,89.04166789,28.52873092,0.472118753,NA
United Kingdom,GBR,1965,2601417528,36906000000,0.07049,6,5.52,6,84.31149407,29.72145451,0.464013102,NA
United Kingdom,GBR,1966,2778619008,39423000000,0.07048,7,6.53,7,80.72635264,30.67245009,0.372529035,NA
United Kingdom,GBR,1967,2859800000,41728000000,0.06853,8,7.48,8,80.62212423,32.40270322,0.356869361,NA
United Kingdom,GBR,1968,3012500000,45809000000,0.06576,7,6.78,7,74.30090157,33.51961405,0.304763643,NA
United Kingdom,GBR,1969,3132500000,49682000000,0.06305,8,7.65,8,67.03685439,34.84159253,0.233466984,NA
United Kingdom,GBR,1970,3231000000,55916000000,0.05778,7,6.82,7,59.64527148,34.6323056,0.214756287,NA
United Kingdom,GBR,1971,3658000000,62640000000,0.0584,5,4.41,5,56.25878033,32.73467433,0.304787165,NA
United Kingdom,GBR,1972,3663000000,70305000000,0.0521,9,8.31,9,52.09266766,30.84417893,0.553029991,NA
United Kingdom,GBR,1973,4166000000,81467000000,0.05114,13,12.42,13,48.25880418,29.31002737,0.404128406,NA
United Kingdom,GBR,1974,4552000000,92227000000,0.04936,11.5,10.99,11.5,53.24335607,32.74637579,0.273546305,NA
United Kingdom,GBR,1975,5306000000,1.15E+11,0.04632,11.25,10.7708,11.25,53.76131691,33.58273457,0.201334061,NA
United Kingdom,GBR,1976,5981000000,1.36E+11,0.04392,14.25,13.5094,14.25,52.40871839,33.00237934,0.182433892,NA
United Kingdom,GBR,1977,6694000000,1.59E+11,0.04216,7,6.2931,7,49.15389266,32.09791795,0.173736324,NA
United Kingdom,GBR,1978,7652000000,1.85E+11,0.04139,12.5,11.5635,12.5,46.69724324,30.49850993,0.208985649,NA
United Kingdom,GBR,1979,8843000000,2.20E+11,0.04028,17,15.8421,17,43.63075529,30.60179724,0.2929404,NA
United Kingdom,GBR,1980,9651000000,2.58E+11,0.03735,14,13.0161,14,42.53853358,32.34266343,0.321044093,NA
United Kingdom,GBR,1981,10160000000,2.88E+11,0.0353,14.375,14.6701,14.375,42.50755602,33.18221296,0.171068339,NA
United Kingdom,GBR,1982,10570000000,3.17E+11,0.03338,10,9.7204,10,41.27252146,33.80349734,-0.098212658,NA
United Kingdom,GBR,1983,10910000000,3.48E+11,0.03133,9.0625,8.8391,9.0625,40.43823557,33.21637863,-0.029582808,NA
United Kingdom,GBR,1984,11400000000,3.75E+11,0.03044,9.5,9.1225,9.5,41.02798411,33.40123994,0.095812763,NA
United Kingdom,GBR,1985,11976000000,4.12E+11,0.02906,11.375,11.1662,11.375,39.09110211,33.15490634,0.163188346,NA
United Kingdom,GBR,1986,11962000000,4.44E+11,0.02694,10.875,10.6646,10.875,37.48161736,32.15864587,0.167807267,NA
United Kingdom,GBR,1987,12503000000,4.93E+11,0.02538,8.375,8.209,8.375,33.99555452,31.1886082,0.148791811,NA
United Kingdom,GBR,1988,13253000000,5.52E+11,0.02402,12.875,12.5083,12.875,28.48140958,30.71655529,0.15817815,NA
United Kingdom,GBR,1989,14140000000,6.09E+11,0.0232,14.875,14.479,14.875,25.00094344,30.43919839,0.19638445,NA
United Kingdom,GBR,1990,14951000000,6.63E+11,0.02256,13.875,13.0581,13.875,22.82066078,31.11518443,0.234964714,1.2
United Kingdom,GBR,1991,15266000000,6.98E+11,0.02187,10.375,10.1879,10.375,23.21854254,31.58982749,0.273408736,1.3
United Kingdom,GBR,1992,15436000000,7.21E+11,0.0214,6.875,6.3574,6.875,26.73114375,30.91656329,0.347213793,1.5
United Kingdom,GBR,1993,16163000000,7.58E+11,0.02131,5.375,4.8934,5.375,30.97126357,29.73452261,0.316469262,1.5
United Kingdom,GBR,1994,17096000000,7.97E+11,0.02145,6.125,5.9162,6.125,34.92713477,30.36339777,0.332530132,1.6
United Kingdom,GBR,1995,18062000000,8.37E+11,0.02159,6.375,6.2159,6.375,37.48299759,31.23626958,0.341153614,1.6
United Kingdom,GBR,1996,19405000000,8.93E+11,0.02173,5.9375,6.1647,5.9375,38.29096203,30.7375966,0.331173754,1.4
United Kingdom,GBR,1997,20578000000,9.39E+11,0.02192,7.25,7.1058,7.25,38.77063018,31.35745136,0.332766255,1.5
United Kingdom,GBR,1998,22026000000,9.80E+11,0.02247,6.25,5.5552,6.25,36.84556282,32.62454249,0.367838511,1.6
United Kingdom,GBR,1999,23098000000,1.02E+12,0.02262,5.5,5.6154,5.5,35.68333488,33.17355477,0.408505665,1.6
United Kingdom,GBR,2000,24918000000,1.08E+12,0.02305,6,5.6113,6,30.3646253,33.7608004,0.433615661,1.6
United Kingdom,GBR,2001,26983000000,1.12E+12,0.02408,4,3.8333,4,29.34207884,33.40017402,0.512040255,1.6
United Kingdom,GBR,2002,29046000000,1.17E+12,0.02477,4,3.8427,4,30.59731276,32.20222197,0.798501015,1.9
United Kingdom,GBR,2003,31033000000,1.24E+12,0.02498,3.75,3.739,3.75,31.40571565,32.1176161,0.834359753,1.6
United Kingdom,GBR,2004,33013000000,1.30E+12,0.0253,4.75,4.691,4.75,34.38646183,32.96318265,0.933797334,1.6
United Kingdom,GBR,2005,35021000000,1.38E+12,0.02539,4.5,4.4271,4.5,35.68070625,33.31470281,1.045133677,1.4
United Kingdom,GBR,2006,36793000000,1.46E+12,0.02528,5,5.108,5,36.22451643,33.47178294,1.089795475,1.4
United Kingdom,GBR,2007,38214000000,1.53E+12,0.02496,5.5,5.2388,5.5,36.74333231,33.5723664,1.127189955,1.4
United Kingdom,GBR,2008,40933000000,1.56E+12,0.02617,2,1.242,2,46.87863592,33.20871573,1.131869196,1.2
United Kingdom,GBR,2009,44494000000,1.52E+12,0.02928,0.5,0.4911,0.5,61.79172982,32.17625484,1.095105268,1.1
United Kingdom,GBR,2010,49486000000,1.57E+12,0.03147,0.5,0.5007,0.5,72.30169183,33.30959102,1.117771085,1.2
United Kingdom,GBR,2011,51542000000,1.63E+12,0.03165,0.5,0.2407,0.5,76.19724936,34.01344,1.110769713,1
United Kingdom,GBR,2012,54568000000,1.68E+12,0.03258,0.5,0.309,0.5,80.57698783,33.50419452,1.022109257,1
United Kingdom,GBR,2013,57242000000,1.74E+12,0.03291,0.5,0.257,0.5,83.58421052,34.24549729,0.992823921,0.9
United Kingdom,GBR,2014,59391000000,1.82E+12,0.03259,0.5,0.3884,0.5,85.37816602,33.26555024,1.07317054,0.9
United Kingdom,GBR,2015,64639000000,1.87E+12,0.03452,0.5,0.4511,0.5,85.99818232,33.59220895,1.111350083,1
United Kingdom,GBR,2016,69776000000,1.94E+12,0.03597,0.25,0.0106,0.25,87.73806645,34.21109208,1.028206552,1.2
Switzerland,CHE,1915,409900000,4731812485,0.086626425,,4.5,4.5,NA,NA,NA,NA
Switzerland,CHE,1916,430300000,5923135681,0.072647331,,4.5,4.5,NA,NA,NA,NA
Switzerland,CHE,1917,535800000,7171560685,0.074711771,,4.5,4.5,NA,NA,NA,NA
Switzerland,CHE,1918,733100000,8669576190,0.084560074,,4.75,4.75,NA,NA,NA,NA
Switzerland,CHE,1919,905800000,8841056339,0.102453821,,5.32,5.32,NA,NA,NA,NA
Switzerland,CHE,1920,933800000,10031939810,0.093082696,,5,5,NA,NA,NA,NA
Switzerland,CHE,1921,925100000,7469795357,0.123845428,,4.44,4.44,NA,NA,NA,NA
Switzerland,CHE,1922,817600000,6976190691,0.117198631,,3.39,3.39,NA,NA,NA,NA
Switzerland,CHE,1923,875000000,7571536597,0.115564389,,3.47,3.47,NA,NA,NA,NA
Switzerland,CHE,1924,850500000,8216593812,0.103510046,,4,4,NA,NA,NA,NA
Switzerland,CHE,1925,797600000,8412364688,0.094812818,,3.9,3.9,NA,NA,NA,NA
Switzerland,CHE,1926,769000000,8331505655,0.092300243,,3.5,3.5,NA,NA,NA,NA
Switzerland,CHE,1927,798800000,8688656707,0.091935961,,3.5,3.5,NA,NA,NA,NA
Switzerland,CHE,1928,818300000,9324424069,0.087758771,,3.5,3.5,NA,NA,NA,NA
Switzerland,CHE,1929,855700000,9490721065,0.090161748,,3.5,3.5,NA,NA,NA,NA
Switzerland,CHE,1930,894000000,9336656396,0.095751623,,2.89,2.89,NA,NA,NA,NA
Switzerland,CHE,1931,1141000000,8982826203,0.127020158,,2.03,2.03,NA,NA,NA,NA
Switzerland,CHE,1932,1508400000,8098261379,0.186262202,,2,2,NA,NA,NA,NA
Switzerland,CHE,1933,1440100000,7988677447,0.180267636,,2,2,NA,NA,NA,NA
Switzerland,CHE,1934,1349200000,7818618442,0.172562456,,2,2,NA,NA,NA,NA
Switzerland,CHE,1935,1283000000,7412714505,0.173080995,,2.33,2.33,NA,NA,NA,NA
Switzerland,CHE,1936,1293900000,7401417202,0.174817871,,2.3,2.3,NA,NA,NA,NA
Switzerland,CHE,1937,1378400000,8525434651,0.161680906,,1.5,1.5,NA,NA,NA,NA
Switzerland,CHE,1938,1555400000,8400688538,0.18515149,,1.5,1.5,NA,NA,NA,NA
Switzerland,CHE,1939,1802300000,8786611696,0.205118886,,1.5,1.5,NA,NA,NA,NA
Switzerland,CHE,1940,2081900000,9828346756,0.211826063,,1.5,1.5,NA,NA,NA,NA
Switzerland,CHE,1941,2107800000,10727021755,0.196494428,,1.5,1.5,NA,NA,NA,NA
Switzerland,CHE,1942,2251400000,11592598350,0.194210127,,1.5,1.5,NA,NA,NA,NA
Switzerland,CHE,1943,2646500000,12194004252,0.217032891,,1.5,1.5,NA,NA,NA,NA
Switzerland,CHE,1944,3025100000,12630068401,0.239515726,,1.5,1.5,NA,NA,NA,NA
Switzerland,CHE,1945,3517600000,13445020460,0.26162846,,1.5,1.5,NA,NA,NA,NA
Switzerland,CHE,1946,3633200000,16432120606,0.221103538,,1.5,1.5,NA,NA,NA,NA
Switzerland,CHE,1947,3940600000,18325851524,0.215029571,,1.5,1.5,NA,NA,NA,NA
Switzerland,CHE,1948,4167900000,19015385851,0.219185665,,1.5,1.5,NA,NA,NA,NA
Switzerland,CHE,1949,4259900000,18192520176,0.234156673,,1.5,1.5,NA,NA,NA,NA
Switzerland,CHE,1950,4239600000,19192678876,0.22089673,,1.5,1.5,39.719101,NA,NA,NA
Switzerland,CHE,1951,4419500000,21885388962,0.20193838,,1.5,1.5,36.376049,NA,NA,NA
Switzerland,CHE,1952,4596200000,22164552111,0.20736715,,1.5,1.5,34.078942,NA,NA,NA
Switzerland,CHE,1953,4783600000,22708677224,0.210650755,,1.5,1.5,32.59916,NA,NA,NA
Switzerland,CHE,1954,4904000000,23967797619,0.204607869,,1.5,1.5,30.854877,NA,NA,NA
Switzerland,CHE,1955,5056800000,25943876838,0.194913044,,1.5,1.5,27.986032,NA,NA,NA
Switzerland,CHE,1956,5189700000,27653915980,0.187666007,,1.5,1.5,25.545983,NA,NA,NA
Switzerland,CHE,1957,5467200000,29607771175,0.184654224,,2.13,2.13,22.0601,NA,NA,NA
Switzerland,CHE,1958,5501200000,29489982457,0.186544702,,2.5,2.5,19.917787,NA,NA,NA
Switzerland,CHE,1959,5705300000,31939678375,0.178627347,,2.08,2.08,18.38911,NA,NA,NA
Switzerland,CHE,1960,6042400000,35927638057,0.1681825,,2,2,15.904736,NA,2.669823061,NA
Switzerland,CHE,1961,6672900000,46846156800,0.142442848,,2,2,13.645576,NA,2.427382457,NA
Switzerland,CHE,1962,7358900000,51950571520,0.141651955,,2,2,11.75547,NA,2.949645359,NA
Switzerland,CHE,1963,8002800000,57126662144,0.140088703,,2,2,10.519458,NA,2.549155674,NA
Switzerland,CHE,1964,8638600000,63322750976,0.136421742,,2.25,2.25,9.1065552,NA,2.061311545,NA
Switzerland,CHE,1965,9179100000,67110535168,0.136775843,,2.5,2.5,8.0407493,NA,1.556108697,NA
Switzerland,CHE,1966,9566500000,72066473984,0.132745498,,2.99,2.99,7.3991279,NA,1.443453672,NA
Switzerland,CHE,1967,10013400000,77576192000,0.129078262,,3.26,3.26,6.9901919,NA,1.633008398,NA
Switzerland,CHE,1968,10577500000,82835611648,0.127692665,,3,3,6.761049,NA,1.650297365,NA
Switzerland,CHE,1969,11259900000,89754304512,0.125452479,,3.22,3.22,6.5182136,NA,1.509523607,NA
Switzerland,CHE,1970,11784700000,NA,NA,,3.75,3.75,5.8984173,NA,1.105018188,NA
Switzerland,CHE,1971,12663800000,NA,NA,,3.75,3.75,5.6889169,NA,0.726363968,NA
Switzerland,CHE,1972,14080400000,NA,NA,,3.75,3.75,5.2998885,NA,0.835427978,NA
Switzerland,CHE,1973,15784200000,NA,NA,,4.46,4.46,4.9924651,NA,0.811134221,NA
Switzerland,CHE,1974,17022700000,NA,NA,,5.5,5.5,5.7532954,NA,0.611361643,NA
Switzerland,CHE,1975,17608500000,NA,NA,,4.25,4.25,7.5397954,NA,0.029066007,NA
Switzerland,CHE,1976,17778400000,NA,NA,,2.21,2.21,12.954353,NA,-0.498842803,NA
Switzerland,CHE,1977,18590500000,NA,NA,,1.77,1.77,13.287606,NA,-0.266337837,NA
Switzerland,CHE,1978,19547600000,NA,NA,,1.04,1.04,13.548047,NA,0.081630507,NA
Switzerland,CHE,1979,21069700000,NA,NA,,1.17,1.17,14.131634,NA,0.273379015,NA
Switzerland,CHE,1980,21779700000,1.99E+11,0.109213983,,2.92,2.92,13.197978,7.509693014,0.46825655,NA
Switzerland,CHE,1981,21937000000,2.14E+11,0.102468177,,4.92,4.92,12.487349,7.525481184,0.532310094,NA
Switzerland,CHE,1982,22101900000,2.27E+11,0.09744769,,5.33,5.33,11.925926,7.827330895,0.503672244,NA
Switzerland,CHE,1983,22796500000,2.34E+11,0.097562737,,4.1,4.1,11.706478,7.863137602,0.34812514,NA
Switzerland,CHE,1984,23327600000,2.50E+11,0.093408099,,4,4,no data,8.025193849,0.278378271,NA
Switzerland,CHE,1985,23676700000,2.65E+11,0.089416183,,4,4,no data,7.900915052,0.361988438,NA
Switzerland,CHE,1986,24030200000,2.78E+11,0.086471189,,4,4,14.093025,8.557086004,0.43952955,NA
Switzerland,CHE,1987,24831500000,2.88E+11,0.086072055,,2.5,2.5,13.473862,8.204254583,0.5471833,NA
Switzerland,CHE,1988,25876500000,3.06E+11,0.084490282,,3,3,12.889859,8.587306664,0.652597877,NA
Switzerland,CHE,1989,26482500000,3.31E+11,0.080109068,,6,6,11.599181,8.058247787,0.727457903,NA
Switzerland,CHE,1990,25948100000,3.59E+11,0.072378415,,6,6,11.318298,8.093884386,0.94575864,1.6
Switzerland,CHE,1991,26533300000,3.74E+11,0.070861822,,7,7,12.144214,7.850519626,1.172688611,1.5
Switzerland,CHE,1992,26537700000,3.82E+11,0.069429459,,6,6,14.479493,8.014187019,1.029388204,1.4
Switzerland,CHE,1993,26925100000,3.91E+11,0.068931255,NA,,NA,17.085871,7.388247864,0.83888683,1.5
Switzerland,CHE,1994,27440600000,4.00E+11,0.068558165,NA,,NA,18.289057,7.922784785,0.723915626,1.1
Switzerland,CHE,1995,27633700000,4.05E+11,0.068207004,NA,,NA,20.002053,8.004037549,0.594969192,1.2
Switzerland,CHE,1996,28320400000,4.08E+11,0.06941388,NA,,NA,21.293661,8.442040011,0.368293773,1.2
Switzerland,CHE,1997,29086400000,4.16E+11,0.069948619,NA,,NA,22.945329,8.418192142,0.167490738,1.2
Switzerland,CHE,1998,29640800000,4.28E+11,0.069293635,NA,,NA,25.033847,9.392100659,0.223682901,1.1
Switzerland,CHE,1999,30905700000,4.36E+11,0.070964949,NA,,NA,23.12164,9.037787214,0.403412185,1.2
Switzerland,CHE,2000,31643100000,4.59E+11,0.068872095,NA,,NA,22.742953,10.20461941,0.487032192,1
Switzerland,CHE,2001,33168600000,4.70E+11,0.070538751,NA,,NA,22.329982,9.210830796,0.621865281,1.2
Switzerland,CHE,2002,35231300000,4.70E+11,0.074994001,NA,,NA,25.615911,9.19319936,0.791912728,1.2
Switzerland,CHE,2003,35765500000,4.75E+11,0.075252952,NA,,NA,25.595457,9.190743119,0.777321863,1
Switzerland,CHE,2004,36292600000,4.90E+11,0.07404499,NA,,NA,25.46537,9.223924063,0.72146595,1.1
Switzerland,CHE,2005,37106800000,5.09E+11,0.072915703,NA,,NA,25.193974,9.429327005,0.675992501,1
Switzerland,CHE,2006,38174100000,5.40E+11,0.070654965,NA,,NA,22.328784,9.521761742,0.662946313,0.8
Switzerland,CHE,2007,38989800000,5.76E+11,0.067680331,NA,,NA,19.938985,9.359673913,0.929048228,0.7
Switzerland,CHE,2008,41405200000,6.00E+11,0.06895912,NA,,NA,19.15581,9.912922452,1.305980633,0.7
Switzerland,CHE,2009,45362600000,5.89E+11,0.076988428,NA,,NA,17.970253,9.681537369,1.283458364,0.7
Switzerland,CHE,2010,47135700000,6.09E+11,0.077420062,NA,,NA,17.111171,9.719225458,1.076896116,0.7
Switzerland,CHE,2011,49335400000,6.21E+11,0.079412336,NA,,NA,16.770808,9.651738909,1.144479112,0.6
Switzerland,CHE,2012,54831600000,6.26E+11,0.087532508,NA,,NA,16.832123,9.520371529,1.091689113,0.6
Switzerland,CHE,2013,59735100000,6.38E+11,0.093602721,NA,,NA,16.424959,9.602815894,1.178392145,0.7
Switzerland,CHE,2014,62697000000,6.50E+11,0.096498737,NA,,NA,15.775113,9.401768206,1.249960832,0.5
Switzerland,CHE,2015,67411500000,6.54E+11,0.103035056,NA,,NA,15.017143,9.8416036,1.168186391,0.7
Switzerland,CHE,2016,72255000000,6.60E+11,0.109412178,NA,,NA,14.010512,9.747283671,1.120513599,0.5
Switzerland,CHE,2017,76507100000,6.69E+11,0.114433668,NA,,NA,14.505819,10.4934186,0.962986439,0.5
Switzerland,CHE,2018,78997600000,6.90E+11,0.114506208,NA,,NA,13.196511,NA,0.811419636,NA
Australia,AUS,1945,362000000,NA,NA,NA,,NA,NA,NA,NA,NA
Australia,AUS,1946,396735000,NA,NA,NA,,NA,NA,NA,NA,NA
Australia,AUS,1947,404804000,NA,NA,NA,,NA,NA,NA,NA,NA
Australia,AUS,1948,390906000,NA,NA,NA,,NA,NA,NA,NA,NA
Australia,AUS,1949,425146000,5237000000,0.081181211,NA,,NA,NA,NA,NA,NA
Australia,AUS,1950,462329000,7061000000,0.06547642,NA,,NA,109.82595,NA,NA,NA
Australia,AUS,1951,549565000,7486000000,0.07341237,NA,,NA,87.107603,NA,NA,NA
Australia,AUS,1952,603571000,8766000000,0.068853639,NA,,NA,86.079408,NA,NA,NA
Australia,AUS,1953,656326000,9518000000,0.068956293,NA,,NA,79.877059,NA,NA,NA
Australia,AUS,1954,686268000,9937000000,0.06906189,NA,,NA,76.858283,NA,NA,NA
Australia,AUS,1955,723968000,10879000000,0.066547293,NA,,NA,74.991799,NA,NA,NA
Australia,AUS,1956,743670000,11910000000,0.062440806,NA,,NA,71.82909,NA,NA,NA
Australia,AUS,1957,761688000,12100000000,0.062949421,NA,,NA,67.73397,NA,NA,NA
Australia,AUS,1958,773992000,12961000000,0.059716997,NA,,NA,66.059704,NA,NA,NA
Australia,AUS,1959,789208000,14163000000,0.055723222,NA,,NA,62.397853,NA,NA,NA
Australia,AUS,1960,836110000,15152000000,0.055181494,NA,,NA,48.343663,NA,2.783396495,NA
Australia,AUS,1961,831284000,15716000000,0.052894121,NA,,NA,49.385555,NA,2.493807993,NA
Australia,AUS,1962,847750000,16924000000,0.050091586,NA,,NA,50.338345,NA,2.790282524,NA
Australia,AUS,1963,861094000,18780000000,0.045851651,NA,,NA,47.594701,NA,2.261393407,NA
Australia,AUS,1964,864532000,20523000000,0.04212503,NA,,NA,45.018309,NA,2.302334838,NA
Australia,AUS,1965,862163000,21600000000,0.039914954,NA,,NA,43.745629,NA,2.292525804,NA
Australia,AUS,1966,849328000,23876000000,0.035572458,NA,,NA,42.487635,NA,2.610086223,NA
Australia,AUS,1967,938184000,25617000000,0.036623492,NA,,NA,40.540588,NA,1.462465186,NA
Australia,AUS,1968,1006000000,28817000000,0.034909949,NA,,NA,39.500218,NA,1.961546446,NA
Australia,AUS,1969,1107418000,31803000000,0.03482118,NA,,NA,36.806322,NA,2.288842506,NA
Australia,AUS,1970,1215482000,35291000000,0.034441699,NA,,6.041095889,34.968859,NA,2.164424882,NA
Australia,AUS,1971,1369000000,39332000000,0.034806265,NA,,5.465753424,32.294737,NA,3.571776532,NA
Australia,AUS,1972,1508000000,44709000000,0.033729227,NA,,4.219178081,30.726374,17.86709828,2.02807808,NA
Australia,AUS,1973,1767000000,52777000000,0.033480493,NA,,7.95890411,27.36559,17.04390126,1.716023039,NA
Australia,AUS,1974,2164000000,64117000000,0.033750799,NA,,8.630136986,22.369765,18.08468277,2.718077645,NA
Australia,AUS,1975,2545000000,77018000000,0.033044223,NA,,8.054794521,23.640409,19.90190981,1.415341105,NA
Australia,AUS,1976,2921000000,88171000000,0.033128807,NA,,9.589041096,22.985812,20.32823125,1.185292023,NA
Australia,AUS,1977,3319000000,95481000000,0.034760842,NA,,9.205479451,23.642473,20.56227491,1.306618867,NA
Australia,AUS,1978,3688000000,1.10E+11,0.033659155,NA,,8.726027396,24.736618,20.43271064,1.341338024,NA
Australia,AUS,1979,4113000000,1.25E+11,0.033035349,NA,,9.397260274,22.891884,19.79727963,1.257605457,NA
Australia,AUS,1980,4549000000,1.41E+11,0.032247088,NA,,11.50684932,21.24597,20.44129025,1.393262294,NA
Australia,AUS,1981,5094000000,1.61E+11,0.031703947,NA,,13.23287671,19.135364,21.49293757,1.759696036,NA
Australia,AUS,1982,5837000000,1.74E+11,0.033626177,NA,,11.21917808,16.841997,21.61603508,1.632526846,NA
Australia,AUS,1983,6414000000,1.96E+11,0.032765949,NA,,9.109589041,21.001598,21.74437108,1.216686431,NA
Australia,AUS,1984,8803633923,2.16E+11,0.040701788,NA,,12.17808219,22.317149,21.04340654,1.097189163,NA
Australia,AUS,1985,9671544064,2.41E+11,0.040089302,NA,,18.21917808,24.035439,22.54344116,1.333468245,NA
Australia,AUS,1986,10122680671,2.65E+11,0.038226058,NA,,16.49315068,25.52273,22.60972479,1.603928511,NA
Australia,AUS,1987,11489988206,2.99E+11,0.038430111,NA,,11.98630137,25.257143,23.26482468,1.48591411,NA
Australia,AUS,1988,12962536002,3.35E+11,0.03869483,NA,,14.38356164,20.52426,23.17840515,1.602290122,NA
Australia,AUS,1989,13807744810,3.66E+11,0.037694666,NA,,17.26027397,16.027394,22.69036748,1.657470515,NA
Australia,AUS,1990,15138206351,3.77E+11,0.040207719,NA,,12,12.101557,22.47704605,1.444867463,2.2
Australia,AUS,1991,16069968788,3.91E+11,0.04108842,NA,,8.5,11.93342,22.37467821,1.239458624,2
Australia,AUS,1992,16905655303,4.09E+11,0.041308669,NA,,5.75,14.297615,20.68138616,1.07512521,1.7
Australia,AUS,1993,18193593688,4.30E+11,0.042295634,NA,,4.75,17.721977,20.01858438,0.828135993,1.9
Australia,AUS,1994,19473877996,4.54E+11,0.042900619,NA,,7.5,19.939244,20.04474475,0.906907711,1.8
Australia,AUS,1995,20382041496,4.86E+11,0.04189758,NA,,7.5,22.179884,21.21431474,1.055017505,2
Australia,AUS,1996,20844753436,5.28E+11,0.039508705,NA,,6,21.439988,21.92915453,1.159392068,1.9
Australia,AUS,1997,21911563766,5.55E+11,0.039459605,NA,,5,20.554601,22.43094161,0.964066498,2
Australia,AUS,1998,24116725861,5.88E+11,0.041008075,NA,,4.75,16.316244,22.27200615,0.884967262,1.8
Australia,AUS,1999,28118264271,6.20E+11,0.045341728,NA,,5,15.463519,22.47521128,0.984991171,2
Australia,AUS,2000,28469820601,6.61E+11,0.043060475,NA,,6.25,13.721225,23.07689981,1.032138731,1.9
Australia,AUS,2001,33710823271,7.05E+11,0.047812295,NA,,4.25,12.014546,24.82193156,1.187961067,1.8
Australia,AUS,2002,34592097056,7.54E+11,0.045862724,NA,,4.75,10.333127,23.52831212,1.365523413,1.9
Australia,AUS,2003,35789654196,8.01E+11,0.044683448,NA,,5.25,8.9951426,24.32406113,1.377560815,1.5
Australia,AUS,2004,37819720225,8.61E+11,0.043923353,NA,,5.25,8.1031382,24.33803811,1.301529362,1.3
Australia,AUS,2005,39677544269,9.22E+11,0.043016903,NA,,5.5,7.3601297,24.84119731,1.46058121,1.3
Australia,AUS,2006,41980487325,9.96E+11,0.042130895,NA,,6.25,6.5624063,24.60965647,1.614637068,1.4
Australia,AUS,2007,44938848935,1.09E+12,0.041357573,NA,,6.75,6.0777931,24.11013139,0.768615016,1.2
Australia,AUS,2008,51709456955,1.18E+12,0.043921588,NA,,4.25,7.6389502,24.26364102,2.146571279,1.2
Australia,AUS,2009,51586376991,1.26E+12,0.040936858,NA,,3.75,11.620013,22.0609533,2.202217639,1.2
Australia,AUS,2010,53081884806,1.30E+12,0.040794218,NA,,4.75,14.354593,20.53172007,1.695285378,1
Australia,AUS,2011,55816509502,1.42E+12,0.039401131,NA,,4.25,17.028159,20.33471173,1.527957416,1.1
Australia,AUS,2012,58981695561,1.50E+12,0.039335344,NA,,3,19.402629,21.19859309,1.865330137,1.1
Australia,AUS,2013,63018069692,1.54E+12,0.041019191,NA,,2.5,21.411592,22.02482967,1.838175799,1.1
Australia,AUS,2014,66854288171,1.60E+12,0.041822354,NA,,2.5,24.62153,21.98970304,1.608455102,1
Australia,AUS,2015,71923858072,1.62E+12,0.044277402,NA,,2,28.454004,22.002263,1.554800599,1
Australia,AUS,2016,75839550963,1.66E+12,0.045622248,NA,,1.5,31.560626,22.25264793,1.677390128,0.9
Australia,AUS,2017,78193093908,1.76E+12,0.044314289,NA,,1.5,32.211202,22.08996028,1.805663698,0.8
Australia,AUS,2018,81140288750,1.85E+12,0.043914806,NA,,1.5,30.026421,NA,1.700488764,NA
Japan,JPN,1953,6.43E+11,NA,NA,NA,,NA,NA,NA,NA,NA
Japan,JPN,1954,6.37E+11,NA,NA,NA,,NA,NA,NA,NA,NA
Japan,JPN,1955,6.95E+11,NA,NA,NA,5.524,NA,NA,NA,NA,NA
Japan,JPN,1956,8.12E+11,NA,NA,NA,5.3845,NA,NA,NA,NA,NA
Japan,JPN,1957,8.69E+11,NA,NA,NA,5.369,NA,NA,NA,NA,NA
Japan,JPN,1958,9.31E+11,NA,NA,NA,5.834,NA,NA,NA,NA,NA
Japan,JPN,1959,1.08E+12,NA,NA,NA,6.082,NA,NA,NA,NA,NA
Japan,JPN,1960,1.30E+12,1.60E+13,0.081294526,NA,6.082,NA,NA,NA,2.407262613,NA
Japan,JPN,1961,1.55E+12,1.93E+13,0.080423183,NA,6.082,NA,NA,NA,4.082467772,NA
Japan,JPN,1962,1.82E+12,2.19E+13,0.083301744,NA,6.082,NA,NA,NA,2.371446065,NA
Japan,JPN,1963,2.15E+12,2.50E+13,0.085757701,NA,5.865,NA,NA,NA,2.419806638,NA
Japan,JPN,1964,2.42E+12,2.94E+13,0.082182446,NA,5.71,NA,NA,NA,2.407008856,NA
Japan,JPN,1965,2.70E+12,3.27E+13,0.082389339,NA,5.71,NA,NA,NA,2.400749286,NA
Japan,JPN,1966,3.07E+12,3.80E+13,0.080620931,NA,5.71,NA,NA,NA,2.140289632,NA
Japan,JPN,1967,3.60E+12,4.46E+13,0.080836639,NA,5.71,NA,NA,NA,2.107556755,NA
Japan,JPN,1968,4.28E+12,5.28E+13,0.081168877,NA,5.772,NA,NA,NA,1.477269426,NA
Japan,JPN,1969,5.10E+12,6.20E+13,0.082240864,NA,5.784,NA,7.7426844,NA,3.178929097,NA
Japan,JPN,1970,5.90E+12,7.65E+13,0.077050606,NA,5.910666667,NA,7.5989448,NA,2.214608798,NA
Japan,JPN,1971,6.80E+12,8.42E+13,0.080791173,NA,5.380166667,NA,8.5590798,NA,2.379106358,NA
Japan,JPN,1972,8.79E+12,9.64E+13,0.091116479,NA,4.36425,NA,11.7063,10.49696523,2.476632701,NA
Japan,JPN,1973,1.07E+13,1.17E+14,0.090792319,NA,5.21075,NA,10.823992,11.69104007,1.867966255,NA
Japan,JPN,1974,1.23E+13,1.40E+14,0.08775122,NA,6.825,NA,11.177987,11.28771453,2.921062892,NA
Japan,JPN,1975,1.33E+13,1.55E+14,0.086001343,NA,6.282583333,NA,14.303626,9.353491528,2.584577924,NA
Japan,JPN,1976,1.48E+13,1.74E+14,0.084995628,NA,5.677,NA,18.422908,9.130877353,1.04029301,NA
Japan,JPN,1977,1.62E+13,1.94E+14,0.08385944,NA,4.8405,NA,22.631953,9.162325615,1.040018646,NA
Japan,JPN,1978,1.86E+13,2.13E+14,0.087088392,NA,3.519666667,NA,29.546143,9.253830231,0.9811659,NA
Japan,JPN,1979,2.00E+13,2.31E+14,0.086513849,NA,4.428333333,NA,33.163352,9.945268975,0.918636227,NA
Japan,JPN,1980,2.03E+13,2.51E+14,0.08110364,7.25,6.325333333,NA,34.479457,10.53000745,0.85886341,NA
Japan,JPN,1981,2.13E+13,2.69E+14,0.079076162,5.5,5.719583333,NA,38.9104,10.97977277,0.867384493,NA
Japan,JPN,1982,2.26E+13,2.83E+14,0.079908133,5.5,5.423,NA,43.124792,10.96142005,0.82265258,NA
Japan,JPN,1983,2.38E+13,2.95E+14,0.080502493,5,5.29575,NA,48.313077,10.85695109,0.825418326,NA
Japan,JPN,1984,2.59E+13,3.13E+14,0.082628096,5,4.914,NA,50.072602,11.13029638,0.778114359,NA
Japan,JPN,1985,2.71E+13,3.34E+14,0.081069029,5,3.562166667,NA,52.867051,11.4448913,0.753558594,NA
Japan,JPN,1986,2.95E+13,3.50E+14,0.084343196,3,3.562166667,NA,58.38768,11.31142806,0.769511741,NA
Japan,JPN,1987,3.19E+13,3.66E+14,0.087150675,2.5,2.468,NA,59.39336,12.14666957,0.656977705,NA
Japan,JPN,1988,3.52E+13,3.94E+14,0.089370173,2.5,2.384,NA,55.631699,12.45397461,0.590221814,NA
Japan,JPN,1989,4.04E+13,4.21E+14,0.095971617,4.25,2.951833333,NA,49.682587,12.4177461,0.571416062,NA
Japan,JPN,1990,4.30E+13,4.54E+14,0.09483332,6,5.041583333,NA,47.048754,12.94728825,0.504422185,0.5
Japan,JPN,1991,4.33E+13,4.83E+14,0.089714637,4.5,5.401666667,NA,45.843317,13.13318922,0.483469291,0.5
Japan,JPN,1992,4.25E+13,4.95E+14,0.085871128,3.25,3.625583333,NA,48.494927,11.62717415,0.424917159,0.5
Japan,JPN,1993,4.53E+13,4.95E+14,0.09141959,1.75,2.195416667,NA,52.391029,11.59076179,0.421901556,0.6
Japan,JPN,1994,4.66E+13,5.02E+14,0.092965095,1.75,1.629,NA,56.910697,11.07304595,0.514176703,0.6
Japan,JPN,1995,5.01E+13,5.13E+14,0.097670102,0.5,0.876083333,NA,64.745932,10.95823033,0.554981094,0.6
Japan,JPN,1996,5.46E+13,5.26E+14,0.103818911,0.5,0.374,NA,67.965749,10.81457851,0.418403625,0.5
Japan,JPN,1997,5.87E+13,5.34E+14,0.109924599,0.5,0.374,NA,70.699617,10.65163323,0.400657298,0.6
Japan,JPN,1998,6.00E+13,5.28E+14,0.1136371,0.5,0.307666667,NA,78.485045,10.06753658,0.432577327,0.6
Japan,JPN,1999,6.96E+13,5.20E+14,0.133920444,0.5,0.09275,NA,89.548636,9.773313592,0.341902111,0.6
Japan,JPN,2000,6.76E+13,5.27E+14,0.128382247,0.5,0.23,NA,95.735401,10.37225701,0.327609575,0.5
Japan,JPN,2001,7.33E+13,5.23E+14,0.1401478,0.1,0.066166667,NA,102.65867,9.895928337,1.931623759,0.5
Japan,JPN,2002,7.98E+13,5.16E+14,0.154729526,0.1,0.0055,NA,111.81158,9.061598934,2.28287211,0.5
Japan,JPN,2003,8.13E+13,5.15E+14,0.157803821,0.1,0.010916667,NA,119.45382,8.91896344,2.093400149,0.5
Japan,JPN,2004,8.24E+13,5.21E+14,0.158260606,0.1,0.007083333,NA,129.27113,9.352694056,1.754431988,0.5
Japan,JPN,2005,8.38E+13,5.24E+14,0.159831249,0.1,0.00125,NA,136.46337,10.13701108,1.577840667,0.5
Japan,JPN,2006,8.44E+13,5.27E+14,0.16012232,0.4,0.252083333,NA,137.54751,10.51274133,1.380580981,0.5
Japan,JPN,2007,8.59E+13,5.32E+14,0.161476407,0.75,0.576166667,NA,137.35417,10.10618629,1.288009098,0.4
Japan,JPN,2008,8.61E+13,5.21E+14,0.165289236,0.3,0.560666667,NA,145.20138,8.931591654,1.128273231,0.5
Japan,JPN,2009,8.55E+13,4.90E+14,0.174689326,0.3,0.1845,NA,159.80464,8.36891038,0.976949089,0.4
Japan,JPN,2010,8.69E+13,5.00E+14,0.173588334,0.3,0.115083333,NA,167.32757,8.809784435,0.928359533,0.4
Japan,JPN,2011,8.85E+13,4.91E+14,0.180189191,0.3,0.10225,NA,180.04141,9.356818207,0.097376604,0.3
Japan,JPN,2012,9.12E+13,4.95E+14,0.184320584,0.3,0.099416667,NA,187.07264,9.682412944,-0.073000997,0.3
Japan,JPN,2013,9.48E+13,5.03E+14,0.188342996,0.3,0.073583333,NA,191.31756,10.36061765,-0.05873318,0.3
Japan,JPN,2014,9.77E+13,5.14E+14,0.190197441,0.3,0.03,NA,194.75551,11.46920658,-0.047229106,0.3
Japan,JPN,2015,1.03E+14,5.31E+14,0.194082735,0.3,-0.01,NA,192.28884,11.42357202,-0.021827026,0.3
Japan,JPN,2016,1.07E+14,5.36E+14,0.200011418,0.3,-0.23,NA,197.63296,11.15496587,-0.032150224,0.3
Japan,JPN,2017,1.12E+14,5.45E+14,0.204556265,0.3,-0.21,NA,196.77115,11.64194651,-0.079234712,0.2
Japan,JPN,2018,1.15E+14,5.49E+14,0.209886314,0.3,,NA,198.43788,NA,-0.11421871,NA
Nigeria,NGA,1960,154150000,2997268700,0.051430157,NA,,NA,NA,NA,6.81530664,NA
Nigeria,NGA,1961,160190000,3190921200,0.050201804,NA,,NA,NA,NA,3.465513343,NA
Nigeria,NGA,1962,174660000,3506715100,0.049807297,NA,,NA,NA,NA,3.504965395,NA
Nigeria,NGA,1963,183300000,3689708800,0.049678717,NA,,NA,NA,NA,3.544238824,NA
Nigeria,NGA,1964,214710000,3966381100,0.054132469,NA,,NA,NA,NA,3.555224464,NA
Nigeria,NGA,1965,217890000,4196100000,0.051926789,NA,,NA,NA,NA,3.557403083,NA
Nigeria,NGA,1966,236510000,4547800000,0.052005365,NA,,NA,NA,NA,3.573015881,NA
Nigeria,NGA,1967,220950000,3716600000,0.059449497,NA,,NA,NA,NA,3.584906219,NA
Nigeria,NGA,1968,202160000,3715000000,0.054417227,NA,,NA,11.021693,NA,3.610657073,NA
Nigeria,NGA,1969,273230000,4738800000,0.057658057,NA,,NA,11.457581,NA,3.640816985,NA
Nigeria,NGA,1970,370400000,8961500000,0.041332366,NA,,NA,6.4959013,NA,3.686292488,NA
Nigeria,NGA,1971,386400000,10375400000,0.037241938,NA,,NA,5.2197585,NA,4.499204529,NA
Nigeria,NGA,1972,414000000,11034700000,0.037518011,NA,,NA,4.8220749,NA,4.529938604,NA
Nigeria,NGA,1973,486300000,12251600000,0.039692775,NA,,NA,5.6283809,NA,4.588967259,NA
Nigeria,NGA,1974,638700000,19604000000,0.032580086,NA,,NA,4.2878679,NA,4.711535954,NA
Nigeria,NGA,1975,1155500000,22945400000,0.050358678,NA,,NA,3.9413806,NA,4.845169314,NA
Nigeria,NGA,1976,1540000000,28611400000,0.053824699,NA,,NA,4.0112399,NA,4.998766531,NA
Nigeria,NGA,1977,2162600000,33585000000,0.064391842,NA,,NA,5.759768,NA,5.103951691,NA
Nigeria,NGA,1978,2381700000,36053000000,0.066061077,NA,,NA,7.9307204,NA,5.132277181,NA
Nigeria,NGA,1979,2703400000,42912000000,0.062998695,NA,,NA,8.3064779,NA,5.056346693,NA
Nigeria,NGA,1980,3589500000,50270000100,0.071404416,NA,,NA,8.3563119,NA,4.928061457,NA
Nigeria,NGA,1981,4347700000,1.39E+11,0.031208702,NA,,NA,11.448737,NA,5.850711999,NA
Nigeria,NGA,1982,4728900000,1.49E+11,0.031726679,NA,,NA,15.378818,NA,5.71775947,NA
Nigeria,NGA,1983,5299300000,1.59E+11,0.033381379,NA,,NA,21.638823,NA,5.620110531,NA
Nigeria,NGA,1984,5347200000,1.66E+11,0.032240365,NA,,NA,23.218735,NA,5.590715015,NA
Nigeria,NGA,1985,5375000000,1.88E+11,0.02861621,NA,,NA,23.60903,NA,5.584016848,NA
Nigeria,NGA,1986,5696300000,1.98E+11,0.028751308,NA,,NA,37.660849,NA,5.596462486,NA
Nigeria,NGA,1987,6854900000,2.45E+11,0.028015751,NA,,NA,66.563284,NA,5.590878494,NA
Nigeria,NGA,1988,10210500000,3.16E+11,0.032351091,NA,,NA,58.28107,NA,5.564452273,NA
Nigeria,NGA,1989,10722400000,4.15E+11,0.025845774,NA,,NA,62.802314,NA,5.507547336,NA
Nigeria,NGA,1990,16212500000,4.95E+11,0.032776119,NA,,NA,62.419562,NA,5.443384354,NA
Nigeria,NGA,1991,25331200000,5.90E+11,0.042929891,NA,,NA,69.015319,NA,4.203299999,NA
Nigeria,NGA,1992,39725030000,9.06E+11,0.043845194,NA,,NA,66.912119,NA,4.168205212,NA
Nigeria,NGA,1993,62570970000,1.26E+12,0.049771096,NA,,NA,66.421379,NA,4.136128513,NA
Nigeria,NGA,1994,96166500000,1.77E+12,0.054368477,NA,,NA,55.121344,NA,4.112584277,NA
Nigeria,NGA,1995,1.14E+11,3.10E+12,0.036752323,NA,,NA,37.21849,NA,4.098814159,NA
Nigeria,NGA,1996,1.26E+11,4.09E+12,0.03084637,NA,,NA,24.530162,NA,4.090677448,NA
Nigeria,NGA,1997,1.45E+11,4.42E+12,0.032775435,NA,,NA,23.052275,NA,4.071306655,NA
Nigeria,NGA,1998,1.72E+11,4.81E+12,0.035873496,NA,,NA,22.432049,NA,4.061031752,NA
Nigeria,NGA,1999,2.09E+11,5.48E+12,0.038042251,NA,,NA,52.781391,NA,4.056387378,NA
Nigeria,NGA,2000,3.10E+11,7.06E+12,0.043962515,NA,,NA,55.979532,NA,4.054264853,NA
Nigeria,NGA,2001,4.04E+11,8.23E+12,0.049001918,NA,,NA,51.725859,NA,4.863197959,NA
Nigeria,NGA,2002,4.63E+11,1.15E+13,0.040269095,NA,,NA,38.704751,NA,4.846459846,NA
Nigeria,NGA,2003,5.02E+11,1.36E+13,0.037047686,NA,,NA,37.698361,NA,4.833468695,NA
Nigeria,NGA,2004,5.46E+11,1.81E+13,0.030114831,NA,,NA,31.038145,NA,4.825268089,NA
Nigeria,NGA,2005,6.42E+11,2.31E+13,0.027782699,NA,,NA,18.940167,NA,4.816455954,NA
Nigeria,NGA,2006,7.79E+11,3.04E+13,0.025654308,NA,,NA,9.4041212,NA,4.810459201,NA
Nigeria,NGA,2007,9.61E+11,3.47E+13,0.027707231,NA,,9.5,8.1163309,NA,4.801595695,NA
Nigeria,NGA,2008,1.16E+12,4.00E+13,0.028916466,NA,,9.75,7.2761081,NA,4.790007354,NA
Nigeria,NGA,2009,1.18E+12,4.35E+13,0.02718597,NA,,6,8.6172317,NA,4.765259692,NA
Nigeria,NGA,2010,1.38E+12,5.46E+13,0.025234889,NA,,6.25,9.449583,NA,4.744297441,NA
Nigeria,NGA,2011,1.57E+12,6.31E+13,0.024804831,NA,,12,10.232862,NA,4.695118992,NA
Nigeria,NGA,2012,1.63E+12,7.24E+13,0.022552653,NA,,12,10.419337,NA,4.644999201,NA
Nigeria,NGA,2013,1.78E+12,8.10E+13,0.021928329,NA,,12,10.483402,NA,4.585805868,NA
Nigeria,NGA,2014,1.80E+12,9.01E+13,0.019947182,NA,,13,10.578898,NA,4.521141573,NA
Nigeria,NGA,2015,1.86E+12,9.52E+13,0.019520761,NA,,11,11.503215,NA,4.452994149,NA
Nigeria,NGA,2016,2.18E+12,1.03E+14,0.021244605,NA,,14,14.172128,NA,4.378661591,NA
Nigeria,NGA,2017,2.16E+12,1.15E+14,0.018774967,NA,,14,15.985781,NA,4.310331178,NA
Nigeria,NGA,2018,2.33E+12,1.29E+14,0.018043987,NA,,14,24.080011,NA,4.238846803,NA
Hong Kong,HKG,1960,NA,7116188200,NA,NA,,NA,NA,NA,4.450957951,NA
Hong Kong,HKG,1961,NA,7455000000,NA,NA,,NA,NA,NA,3.072171159,NA
Hong Kong,HKG,1962,NA,8687000000,NA,NA,,NA,NA,NA,4.574727342,NA
Hong Kong,HKG,1963,NA,10427000000,NA,NA,,NA,NA,NA,3.773131961,NA
Hong Kong,HKG,1964,NA,11888000000,NA,NA,,NA,NA,NA,2.742841672,NA
Hong Kong,HKG,1965,NA,13953000000,NA,NA,,NA,NA,NA,2.946096106,NA
Hong Kong,HKG,1966,NA,14282000000,NA,NA,,NA,NA,NA,1.197416568,NA
Hong Kong,HKG,1967,NA,15475000000,NA,NA,,NA,NA,NA,2.833444957,NA
Hong Kong,HKG,1968,1820530000,16533000000,0.110114922,NA,,NA,NA,NA,2.424383543,NA
Hong Kong,HKG,1969,1927920000,19437000000,0.099188146,NA,,NA,NA,NA,1.889643635,NA
Hong Kong,HKG,1970,2221670000,23106000000,0.096151216,NA,,NA,NA,NA,2.720249632,NA
Hong Kong,HKG,1971,2574110000,26681000000,0.096477268,NA,,NA,NA,NA,2.50917511,NA
Hong Kong,HKG,1972,2912190000,32213000000,0.090404185,NA,,NA,NA,NA,2.409962404,NA
Hong Kong,HKG,1973,3138410000,41327000000,0.07594091,NA,,NA,NA,NA,3.294990163,NA
Hong Kong,HKG,1974,3209000000,47240000000,0.067929721,NA,,NA,NA,NA,3.61737249,NA
Hong Kong,HKG,1975,3652000000,49589000000,0.073645365,NA,,NA,NA,NA,2.336348666,NA
Hong Kong,HKG,1976,4383000000,63156000000,0.069399582,NA,,NA,NA,NA,1.68118703,NA
Hong Kong,HKG,1977,5431000000,73284000000,0.074108946,NA,,NA,NA,NA,1.851403868,NA
Hong Kong,HKG,1978,6548000000,85782000000,0.07633303,NA,,NA,NA,NA,2.204562065,NA
Hong Kong,HKG,1979,7285000000,1.13E+11,0.064645801,NA,,NA,NA,NA,5.843579291,NA
Hong Kong,HKG,1980,8372000000,1.44E+11,0.058293123,NA,,NA,NA,NA,3.034776782,NA
Hong Kong,HKG,1981,9826000000,1.74E+11,0.056608556,NA,,NA,NA,NA,2.693057381,NA
Hong Kong,HKG,1982,11441000000,1.96E+11,0.05837096,NA,,NA,NA,NA,1.87444173,NA
Hong Kong,HKG,1983,12713000000,2.17E+11,0.058509488,NA,,NA,NA,NA,1.829502016,NA
Hong Kong,HKG,1984,13273000000,2.62E+11,0.050661852,NA,,NA,NA,NA,1.282371989,NA
Hong Kong,HKG,1985,16857000000,2.78E+11,0.060608784,NA,,NA,NA,NA,1.362021298,NA
Hong Kong,HKG,1986,19294000000,3.21E+11,0.060194993,NA,,NA,NA,NA,2.664897423,NA
Hong Kong,HKG,1987,24764000000,3.95E+11,0.062730197,NA,,NA,NA,NA,3.740450859,NA
Hong Kong,HKG,1988,29877000000,4.66E+11,0.064103279,NA,,NA,NA,NA,2.325363202,NA
Hong Kong,HKG,1989,34192000000,5.37E+11,0.063724705,NA,,NA,NA,NA,1.831248474,NA
Hong Kong,HKG,1990,37693000000,5.99E+11,0.062899662,NA,,NA,NA,NA,0.747269786,2.4
Hong Kong,HKG,1991,42608000000,6.91E+11,0.061632551,NA,,NA,NA,NA,1.14526821,1.6
Hong Kong,HKG,1992,52172000000,8.07E+11,0.064638906,NA,,NA,NA,NA,0.986784646,1.8
Hong Kong,HKG,1993,63354000000,9.31E+11,0.068048678,NA,,NA,NA,NA,1.738771129,1.4
Hong Kong,HKG,1994,67783000000,1.05E+12,0.064579225,NA,,NA,NA,NA,2.252030431,1.6
Hong Kong,HKG,1995,71335000000,1.12E+12,0.063748541,NA,,NA,NA,NA,1.980132777,1.2
Hong Kong,HKG,1996,76516000000,1.24E+12,0.061941179,NA,,NA,NA,NA,4.438607795,1.2
Hong Kong,HKG,1997,80589000000,1.37E+12,0.058692009,NA,,NA,NA,NA,0.832512855,1.6
Hong Kong,HKG,1998,81174000000,1.31E+12,0.062056122,NA,,NA,NA,NA,0.834808807,1
Hong Kong,HKG,1999,99519000000,1.29E+12,0.077389719,NA,,NA,NA,NA,0.955125814,1
Hong Kong,HKG,2000,91761000000,1.34E+12,0.068606304,NA,,NA,NA,NA,0.881594076,0.6
Hong Kong,HKG,2001,1.02E+11,1.32E+12,0.076923601,NA,,NA,3.5575283,NA,0.736962668,1
Hong Kong,HKG,2002,1.13E+11,1.30E+12,0.087281513,NA,,NA,3.4686358,NA,0.442846827,1
Hong Kong,HKG,2003,1.28E+11,1.26E+12,0.10175054,NA,,NA,3.7400461,NA,-0.197404126,0.8
Hong Kong,HKG,2004,1.41E+11,1.32E+12,0.1069161,NA,,NA,5.5431152,NA,0.779918562,0.7
Hong Kong,HKG,2005,1.42E+11,1.41E+12,0.100775221,NA,,NA,4.9570682,NA,0.436871406,0.5
Hong Kong,HKG,2006,1.50E+11,1.50E+12,0.099930668,NA,,NA,4.5897435,NA,0.642270483,0.5
Hong Kong,HKG,2007,1.58E+11,1.65E+12,0.095721652,NA,,NA,4.179903,NA,0.859633272,0.3
Hong Kong,HKG,2008,1.70E+11,1.71E+12,0.099842712,NA,,NA,3.9238929,NA,0.598238787,0.5
Hong Kong,HKG,2009,1.94E+11,1.66E+12,0.117112972,NA,,NA,4.8817384,NA,0.215353334,0.7
Hong Kong,HKG,2010,2.19E+11,1.78E+12,0.12317833,NA,,NA,5.5169867,NA,0.734446396,0.5
Hong Kong,HKG,2011,2.48E+11,1.93E+12,0.128359035,NA,,NA,6.0999881,NA,0.672543292,0.2
Hong Kong,HKG,2012,2.82E+11,2.04E+12,0.138368407,NA,,NA,6.7744724,NA,1.103957997,0.4
Hong Kong,HKG,2013,3.14E+11,2.14E+12,0.14678866,NA,,NA,7.6696262,NA,0.401982536,0.9
Hong Kong,HKG,2014,3.30E+11,2.26E+12,0.146055267,NA,,NA,7.4778596,NA,0.702370951,0.4
Hong Kong,HKG,2015,3.49E+11,2.40E+12,0.145662868,NA,,NA,7.295812,NA,0.851197911,0.3
Hong Kong,HKG,2016,3.90E+11,2.49E+12,0.156776384,NA,,NA,7.484398,NA,0.619366345,0.4
Hong Kong,HKG,2017,4.39E+11,2.66E+12,0.164788152,NA,,NA,6.980861,NA,0.748222905,0.3
Hong Kong,HKG,2018,4.67E+11,2.85E+12,0.163967427,NA,,NA,,NA,0.799050247,NA
New Zealand,NZL,1935,10778000,NA,NA,NA,,NA,NA,NA,NA,NA
New Zealand,NZL,1940,28846000,NA,NA,NA,,NA,NA,NA,NA,NA
New Zealand,NZL,1945,67630000,NA,NA,NA,,NA,NA,NA,NA,NA
New Zealand,NZL,1950,87890000,NA,NA,NA,,NA,89.152319,NA,NA,NA
New Zealand,NZL,1955,120784000,NA,NA,NA,,NA,68.503445,NA,NA,NA
New Zealand,NZL,1960,130938000,2818149376,0.046462406,NA,,NA,60.056054,NA,2.405597111,NA
New Zealand,NZL,1965,126832000,4066656256,0.031188277,NA,,NA,53.466891,NA,2.379736049,NA
New Zealand,NZL,1966,124432000,4217161728,0.029506101,NA,,NA,54.237038,NA,2.460637846,NA
New Zealand,NZL,1967,123686000,4373687296,0.028279571,NA,,NA,55.810137,NA,2.326406083,NA
New Zealand,NZL,1968,12563000,4625532928,0.002716011,NA,,NA,57.39724,NA,1.407994338,NA
New Zealand,NZL,1969,8729000,5144274944,0.001696838,NA,,NA,55.136623,NA,1.414146295,NA
New Zealand,NZL,1970,7638000,5914147700,0.001291479,NA,,NA,49.691744,NA,1.86560804,NA
New Zealand,NZL,1971,6869000,6855000000,0.001002042,NA,,NA,44.554842,NA,1.967320426,NA
New Zealand,NZL,1972,6529000,7872000000,8.29E-04,NA,,NA,40.622197,24.46646341,2.170061841,NA
New Zealand,NZL,1973,6333000,9201000000,6.88E-04,NA,,NA,38.576704,26.05151614,2.350128947,NA
New Zealand,NZL,1974,6023000,10110000000,5.96E-04,NA,,NA,37.782521,28.35806133,2.472910041,NA
New Zealand,NZL,1975,5913000,11388000000,5.19E-04,NA,,NA,36.760937,27.9768177,2.325494441,NA
New Zealand,NZL,1976,5851000,13964000000,4.19E-04,NA,,NA,40.255536,27.55657405,1.191189779,NA
New Zealand,NZL,1977,5804000,15643000000,3.71E-04,NA,,NA,43.158831,29.60429585,0.431733789,NA
New Zealand,NZL,1978,5763000,17730000000,3.25E-04,NA,,NA,45.334554,28.21206994,0.153481565,NA
New Zealand,NZL,1979,5703000,20696000000,2.76E-04,NA,,NA,45.730785,29.15539235,-0.272761854,NA
New Zealand,NZL,1980,5353000,24086000000,2.22E-04,NA,,NA,44.757458,29.32408868,0.245272689,NA
New Zealand,NZL,1981,5262000,29328000000,1.79E-04,NA,,NA,43.117101,30.05319149,0.484188041,NA
New Zealand,NZL,1982,5223000,33178000000,1.57E-04,NA,,NA,46.596757,30.50816806,1.042585426,NA
New Zealand,NZL,1983,5201000,36989000000,1.41E-04,NA,,NA,55.799681,28.30571251,1.407350639,NA
New Zealand,NZL,1984,5196000,41785000000,1.24E-04,NA,,NA,56.636058,28.65860955,0.914233804,NA
New Zealand,NZL,1985,5190000,48249000000,1.08E-04,NA,,NA,62.524717,29.69387967,0.665639188,NA
New Zealand,NZL,1986,5176000,57953000000,8.93E-05,NA,,NA,68.577771,30.18307939,0.103150893,NA
New Zealand,NZL,1987,5158000,65228000000,7.91E-05,NA,,NA,62.973149,33.24645858,1.153901489,NA
New Zealand,NZL,1988,5142000,70137000000,7.33E-05,NA,,NA,54.778309,32.70028658,0.563267832,NA
New Zealand,NZL,1989,5138000,74212000000,6.92E-05,NA,,NA,54.989651,,0.76207263,NA
New Zealand,NZL,1990,5131000,76127000000,6.74E-05,NA,,NA,55.448836,,1.202097773,1.9
New Zealand,NZL,1991,5131000,75967000000,6.75E-05,NA,,NA,57.997593,,5.090113659,1.6
New Zealand,NZL,1992,5131000,78335000000,6.55E-05,NA,,NA,58.665577,,1.221706101,1.9
New Zealand,NZL,1993,5130000,84575000000,6.07E-05,NA,,NA,54.596425,,1.317481583,1.2
New Zealand,NZL,1994,5124000,90600000000,5.66E-05,NA,,NA,48.959485,,1.505046766,1.6
New Zealand,NZL,1995,5120000,96236000000,5.32E-05,NA,,NA,43.50082,,1.63867332,1.1
New Zealand,NZL,1996,5118000,1.01E+11,5.07E-05,NA,,NA,37.277951,,1.754334676,1.3
New Zealand,NZL,1997,5112000,1.05E+11,4.87E-05,NA,,NA,34.633103,,1.40683085,1.6
New Zealand,NZL,1998,5106000,1.07E+11,4.77E-05,NA,,NA,34.497429,,0.980491145,1.3
New Zealand,NZL,1999,5105000,1.13E+11,4.52E-05,NA,,NA,32.022607,,0.618610757,1.2
New Zealand,NZL,2000,5102000,1.20E+11,4.25E-05,NA,,NA,30.01806,,0.680613208,1.3
New Zealand,NZL,2001,5100000,1.29E+11,3.95E-05,NA,,NA,28.171803,28.55763254,0.68110042,1.3
New Zealand,NZL,2002,5100000,1.35E+11,3.78E-05,NA,,NA,26.402767,28.20805365,1.807980167,1.5
New Zealand,NZL,2003,5100000,1.45E+11,3.52E-05,NA,,NA,24.699684,29.24813843,2.043170657,1.1
New Zealand,NZL,2004,5097000,1.55E+11,3.29E-05,NA,,NA,22.5091,29.25793128,1.555790266,1.1
New Zealand,NZL,2005,5095000,1.63E+11,3.13E-05,NA,,NA,20.791749,30.31290683,1.198297255,1.5
New Zealand,NZL,2006,5095000,1.72E+11,2.96E-05,NA,,NA,18.396755,31.96581296,1.287272925,1.2
New Zealand,NZL,2007,5095000,1.87E+11,2.72E-05,NA,,NA,16.299076,30.08199266,0.862952376,1.1
New Zealand,NZL,2008,5094000,1.90E+11,2.68E-05,NA,,NA,18.981063,31.49015389,0.779170376,1.2
New Zealand,NZL,2009,5094000,1.94E+11,2.63E-05,NA,,NA,24.324092,29.59184625,0.93018233,1.5
New Zealand,NZL,2010,5094000,2.03E+11,2.51E-05,NA,,NA,29.687725,26.06159031,1.04210166,1
New Zealand,NZL,2011,5094000,2.13E+11,2.39E-05,NA,,NA,34.688457,25.55528881,0.692820855,0.9
New Zealand,NZL,2012,5093000,2.17E+11,2.35E-05,NA,,NA,35.723017,26.82136875,0.619042484,0.9
New Zealand,NZL,2013,5093000,2.33E+11,2.19E-05,NA,,NA,34.604194,26.6464712,0.837960847,1
New Zealand,NZL,2014,5093000,2.42E+11,2.10E-05,NA,,NA,34.244282,26.82236744,1.579898365,0.9
New Zealand,NZL,2015,5090000,2.54E+11,2.00E-05,NA,,NA,34.371207,27.46937792,1.958559292,1
New Zealand,NZL,2016,5089596,2.70E+11,1.89E-05,NA,,NA,33.526665,27.39266309,2.167680675,1.1
New Zealand,NZL,2017,5089475,2.85E+11,1.79E-05,NA,,NA,31.585377,27.76920602,2.199327454,0.7
New Zealand,NZL,2018,5089132,2.96E+11,1.72E-05,NA,,NA,29.842597,NA,1.975960835,NA
Canada,CAN,1961,NA,42099000000,NA,NA,2.811666667,NA,NA,NA,2.876210515,NA
Canada,CAN,1962,NA,45816000000,NA,NA,4.0525,NA,NA,NA,3.038539008,NA
Canada,CAN,1963,NA,49302000000,NA,NA,3.561666667,NA,NA,NA,3.009533548,NA
Canada,CAN,1964,NA,54067000000,NA,NA,3.749166667,NA,NA,NA,3.001383051,NA
Canada,CAN,1965,NA,59658000000,NA,NA,3.984166667,NA,NA,NA,2.892943143,NA
Canada,CAN,1966,NA,66810000000,NA,NA,4.995,NA,NA,NA,2.886473167,NA
Canada,CAN,1967,NA,71912000000,NA,NA,4.640833333,NA,NA,NA,2.493558436,NA
Canada,CAN,1968,NA,78569000000,NA,NA,6.2675,NA,NA,NA,2.294780457,NA
Canada,CAN,1969,NA,86518000000,NA,NA,7.1925,NA,NA,NA,2.025906591,NA
Canada,CAN,1970,NA,91842629900,NA,NA,5.990833333,NA,NA,NA,2.051615806,NA
Canada,CAN,1971,NA,1.00E+11,NA,NA,3.5625,NA,NA,NA,3.522847016,NA
Canada,CAN,1972,NA,1.12E+11,NA,NA,3.560833333,NA,NA,NA,1.0043341,NA
Canada,CAN,1973,NA,1.31E+11,NA,NA,5.47,NA,NA,NA,1.06453522,NA
Canada,CAN,1974,NA,1.57E+11,NA,NA,7.824166667,NA,NA,NA,1.237690137,NA
Canada,CAN,1975,NA,1.77E+11,NA,NA,7.395,NA,NA,NA,1.300845615,NA
Canada,CAN,1976,NA,2.04E+11,NA,NA,8.8675,NA,NA,NA,1.172868786,NA
Canada,CAN,1977,NA,2.25E+11,NA,NA,7.331666667,NA,NA,NA,1.223220604,NA
Canada,CAN,1978,NA,2.49E+11,NA,NA,8.675833333,NA,NA,NA,1.048392076,NA
Canada,CAN,1979,NA,2.85E+11,NA,NA,11.6875,NA,NA,NA,1.042607242,NA
Canada,CAN,1980,11108000000,3.20E+11,0.034691913,NA,12.79333333,NA,NA,NA,1.342472215,NA
Canada,CAN,1981,11636000000,3.67E+11,0.031695272,NA,17.72,NA,NA,NA,1.298137562,NA
Canada,CAN,1982,12719000000,3.87E+11,0.032884922,NA,13.6575,NA,NA,NA,1.403366956,NA
Canada,CAN,1983,14163000000,4.20E+11,0.033746256,NA,9.31,NA,NA,NA,1.200454322,NA
Canada,CAN,1984,15236000000,4.60E+11,0.033104251,NA,11.05916667,NA,NA,NA,1.154242953,NA
Canada,CAN,1985,16672000000,4.98E+11,0.033472871,NA,9.43,NA,NA,NA,1.122230862,NA
Canada,CAN,1986,17911000000,5.24E+11,0.034151969,NA,8.970833333,NA,NA,NA,1.187689414,NA
Canada,CAN,1987,19447000000,5.72E+11,0.034002651,NA,8.145833333,NA,NA,NA,1.344305762,NA
Canada,CAN,1988,21032000000,6.24E+11,0.033683482,NA,9.4825,NA,NA,NA,1.32275789,NA
Canada,CAN,1989,22093000000,6.69E+11,0.033022633,NA,12.05416667,NA,NA,NA,1.820319161,NA
Canada,CAN,1990,22970000000,6.93E+11,0.033145887,NA,12.80833333,NA,51.031579,14.16312048,1.533778783,2.4
Canada,CAN,1991,24481000000,6.99E+11,0.035010218,NA,8.726666667,NA,55.909063,14.4495626,1.29236942,2.7
Canada,CAN,1992,25609000000,7.16E+11,0.035765811,NA,6.585,6.75,59.063393,14.35716091,1.531544853,2.6
Canada,CAN,1993,27237000000,7.45E+11,0.036578978,NA,4.843333333,4,62.499916,13.69687137,1.442998242,2.2
Canada,CAN,1994,28329000000,7.90E+11,0.035881886,NA,5.538333333,5.69,63.085715,13.11451323,1.434271599,2.1
Canada,CAN,1995,28778000000,8.29E+11,0.034715244,NA,6.8925,5.78,64.188655,13.3295053,1.371351563,2
Canada,CAN,1996,29109000000,8.57E+11,0.033965249,NA,4.206666667,3,64.518001,13.92401371,1.400008831,2.1
Canada,CAN,1997,30542000000,9.04E+11,0.033789136,NA,3.258333333,4.25,61.484049,14.61599734,1.491580581,2
Canada,CAN,1998,32638000000,9.37E+11,0.034821481,NA,4.730833333,5,58.710246,14.71916526,1.318879885,1.9
Canada,CAN,1999,40143000000,1.00E+12,0.039964837,NA,4.71975,4.75,52.917709,14.75054208,1.293116804,1.8
Canada,CAN,2000,36775000000,1.10E+12,0.033359549,NA,5.489833333,5.75,46.190936,14.90734164,1.404225954,1.8
Canada,CAN,2001,38821000000,1.14E+12,0.03403843,NA,3.768583333,2.25,46.009595,14.23159039,1.50320904,1.8
Canada,CAN,2002,41147000000,1.19E+12,0.034593241,NA,2.58575,2.75,42.917029,13.42525802,1.185132208,1.9
Canada,CAN,2003,42191000000,1.25E+12,0.033744242,NA,2.870083333,2.75,40.477502,13.27575327,1.000212478,1.7
Canada,CAN,2004,44241000000,1.33E+12,0.033234449,NA,2.219916667,2.5,36.570606,13.39031039,1.03051181,2
Canada,CAN,2005,46078000000,1.42E+12,0.032517353,NA,2.726083333,3.25,36.145127,13.34214991,1.040618588,2.1
Canada,CAN,2006,48762000000,1.49E+12,0.032677772,NA,4.034166667,4.25,33.70055,13.38728474,1.123846755,1.9
Canada,CAN,2007,50565000000,1.57E+12,0.032134713,NA,4.151666667,4.25,29.826224,13.36941352,1.199018842,1.8
Canada,CAN,2008,53731000000,1.65E+12,0.032506656,NA,2.39,1.5,34.812998,12.42102627,1.309029905,1.8
Canada,CAN,2009,55468000000,1.57E+12,0.035389332,NA,0.35,0.25,42.658149,12.33554405,1.364893948,1.8
Canada,CAN,2010,57874000000,1.66E+12,0.034819157,NA,0.5975,1,43.272009,11.76044487,1.333268714,1.6
Canada,CAN,2011,61029000000,1.77E+12,0.034481181,NA,0.921666667,1,44.226163,11.83153834,1.174952642,1.8
Canada,CAN,2012,63700000000,1.82E+12,0.034946083,NA,0.9725,1,45.349885,11.69256444,1.136362333,1.6
Canada,CAN,2013,66616000000,1.90E+12,0.035106654,NA,0.969166667,1,41.578039,11.65239901,1.107109995,1.4
Canada,CAN,2014,70024000000,1.99E+12,0.035184757,NA,0.91,1,39.85118,11.83636656,1.05460142,1.5
Canada,CAN,2015,75497000000,1.99E+12,0.038017914,NA,0.5,0.5,42.458473,12.41860444,0.796807975,1.7
Canada,CAN,2016,80479000000,2.02E+12,0.03976581,NA,0.5,0.5,41.360935,12.45503562,1.182792155,1.7
Canada,CAN,2017,85856000000,2.14E+12,0.040166024,NA,0.52,0.75,38.95003,12.52123949,1.247407091,1.8
Canada,CAN,2018,90193000000,2.22E+12,0.040644669,NA,,NA,36.625266,12.85025513,1.484202357,NA
Austria,AUT,1870,296.89,3530.695,0.08408826,,5.333,NA,2.25E-04,0.100708359,NA,NA
Austria,AUT,1871,317.33,3862.438,0.082157953,,5.688,NA,1.81E-06,0.092246659,NA,NA
Austria,AUT,1872,318.36,4158.194,0.076562084,,6.083,NA,0.004552048,0.088309011,NA,NA
Austria,AUT,1873,358.94,4121.227,0.087095421,,5.25,NA,0.004694282,0.096779794,NA,NA
Austria,AUT,1874,293.76,4239.131,0.069297222,,4.594,NA,0.005375677,0.094417464,NA,NA
Austria,AUT,1875,286.24,4092.282,0.069946304,,4.354,NA,0.011663688,0.095732406,NA,NA
Austria,AUT,1876,295.9,4042.242,0.073201951,,4.125,NA,0.019709631,0.094358032,NA,NA
Austria,AUT,1877,282.2,4196.653,0.067244063,,4.125,NA,0.036533661,0.092485726,NA,NA
Austria,AUT,1878,288.8,4135.694,0.069831085,,4.083,NA,0.0547224,0.099281281,NA,NA
Austria,AUT,1879,316.7,3991.103,0.079351498,,3.542,NA,0.09831192,0.098911504,NA,NA
Austria,AUT,1880,328.6,4079.801,0.080543144,,3.188,NA,0.100155865,0.103484704,NA,NA
Austria,AUT,1881,354.2,4150.449,0.085340164,,3.552,NA,0.106563169,0.106574734,NA,NA
Austria,AUT,1882,368.6,4154.974,0.08871295,,3.76,NA,0.116209151,0.116987134,NA,NA
Austria,AUT,1883,380.4,4254.3,0.089415415,,3.729,NA,0.117515455,0.114950051,NA,NA
Austria,AUT,1884,375.7,4313.839,0.087091799,,3.667,NA,0.125057287,0.118318046,NA,NA
Austria,AUT,1885,363.6,4105.754,0.088558642,,3.313,NA,0.134256461,0.127766057,NA,NA
Austria,AUT,1886,371.7,3997.603,0.092980719,,3.292,NA,0.161745176,0.131254654,NA,NA
Austria,AUT,1887,391.1,4286.029,0.091249966,,3.583,NA,0.206384978,0.123371307,NA,NA
Austria,AUT,1888,425.7,4224.385,0.100772065,,3.563,NA,0.250601448,0.121601724,NA,NA
Austria,AUT,1889,434.7,4308.738,0.100888009,,3.729,NA,0.245246752,0.130523949,NA,NA
Austria,AUT,1890,445.9,4539.126,0.09823477,,4.094,NA,0.233263628,0.128177649,NA,NA
Austria,AUT,1891,455.2,4657.257,0.097739936,,4.068,NA,0.226633617,0.128983326,NA,NA
Austria,AUT,1892,478,4564.225,0.104727528,,3.682,NA,0.235636937,0.135334586,NA,NA
Austria,AUT,1893,486.6,4594.474,0.105909839,,3.807,NA,0.267012938,0.143468545,NA,NA
Austria,AUT,1894,507.8,4822.946,0.105288345,,3.594,NA,0.264169244,0.136908956,NA,NA
Austria,AUT,1895,619.9,5026.186,0.123334075,,4.203,NA,0.285547928,0.138942928,NA,NA
Austria,AUT,1896,659.7,4839.589,0.136313228,,3.859,NA,0.296334461,0.146261904,NA,NA
Austria,AUT,1897,699.9,4973.327,0.140730742,,3.714,NA,0.29612913,0.149015237,NA,NA
Austria,AUT,1898,737.5,5280.599,0.139662186,,3.974,NA,0.280157232,0.148055931,NA,NA
Austria,AUT,1899,729,5525.026,0.13194508,,4.833,NA,0.286289693,0.144626107,NA,NA
Austria,AUT,1900,1494,11049.791,0.135206177,,4.339,NA,0.30556406,0.149707085,NA,NA
Austria,AUT,1901,1584.9,11042.468,0.143527697,,3.693,NA,0.327746388,0.152754348,NA,NA
Austria,AUT,1902,1635.2,11408.154,0.143336073,,2.745,NA,0.319122007,0.151434229,NA,NA
Austria,AUT,1903,1770.8,11684.003,0.151557647,,3.099,NA,0.32192674,0.15044433,NA,NA
Austria,AUT,1904,1751.3,12117.856,0.144522265,,3.198,NA,0.319575344,0.148359083,NA,NA
Austria,AUT,1905,1847,13514.157,0.136671492,,3.396,NA,0.29820802,0.139261443,NA,NA
Austria,AUT,1906,1982,14287.829,0.138719465,,4.146,NA,0.296983398,0.140573841,NA,NA
Austria,AUT,1907,2028,15559.206,0.130340841,,4.734,NA,0.29467217,0.144805076,NA,NA
Austria,AUT,1908,2112.9,15987.245,0.132161608,,3.854,NA,0.296109742,0.149393094,NA,NA
Austria,AUT,1909,2188,16357.106,0.133764494,,3.339,NA,0.337752717,0.170916726,NA,NA
Austria,AUT,1910,2375.9,16934.118,0.140302554,,3.833,NA,0.408144434,0.170985699,NA,NA
Austria,AUT,1911,2541,18120.258,0.140229791,,4.13,NA,0.389709021,0.170126275,NA,NA
Austria,AUT,1912,2815.8,19394.692,0.145184053,,4.891,NA,0.377049195,0.163617396,NA,NA
Austria,AUT,1913,2493.6,19140.8,0.130276686,,5.698,NA,0.390127163,0.182128124,NA,NA
Austria,AUT,1925,950.4,10296,0.092307692,NA,,NA,NA,NA,NA,NA
Austria,AUT,1926,1024.1,10283,0.099591559,NA,,NA,NA,NA,NA,NA
Austria,AUT,1927,1082.2,11110,0.097407741,NA,,NA,NA,NA,NA,NA
Austria,AUT,1928,1156.5,11678,0.099032369,NA,,NA,NA,NA,NA,NA
Austria,AUT,1929,1187.3,12087,0.098229503,NA,,NA,NA,NA,NA,NA
Austria,AUT,1930,1181.9,11560,0.102240484,NA,,NA,NA,NA,NA,NA
Austria,AUT,1931,1281.1,10360,0.123658301,NA,,NA,NA,NA,NA,NA
Austria,AUT,1932,1010.5,9550,0.105811518,NA,,NA,NA,NA,NA,NA
Austria,AUT,1933,1048.6,9020,0.116252772,NA,,NA,NA,NA,NA,NA
Austria,AUT,1934,1072.5,8980,0.119432071,NA,,NA,NA,NA,NA,NA
Austria,AUT,1935,1101.8,9140,0.120547046,NA,,NA,NA,NA,NA,NA
Austria,AUT,1936,1068.6,9316,0.114705882,NA,,NA,NA,NA,NA,NA
Austria,AUT,1937,1068.9,9822,0.108827123,NA,,NA,NA,NA,NA,NA
Austria,AUT,1947,4400,27764,0.158478605,NA,,NA,NA,NA,NA,NA
Austria,AUT,1948,5746.5,32111,0.178957367,NA,,NA,NA,NA,NA,NA
Austria,AUT,1949,5844.2,41606,0.140465318,NA,,NA,NA,NA,NA,NA
Austria,AUT,1950,6477.9,51993,0.124591772,NA,,NA,20.926777,NA,NA,NA
Austria,AUT,1951,8183.3,69190,0.118272872,NA,,NA,14.439408,NA,NA,NA
Austria,AUT,1952,9251.3,80128,0.11545652,NA,,NA,12.841719,NA,NA,NA
Austria,AUT,1953,10755.3,82652,0.130127523,NA,,NA,15.711368,NA,NA,NA
Austria,AUT,1954,12540.4,93574,0.134015859,NA,,NA,13.668098,NA,NA,NA
Austria,AUT,1955,13341.2,107296,0.124340143,NA,,NA,11.37848,NA,NA,NA
Austria,AUT,1956,14597.9,119303,0.122359874,NA,,NA,10.454991,NA,NA,NA
Austria,AUT,1957,15835.2,132068,0.119901869,NA,,NA,7.9466084,NA,NA,NA
Austria,AUT,1958,17297.6,137178,0.126096021,NA,,NA,10.918437,NA,NA,NA
Austria,AUT,1959,18385.4,145900,0.126013708,NA,,NA,12.995008,NA,NA,NA
Austria,AUT,1960,19425.9,162893,0.119255585,NA,,NA,13.128931,NA,0.684001619,NA
Austria,AUT,1961,21656.5,180726,0.119830572,NA,,NA,11.847555,NA,0.693616919,NA
Austria,AUT,1962,23217.3,192134,0.120839102,NA,,NA,11.480841,NA,0.688471401,NA
Austria,AUT,1963,24818.2,207083,0.119846632,NA,,NA,11.594306,NA,0.719407568,NA
Austria,AUT,1964,26646.5,226730,0.11752525,NA,,NA,11.543153,NA,0.742017957,NA
Austria,AUT,1965,28514.1,246491,0.115680086,NA,,NA,10.992222,NA,0.725129202,NA
Austria,AUT,1966,30632.7,268532,0.114074673,NA,,NA,10.448447,NA,0.778261603,NA
Austria,AUT,1967,32330.7,285593,0.113205506,NA,,NA,11.601721,NA,0.82271009,NA
Austria,AUT,1968,33655.7,306833,0.109687354,NA,,NA,12.440094,NA,0.594482374,NA
Austria,AUT,1969,35405.1,335000,0.105686866,NA,,NA,12.472411,NA,0.420510194,NA
Austria,AUT,1970,36952.9,375885,0.098309057,NA,,NA,11.991956,NA,0.42587062,NA
Austria,AUT,1971,40480.1,419624,0.096467552,NA,,NA,10.591748,NA,0.512120902,NA
Austria,AUT,1972,46411.7,479544,0.096782986,NA,,NA,9.863281,17.88878555,0.596495457,NA
Austria,AUT,1973,50746.8,543458,0.093377593,NA,,NA,9.8265921,18.19695085,0.569350304,NA
Austria,AUT,1974,54989.2,618563,0.088898301,NA,,NA,9.4249146,18.39734099,0.185526977,NA
Austria,AUT,1975,57894.2,656116,0.088237751,NA,,NA,14.515826,18.01092541,-0.250023853,NA
Austria,AUT,1976,60897.1,724745,0.084025554,NA,,NA,17.520459,17.86233238,-0.161373853,NA
Austria,AUT,1977,64403.9,843169,0.076383145,NA,,NA,19.485262,17.99929309,0.053705672,NA
Austria,AUT,1978,69789.4,891817,0.078255292,NA,,NA,22.331141,18.77754986,-0.065680146,NA
Austria,AUT,1979,74608.8,978249,0.076267699,NA,,NA,23.724781,18.55011641,-0.155150463,NA
Austria,AUT,1980,79739.4,1050724,0.075889958,NA,,NA,24.981411,18.5780047,0.015396241,NA
Austria,AUT,1981,80925.5,1119680,0.072275561,NA,,NA,26.530172,18.94982574,0.213722207,NA
Austria,AUT,1982,83938.5,1203367,0.069753035,NA,,NA,28.591049,18.19042046,-0.333003715,NA
Austria,AUT,1983,92309,1282178,0.071993904,NA,,NA,32.690166,18.03258877,-0.567951938,NA
Austria,AUT,1984,93723.4,1346333,0.069613833,NA,,NA,35.1493,18.96407744,-0.41740401,NA
Austria,AUT,1985,94525.2,1420861,0.066526705,NA,,NA,37.312926,18.10378406,-0.364294045,NA
Austria,AUT,1986,98140.7,1496456,0.065582082,NA,,NA,41.662655,17.97233671,-0.354093544,NA
Austria,AUT,1987,102853.1,1553728,0.066197623,NA,,NA,45.372865,17.72008411,-0.356097125,NA
Austria,AUT,1988,108447.9,1629442,0.066555238,NA,,NA,45.361048,18.56280078,-0.281167821,NA
Austria,AUT,1989,117816.7,1742967,0.067595485,NA,,NA,45.444244,17.80575181,0.025989652,NA
Austria,AUT,1990,124716.1,1873265,0.066576859,NA,,NA,45.530697,17.98108328,0.332494358,1.2
Austria,AUT,1991,133367.2,2008306,0.066407808,NA,,NA,46.221909,18.16717858,0.567072342,1.3
Austria,AUT,1992,141177.1,2121684,0.066540116,NA,,NA,46.282692,18.92048054,0.665705624,1.2
Austria,AUT,1993,149753.8,2191666,0.068328751,NA,,NA,50.044121,18.93545576,0.386303389,1
Austria,AUT,1994,158340.5,2300980,0.068814375,NA,,NA,52.72628,18.34557306,-0.057029695,1.1
Austria,AUT,1995,168607.3,2405201,0.070101127,NA,,NA,55.248084,24.60010617,-0.290743622,1
Austria,AUT,1996,176727.9,2506201,0.070516251,NA,,NA,55.611646,25.94003601,-0.314066228,1.2
Austria,AUT,1997,178845.9,2591198,0.069020546,NA,,NA,56.834379,26.79771217,-0.336146843,0.8
Austria,AUT,1998,176708.6,2694655,0.065577449,NA,,NA,56.839792,26.88984546,-0.345078398,1
Austria,AUT,1999,13328,203851,0.065381087,NA,,NA,57.872775,26.6278222,-0.262302086,0.7
Austria,AUT,2000,13934,213606,0.06523225,NA,,NA,56.508138,26.22507988,-0.220175992,1
Austria,AUT,2001,10172,220525,0.04612629,NA,,NA,55.056343,27.96557199,-0.081625277,0.9
Austria,AUT,2002,10238,226735,0.045154034,NA,,NA,54.668618,26.97550032,0.025369868,0.8
Austria,AUT,2003,11691,231862,0.050422234,NA,,NA,54.721225,26.64696993,0.016674641,0.6
Austria,AUT,2004,13416,242348,0.05535841,NA,,NA,55.931896,26.30867249,0.14603312,0.7
Austria,AUT,2005,15128,254075,0.059541474,NA,,NA,55.624914,25.51395546,0.204609525,0.7
Austria,AUT,2006,16815,267824,0.062783768,NA,,NA,54.238897,25.05044256,0.01586968,0.7
Austria,AUT,2007,18053,283978,0.063571826,NA,,NA,51.896978,25.39199432,-0.160527934,0.5
Austria,AUT,2008,20297,293762,0.069093348,NA,,NA,55.13683,26.07751972,-0.173990969,0.7
Austria,AUT,2009,20640,288044,0.071655719,NA,,NA,58.572649,25.22516524,-0.227452142,0.6
Austria,AUT,2010,21492,295897,0.072633383,NA,,NA,59.740463,25.28163551,-0.253173146,0.7
Austria,AUT,2011,22687,310129,0.07315343,NA,,NA,59.064511,25.42798528,-0.158921842,0.9
Austria,AUT,2012,23298,318653,0.073114014,NA,,NA,59.48475,25.92819764,0.511947896,0.9
Austria,AUT,2013,24497,323910,0.075629033,NA,,NA,59.875237,26.41517309,0.919560199,0.7
Austria,AUT,2014,26237,333146,0.07875526,NA,,NA,58.896382,26.41789831,1.112385233,0.5
Austria,AUT,2015,27795,344269,0.080736285,NA,,NA,57.838223,26.82700277,1.44900148,0.5
Austria,AUT,2016,28893,357300,0.080864819,NA,,NA,58.3181,25.51657449,1.4100618,0.7
Austria,AUT,2017,30035,370296,0.081110787,NA,,NA,57.107465,25.38010561,1.020478626,NA
Austria,AUT,2018,31585,385712,0.081887522,NA,,NA,54.819552,NA,0.909572158,NA
Euro Area,EMU,2002,3.59E+11,7.60E+12,0.047171875,NA,,NA,NA,18.46859479,0.8236264,NA
Euro Area,EMU,2003,4.36E+11,7.82E+12,0.055757381,NA,,NA,NA,18.23031048,0.886518741,NA
Euro Area,EMU,2004,5.01E+11,8.16E+12,0.061457977,NA,,NA,NA,18.0088828,0.886480319,NA
Euro Area,EMU,2005,5.65E+11,8.45E+12,0.066904756,NA,,NA,NA,18.2463782,0.848865737,NA
Euro Area,EMU,2006,6.28E+11,8.90E+12,0.070606781,NA,,NA,NA,18.65872107,0.790639362,NA
Euro Area,EMU,2007,6.77E+11,9.39E+12,0.07205085,NA,,NA,NA,18.79891631,0.829732275,NA
Euro Area,EMU,2008,7.63E+11,9.63E+12,0.079246246,NA,,NA,NA,18.25898864,0.795026794,NA
Euro Area,EMU,2009,8.06E+11,9.28E+12,0.086881335,NA,,NA,NA,17.6008799,0.630295184,NA
Euro Area,EMU,2010,8.40E+11,9.54E+12,0.088049871,NA,,NA,NA,17.97453035,0.544002836,NA
Euro Area,EMU,2011,8.89E+11,9.80E+12,0.090714523,NA,,NA,NA,18.05466873,0.083597782,NA
Euro Area,EMU,2012,9.13E+11,9.83E+12,0.092800799,NA,,NA,NA,18.49257414,0.505410197,NA
Euro Area,EMU,2013,9.56E+11,9.93E+12,0.09630129,NA,,NA,NA,18.95858735,0.61220184,NA
Euro Area,EMU,2014,1.02E+12,1.02E+13,0.100017785,NA,,NA,NA,18.99756216,0.608147189,NA
Euro Area,EMU,2015,1.08E+12,1.05E+13,0.103023388,NA,,NA,NA,18.91659131,0.594090317,NA
Euro Area,EMU,2016,1.13E+12,1.08E+13,0.104221904,NA,,NA,NA,18.79257805,0.601111868,NA
Euro Area,EMU,2017,1.17E+12,1.12E+13,0.104680684,NA,,NA,NA,18.99061311,0.442821235,NA
Euro Area,EMU,2018,1.23E+12,1.15E+13,0.10664731,NA,,NA,NA,NA,0.470838245,NA
India,IND,1965,28410000000,2.84E+11,0.1,NA,,NA,36.732696,NA,3.096727261,NA
India,IND,1966,31120000000,3.21E+11,0.0969,NA,,NA,36.377748,NA,3.100375552,NA
India,IND,1967,32890000000,3.76E+11,0.0875,NA,,NA,33.994221,NA,3.108193212,NA
India,IND,1968,34680000000,3.98E+11,0.0871,NA,,NA,40.309245,NA,3.125058677,NA
India,IND,1969,37940000000,4.38E+11,0.0866,NA,,NA,38.779648,NA,3.160537694,NA
India,IND,1970,41600000000,4.68E+11,0.0889,NA,,NA,38.183503,NA,3.211618263,NA
India,IND,1971,45570000000,5.01E+11,0.091,NA,,NA,37.583009,NA,3.420148101,NA
India,IND,1972,50060000000,5.52E+11,0.0907,NA,,NA,37.157028,NA,3.938456254,NA
India,IND,1973,56800000000,6.72E+11,0.0845,NA,,NA,34.129334,NA,3.947983098,NA
India,IND,1974,65950000000,7.94E+11,0.0831,NA,,NA,28.767862,8.18112069,3.955226287,NA
India,IND,1975,67010000000,8.52E+11,0.0787,NA,,NA,28.86382,9.024502692,3.93321082,NA
India,IND,1976,70530000000,9.18E+11,0.0768,NA,,NA,33.639179,9.181837771,3.909014346,NA
India,IND,1977,82880000000,1.04E+12,0.0797,NA,,NA,37.026388,8.597094001,3.888479109,NA
India,IND,1978,91520000000,1.13E+12,0.081,NA,,NA,36.604854,9.302274308,3.876722529,NA
India,IND,1979,1.08E+11,1.24E+12,0.0874,NA,,NA,38.761404,9.689048691,3.877550903,NA
India,IND,1980,1.24E+11,1.47E+12,0.0842,NA,,NA,37.378346,9.026071522,3.889168155,NA
India,IND,1981,1.43E+11,1.73E+12,0.0827,NA,,NA,36.540862,9.213690094,3.695379284,NA
India,IND,1982,1.54E+11,1.93E+12,0.0798,NA,,NA,40.978317,9.26912113,3.306080655,NA
India,IND,1983,1.76E+11,2.25E+12,0.0784,NA,,NA,38.963718,9.268497184,3.296702793,NA
India,IND,1984,2.06E+11,2.52E+12,0.0819,NA,,NA,40.844696,9.306539642,3.270975477,NA
India,IND,1985,2.39E+11,2.85E+12,0.0838,NA,,NA,43.51558,10.0754183,3.229712656,NA
India,IND,1986,2.65E+11,3.18E+12,0.0834,NA,,NA,47.039176,10.42730861,3.189642097,NA
India,IND,1987,2.99E+11,3.62E+12,0.0826,NA,,NA,48.024402,10.40830972,3.14729847,NA
India,IND,1988,3.51E+11,4.29E+12,0.0819,NA,,NA,48.063844,10.35673776,3.108959339,NA
India,IND,1989,4.01E+11,4.93E+12,0.0814,NA,,NA,49.759437,10.46834426,3.071801218,NA
India,IND,1990,4.83E+11,5.76E+12,0.0838,NA,,NA,49.895311,9.993591157,3.027877664,5.1
India,IND,1991,5.53E+11,6.62E+12,0.0835,NA,,NA,49.247174,10.17092218,2.939881946,5.5
India,IND,1992,6.37E+11,7.61E+12,0.0838,NA,,NA,42.094871,9.805228208,2.799132422,5.5
India,IND,1993,7.13E+11,8.76E+12,0.0814,NA,,NA,50.87889,8.535233416,2.764122219,5.2
India,IND,1994,8.54E+11,1.03E+13,0.0829,NA,,NA,48.871916,8.981771801,2.734273763,5
India,IND,1995,1.05E+12,1.21E+13,0.0865,NA,,NA,46.61245,9.22682447,2.703761542,4.8
India,IND,1996,1.23E+12,1.39E+13,0.0882,NA,,NA,44.877201,9.23146847,2.681386345,4.8
India,IND,1997,1.37E+12,1.55E+13,0.0885,NA,,NA,,9.008577517,2.652907845,4.8
India,IND,1998,1.51E+12,1.77E+13,0.0853,NA,,NA,54.880335,8.113143317,2.620969505,4.9
India,IND,1999,1.76E+12,1.99E+13,0.0884,NA,,NA,52.234777,8.638299821,2.584457771,4.6
India,IND,2000,1.97E+12,2.14E+13,0.0921,NA,,NA,55.595253,8.810143285,2.544616777,4.6
India,IND,2001,2.18E+12,2.32E+13,0.0941,NA,,NA,57.009132,8.079454251,2.63189526,4.3
India,IND,2002,2.51E+12,2.49E+13,0.101,NA,,NA,59.82358,8.676273723,2.850502993,4.2
India,IND,2003,2.82E+12,2.79E+13,0.101,NA,,NA,57.215179,9.108084104,2.806108118,4
India,IND,2004,3.27E+12,3.19E+13,0.103,NA,,NA,55.133145,9.570816851,2.767125214,4.1
India,IND,2005,3.69E+12,3.63E+13,0.102,NA,,6.25,52.180952,10.08093058,2.721832959,3.9
India,IND,2006,4.30E+12,4.25E+13,0.101,NA,,7.25,49.089628,11.12933701,2.681685474,3.9
India,IND,2007,5.04E+12,4.90E+13,0.103,NA,,7.75,47.435384,12.10834714,2.642483661,3.8
India,IND,2008,5.91E+12,5.51E+13,0.107,NA,,6.5,47.496185,10.97717292,2.595371477,3.8
India,IND,2009,6.91E+12,6.37E+13,0.109,NA,,4.75,49.355031,9.8097247,2.531696007,3.8
India,IND,2010,8.00E+12,7.63E+13,0.105,NA,,6.25,44.7436,10.38803993,2.46548964,3.8
India,IND,2011,9.50E+12,8.74E+13,0.109,NA,,8.5,45.774017,10.1773872,2.401019936,3.8
India,IND,2012,1.07E+13,9.94E+13,0.107,NA,,8,47.092134,10.83677172,2.369769079,3.8
India,IND,2013,1.19E+13,1.12E+14,0.106,NA,,7.5,46.981927,11.00162569,2.342731786,3.6
India,IND,2014,1.30E+13,1.25E+14,0.104,NA,,8,46.025387,9.984654191,2.329106445,3.7
India,IND,2015,1.45E+13,1.38E+14,0.105,NA,,6.75,45.77384,10.56970905,2.322890672,3.4
India,IND,2016,1.66E+13,1.54E+14,0.108,NA,,6.25,45.619272,11.08709284,2.317931183,3.2
Mexico,MEX,1985,1888131000,50151964000,0.037648197,NA,63.20333333,NA,32.251807,12.31257863,2.916494856,NA
Mexico,MEX,1986,3385042000,82317749000,0.041121654,NA,88.57083333,NA,50.651227,11.86499888,2.83948249,NA
Mexico,MEX,1987,8065284000,2.03E+11,0.039730463,NA,103.07,NA,55.801133,12.74757437,2.765141343,NA
Mexico,MEX,1988,14522268000,4.13E+11,0.035162877,NA,69.53416667,NA,38.651786,11.41196198,2.696707041,NA
Mexico,MEX,1989,19660245000,5.45E+11,0.036073844,NA,44.99333333,NA,38.165738,12.13921122,2.635735815,NA
Mexico,MEX,1990,27077501000,7.35E+11,0.036840137,NA,34.75916667,NA,37.789961,11.84836466,2.543521563,17
Mexico,MEX,1991,36171727000,9.45E+11,0.03827696,NA,19.2775,NA,30.946163,11.59449261,2.406778692,17.4
Mexico,MEX,1992,42015433000,1.12E+12,0.037513779,NA,15.62166667,NA,22.79349,11.60243534,2.356479713,18.7
Mexico,MEX,1993,47192859000,1.56E+12,0.030251833,NA,14.93083333,NA,20.375136,9.070611435,2.302023727,17.7
Mexico,MEX,1994,56920386000,1.78E+12,0.031977745,NA,14.0975,NA,28.156432,8.491921675,2.24435636,17.2
Mexico,MEX,1995,66808632000,2.31E+12,0.028921486,NA,48.43833333,NA,32.458382,8.479624617,2.180990408,16.6
Mexico,MEX,1996,83991071000,3.12E+12,0.026920215,NA,31.39166667,NA,25.166004,8.742981656,2.016522731,15.2
Mexico,MEX,1997,1.09E+11,3.96E+12,0.027458492,NA,19.8025,NA,20.649131,8.987730676,1.910392853,13.9
Mexico,MEX,1998,1.31E+11,4.81E+12,0.027257537,NA,24.76166667,NA,22.243624,8.155611883,1.863119807,13.8
Mexico,MEX,1999,1.89E+11,5.74E+12,0.032877744,NA,21.41083333,NA,20.485047,8.608136185,1.819351942,12.2
Mexico,MEX,2000,2.09E+11,6.69E+12,0.031222701,NA,15.24416667,NA,19.069494,9.572861438,1.81785642,10.6
Mexico,MEX,2001,2.25E+11,7.07E+12,0.031856115,NA,11.30583333,NA,18.479911,NA,1.835298563,10
Mexico,MEX,2002,2.64E+11,7.46E+12,0.035380281,NA,7.085,NA,20.176972,NA,1.798518292,9.7
Mexico,MEX,2003,3.04E+11,7.87E+12,0.038578664,NA,6.225,NA,21.192571,NA,1.783524045,9.5
Mexico,MEX,2004,3.40E+11,8.83E+12,0.038525218,NA,6.815,NA,20.117455,NA,1.796818048,8.7
Mexico,MEX,2005,3.80E+11,9.56E+12,0.039752478,NA,9.2025,NA,19.568714,NA,1.824213753,9.1
Mexico,MEX,2006,4.50E+11,1.06E+13,0.042435971,NA,7.193333333,NA,20.027312,NA,1.859023212,9.5
Mexico,MEX,2007,4.95E+11,1.15E+13,0.04302117,NA,7.1875,NA,20.474247,NA,1.882062945,7.9
Mexico,MEX,2008,5.78E+11,1.24E+13,0.04657599,NA,7.6825,8.25,24.011392,10.02376741,1.887216757,12.3
Mexico,MEX,2009,6.32E+11,1.22E+13,0.051798187,NA,5.428333333,4.5,27.45133,9.679796263,1.861914567,17.1
Mexico,MEX,2010,6.93E+11,1.34E+13,0.051747994,NA,4.4025,4.5,26.895416,10.11091331,1.817966294,22
Mexico,MEX,2011,7.63E+11,1.47E+13,0.051938159,NA,4.24,4.5,27.656842,10.01240267,1.774460545,22.9
Mexico,MEX,2012,8.45E+11,1.58E+13,0.053506051,NA,4.2375,4.5,28.151823,9.773015605,1.730969794,21.5
Mexico,MEX,2013,9.18E+11,1.63E+13,0.05631136,NA,3.753333333,3.5,30.761159,10.29457862,1.689835569,18.8
Mexico,MEX,2014,1.06E+12,1.75E+13,0.060736686,NA,3,3,32.637716,10.63196811,1.650555763,16.1
Mexico,MEX,2015,1.24E+12,1.86E+13,0.066630486,NA,2.98,3.25,35.011148,12.79662196,1.610149619,16.5
Mexico,MEX,2016,1.42E+12,2.01E+13,0.070634503,NA,4.15,5.75,37.021205,13.54268202,1.57086664,19.3
Mexico,MEX,2017,1.54E+12,2.19E+13,0.070438865,NA,6.69,7.25,35.265804,13.04335906,1.527731513,24.8
Mexico,DEU,2018,1.67E+12,2.35E+13,0.071200228,NA,7.62,8.25,35.36016,NA,1.487619951,NA
Germany,DEU,1980,42900000000,NA,NA,NA,7.85,NA,15.206257,10.32161956,0.285710577,NA
Germany,DEU,1981,43000000000,NA,NA,NA,10.37,NA,17.178806,10.09493194,0.351166261,NA
Germany,DEU,1982,45300000000,NA,NA,NA,8.31483333,NA,18.698066,9.831625343,0.066424844,NA
Germany,DEU,1983,49300000000,NA,NA,NA,5.625,NA,19.697816,9.787434645,-0.267624344,NA
Germany,DEU,1984,51000000000,NA,NA,NA,5.66333333,NA,20.216102,10.22956262,-0.564774849,NA
Germany,DEU,1985,53100000000,NA,NA,NA,5.04,NA,20.667849,10.23570846,-0.542054059,NA
Germany,DEU,1986,57300000000,NA,NA,NA,3.86333333,NA,20.659505,9.975626997,-0.083594505,NA
Germany,DEU,1987,63400000000,NA,NA,NA,3.28416667,NA,21.169951,10.12293532,0.454745789,NA
Germany,DEU,1988,72900000000,NA,NA,NA,3.62083333,NA,21.671373,9.853756441,0.614218844,NA
Germany,DEU,1989,75600000000,NA,NA,NA,6.28416667,NA,21.07389,10.28965366,0.741824997,NA
Germany,DEU,1990,81100000000,NA,NA,NA,8.125,NA,23.250888,9.869626192,1.056365142,1.5
Germany,DEU,1991,87800000000,1.59E+12,0.055220126,NA,8.27083333,NA,22.773048,11.67388277,0.934907555,1.7
Germany,DEU,1992,1.03E+11,1.70E+12,0.060588235,NA,8.31666667,NA,24.847479,11.80060402,0.884470377,1.7
Germany,DEU,1993,1.08E+11,1.75E+12,0.061714286,NA,6.22083333,NA,27.069947,11.47579423,0.843967295,1.6
Germany,DEU,1994,1.15E+11,1.83E+12,0.06284153,NA,5.05,NA,28.815774,11.67312284,0.636244936,1.7
Germany,DEU,1995,1.21E+11,1.89E+12,0.064021164,NA,4.40416667,NA,35.465927,11.45196116,0.581105997,1.7
Germany,DEU,1996,1.26E+11,1.92E+12,0.065625,NA,3.30083333,NA,37.275448,10.87301175,0.574504624,1.5
Germany,DEU,1997,1.26E+11,1.96E+12,0.064285714,NA,3.32083333,NA,37.747546,10.69910375,0.427841044,1.4
Germany,DEU,1998,1.24E+11,2.01E+12,0.061691542,NA,3.41916667,NA,38.261634,10.81576431,0.295882538,1.2
Germany,DEU,1999,1.31E+11,2.06E+12,0.063592233,NA,2.88083333,NA,38.814798,11.479408,0.341913194,1.2
Germany,DEU,2000,1.26E+11,2.11E+12,0.05971564,NA,4.31833333,NA,37.954473,11.66384752,0.411941894,1.2
Germany,DEU,2001,68000000000,2.17E+12,0.031336406,NA,3.65916667,NA,36.162925,10.92510953,0.44131365,1.1
Germany,DEU,2002,94200000000,2.20E+12,0.042818182,NA,2.97083333,NA,36.771059,10.78197068,0.439144631,1.2
Germany,DEU,2003,1.08E+11,2.21E+12,0.048868778,NA,1.975,NA,38.660454,10.95640698,0.324324959,1.1
Germany,DEU,2004,1.26E+11,2.26E+12,0.055752212,NA,2.00416667,NA,39.549131,10.38910077,0.245211653,1.1
Germany,DEU,2005,1.43E+11,2.29E+12,0.062445415,NA,2.02916667,NA,41.111519,10.59881957,0.2081153,1.1
Germany,DEU,2006,1.60E+11,2.39E+12,0.066945607,NA,3.08333333,NA,41.008813,10.81462446,0.148771506,1
Germany,DEU,2007,1.72E+11,2.50E+12,0.0688,NA,,NA,39.377328,11.27234674,0.127167671,0.9
Germany,DEU,2008,1.95E+11,2.55E+12,0.076470588,NA,,NA,39.91235,11.39089057,0.067452495,0.9
Germany,DEU,2009,1.91E+11,2.45E+12,0.077959184,NA,,NA,44.266702,11.55803404,0.002247262,1
Germany,DEU,2010,2.00E+11,2.56E+12,0.078125,NA,,NA,52.020785,11.115788,0.100481934,1
Germany,DEU,2011,2.13E+11,2.69E+12,0.079182156,NA,,NA,49.899835,11.44177839,-1.601972315,0.9
Germany,DEU,2012,2.16E+11,2.75E+12,0.078545455,NA,,NA,50.553744,11.57120794,0.200687484,0.8
Germany,DEU,2013,2.27E+11,2.81E+12,0.080782918,NA,,NA,49.45809,11.55000991,0.285857247,0.8
Germany,DEU,2014,2.30E+11,2.93E+12,0.078498294,NA,,NA,47.703822,11.43902348,0.429833546,0.9
Germany,DEU,2015,2.44E+11,3.03E+12,0.080528053,NA,,NA,45.299416,11.34788085,0.878656939,0.8
Germany,DEU,2016,2.48E+11,3.13E+12,0.079233227,NA,,NA,43.611882,11.18186565,0.838301068,1.2
Germany,DEU,2017,2.53E+11,3.24E+12,0.07808642,NA,,NA,41.642347,11.35655745,0.421625392,1
Germany,DEU,2018,2.60E+11,3.34E+12,0.077844311,NA,,NA,39.558871,NA,0.393216796,NA